id_cliente;dt_entrega;dt_semana;qtd_aguas_entregues;qtd_aguas_ticket;obs_pedido;dt_estacao;dt_ano;dt_mes;cli_dias_desde_ultimo_pedido;cli_intervalo_medio;cli_frequencia_pedidos;cli_media_aguas_por_pedido;cli_total_pedidos;target_dt_proxima_compra;target_dias_ate_recompra;target_vai_comprar_15d
0089;2023-01-02;Segunda;1;03/03;;Verão;2023.0;1.0;0;5.91;1;1.01;1;2023-01-11;9;1
0102;2023-01-02;Segunda;1;0;;Verão;2023.0;1.0;0;;1;1.0;1;;0;0
0120;2023-01-02;Segunda;2;0;;Verão;2023.0;1.0;0;14.07;1;1.93;1;2023-01-18;16;0
0050;2023-01-02;Segunda;2;0;;Verão;2023.0;1.0;0;7.8;1;2.03;1;2023-01-09;7;1
0008;2023-01-02;Segunda;1;07/10;;Verão;2023.0;1.0;0;6.15;1;1.0;1;2023-01-06;4;1
0044;2023-01-02;Segunda;1;0;;Verão;2023.0;1.0;0;4.18;1;1.0;1;2023-01-06;4;1
0004;2023-01-04;Quarta;1;10/10;;Verão;2023.0;1.0;0;12.69;1;1.0;1;2023-01-17;13;1
0098;2023-01-04;Quarta;2;0;;Verão;2023.0;1.0;0;;1;2.0;1;;0;0
0097;2023-01-04;Quarta;2;0;;Verão;2023.0;1.0;0;10.3;1;2.05;1;2023-01-09;5;1
0010;2023-01-05;Quinta;4;11/15;;Verão;2023.0;1.0;0;5.97;1;2.0;1;2023-01-10;5;1
0095;2023-01-05;Quinta;1;0;;Verão;2023.0;1.0;0;16.5;1;1.0;1;2023-01-20;15;1
0061;2023-01-05;Quinta;2;0;;Verão;2023.0;1.0;0;10.91;1;1.93;1;2023-01-13;8;1
0019;2023-01-05;Quinta;1;0;;Verão;2023.0;1.0;0;7.39;1;1.34;1;2023-01-12;7;1
0099;2023-01-06;Sexta;1;0;;Verão;2023.0;1.0;0;8.71;1;1.39;1;2023-01-07;1;1
0008;2023-01-06;Sexta;1;08/10;;Verão;2023.0;1.0;4;6.15;2;1.0;2;2023-01-11;5;1
0129;2023-01-06;Sexta;1;0;;Verão;2023.0;1.0;0;4.33;1;1.06;1;2023-01-09;3;1
0044;2023-01-06;Sexta;1;0;;Verão;2023.0;1.0;4;4.18;2;1.0;2;2023-01-20;14;1
0081;2023-01-07;Sábado;1;0;;Verão;2023.0;1.0;0;17.92;1;1.02;1;2023-02-11;35;0
0099;2023-01-07;Sábado;1;0;;Verão;2023.0;1.0;1;8.71;2;1.39;2;2023-01-11;4;1
0097;2023-01-09;Segunda;2;0;;Verão;2023.0;1.0;5;10.3;2;2.05;2;2023-01-13;4;1
0129;2023-01-09;Segunda;1;0;;Verão;2023.0;1.0;3;4.33;2;1.06;2;2023-01-10;1;1
0050;2023-01-09;Segunda;2;0;;Verão;2023.0;1.0;7;7.8;2;2.03;2;2023-01-18;9;1
0003;2023-01-09;Segunda;2;0;;Verão;2023.0;1.0;0;2.0;1;2.0;1;2023-01-11;2;1
0010;2023-01-10;Terça;2;15/04;;Verão;2023.0;1.0;5;5.97;2;2.0;2;2023-01-19;9;1
0129;2023-01-10;Terça;1;0;;Verão;2023.0;1.0;1;4.33;3;1.06;3;2023-01-14;4;1
0008;2023-01-11;Quarta;1;09/10;;Verão;2023.0;1.0;5;6.15;3;1.0;3;2023-01-23;12;1
0099;2023-01-11;Quarta;1;0;;Verão;2023.0;1.0;4;8.71;3;1.39;3;2023-01-12;1;1
0003;2023-01-11;Quarta;2;0;;Verão;2023.0;1.0;2;2.0;2;2.0;2;;0;0
0089;2023-01-11;Quarta;1;02/05;;Verão;2023.0;1.0;9;5.91;2;1.01;2;2023-01-16;5;1
0127;2023-01-11;Quarta;2;0;;Verão;2023.0;1.0;0;11.09;1;1.1;1;2023-01-25;14;1
0099;2023-01-12;Quinta;1;0;;Verão;2023.0;1.0;1;8.71;4;1.39;4;2023-01-17;5;1
0019;2023-01-12;Quinta;1;0;;Verão;2023.0;1.0;7;7.39;2;1.34;2;2023-01-19;7;1
0097;2023-01-13;Sexta;2;0;;Verão;2023.0;1.0;4;10.3;3;2.05;3;2023-01-21;8;1
0126;2023-01-13;Sexta;1;0;;Verão;2023.0;1.0;0;21.71;1;1.0;1;2023-02-07;25;0
0111;2023-01-13;Sexta;1;0;;Verão;2023.0;1.0;0;;1;1.0;1;;0;0
0118;2023-01-13;Sexta;1;0;;Verão;2023.0;1.0;0;10.34;1;1.01;1;2023-01-30;17;0
0061;2023-01-13;Sexta;2;0;;Verão;2023.0;1.0;8;10.91;2;1.93;2;2023-01-18;5;1
0057;2023-01-14;Sábado;1;0;;Verão;2023.0;1.0;0;;1;1.0;1;;0;0
0020;2023-01-14;Sábado;2;0;;Verão;2023.0;1.0;0;6.7;1;1.91;1;2023-01-26;12;1
0129;2023-01-14;Sábado;1;0;;Verão;2023.0;1.0;4;4.33;4;1.06;4;2023-01-17;3;1
0021;2023-01-16;Segunda;2;0;;Verão;2023.0;1.0;0;16.35;1;1.66;1;2023-01-28;12;1
0104;2023-01-16;Segunda;1;0;;Verão;2023.0;1.0;0;10.0;1;1.0;1;2023-01-26;10;1
0089;2023-01-16;Segunda;1;03/03;;Verão;2023.0;1.0;5;5.91;3;1.01;3;2023-01-19;3;1
0099;2023-01-17;Terça;1;0;;Verão;2023.0;1.0;5;8.71;5;1.39;5;2023-02-02;16;0
0129;2023-01-17;Terça;1;0;;Verão;2023.0;1.0;3;4.33;5;1.06;5;2023-01-23;6;1
0004;2023-01-17;Terça;1;01/10;;Verão;2023.0;1.0;13;12.69;2;1.0;2;2023-01-26;9;1
0061;2023-01-18;Quarta;2;0;;Verão;2023.0;1.0;5;10.91;3;1.93;3;2023-01-30;12;1
0078;2023-01-18;Quarta;2;0;;Verão;2023.0;1.0;0;20.63;1;2.0;1;2023-02-08;21;0
0113;2023-01-18;Quarta;1;0;;Verão;2023.0;1.0;0;26.2;1;1.5;1;2023-01-27;9;1
0032;2023-01-18;Quarta;2;0;;Verão;2023.0;1.0;0;;1;2.0;1;;0;0
0050;2023-01-18;Quarta;2;0;;Verão;2023.0;1.0;9;7.8;3;2.03;3;2023-02-01;14;1
0120;2023-01-18;Quarta;2;0;;Verão;2023.0;1.0;16;14.07;2;1.93;2;2023-02-23;36;0
0010;2023-01-19;Quinta;2;02/15;;Verão;2023.0;1.0;9;5.97;3;2.0;3;2023-01-27;8;1
0112;2023-01-19;Quinta;1;0;;Verão;2023.0;1.0;0;15.68;1;1.05;1;2023-01-24;5;1
0019;2023-01-19;Quinta;1;0;;Verão;2023.0;1.0;7;7.39;3;1.34;3;2023-02-07;19;0
0082;2023-01-19;Quinta;1;0;;Verão;2023.0;1.0;0;165.6;1;1.0;1;2023-02-02;14;1
0089;2023-01-19;Quinta;1;01/03;;Verão;2023.0;1.0;3;5.91;4;1.01;4;2023-01-23;4;1
0025;2023-01-20;Sexta;1;0;;Verão;2023.0;1.0;0;9.58;1;1.02;1;2023-01-31;11;1
0095;2023-01-20;Sexta;1;0;;Verão;2023.0;1.0;15;16.5;2;1.0;2;2023-02-01;12;1
0063;2023-01-20;Sexta;2;0;;Verão;2023.0;1.0;0;10.54;1;1.89;1;2023-01-26;6;1
0044;2023-01-20;Sexta;1;0;;Verão;2023.0;1.0;14;4.18;3;1.0;3;2023-01-25;5;1
0097;2023-01-21;Sábado;2;0;;Verão;2023.0;1.0;8;10.3;4;2.05;4;2023-01-25;4;1
0105;2023-01-21;Sábado;1;0;;Verão;2023.0;1.0;0;10.0;1;1.0;1;2023-01-31;10;1
0089;2023-01-23;Segunda;1;02/03;;Verão;2023.0;1.0;4;5.91;5;1.01;5;2023-01-28;5;1
0008;2023-01-23;Segunda;1;02/10;;Verão;2023.0;1.0;12;6.15;4;1.0;4;2023-01-31;8;1
0132;2023-01-23;Segunda;1;0;;Verão;2023.0;1.0;0;14.14;1;1.01;1;2023-01-30;7;1
0065;2023-01-23;Segunda;1;0;;Verão;2023.0;1.0;0;5.0;1;1.5;1;2023-01-28;5;1
0129;2023-01-23;Segunda;1;0;;Verão;2023.0;1.0;6;4.33;6;1.06;6;2023-01-25;2;1
0112;2023-01-24;Terça;1;0;;Verão;2023.0;1.0;5;15.68;2;1.05;2;2023-02-06;13;1
0097;2023-01-25;Quarta;2;0;;Verão;2023.0;1.0;4;10.3;5;2.05;5;2023-01-30;5;1
0127;2023-01-25;Quarta;2;0;;Verão;2023.0;1.0;14;11.09;2;1.1;2;2023-02-08;14;1
0129;2023-01-25;Quarta;1;0;;Verão;2023.0;1.0;2;4.33;7;1.06;7;2023-01-27;2;1
0044;2023-01-25;Quarta;1;0;;Verão;2023.0;1.0;5;4.18;4;1.0;4;2023-01-27;2;1
0020;2023-01-26;Quinta;2;0;;Verão;2023.0;1.0;12;6.7;2;1.91;2;2023-02-04;9;1
0023;2023-01-26;Quinta;1;0;;Verão;2023.0;1.0;0;38.88;1;1.0;1;2023-03-08;41;0
0004;2023-01-26;Quinta;1;02/10;;Verão;2023.0;1.0;9;12.69;3;1.0;3;2023-02-06;11;1
0063;2023-01-26;Quinta;1;0;Vaso;Verão;2023.0;1.0;6;10.54;2;1.89;2;2023-02-09;14;1
0104;2023-01-26;Quinta;1;0;;Verão;2023.0;1.0;10;10.0;2;1.0;2;;0;0
0010;2023-01-27;Sexta;4;0;;Verão;2023.0;1.0;8;5.97;4;2.0;4;2023-02-03;7;1
0044;2023-01-27;Sexta;1;0;;Verão;2023.0;1.0;2;4.18;5;1.0;5;2023-01-30;3;1
0129;2023-01-27;Sexta;1;0;;Verão;2023.0;1.0;2;4.33;8;1.06;8;2023-02-04;8;1
0084;2023-01-27;Sexta;1;0;;Verão;2023.0;1.0;0;10.25;1;1.0;1;2023-02-01;5;1
0113;2023-01-27;Sexta;1;0;;Verão;2023.0;1.0;9;26.2;2;1.5;2;2023-04-06;69;0
0110;2023-01-27;Sexta;1;0;;Verão;2023.0;1.0;0;;1;1.0;1;;0;0
0089;2023-01-28;Sábado;1;03/03;;Verão;2023.0;1.0;5;5.91;6;1.01;6;2023-02-03;6;1
0065;2023-01-28;Sábado;2;0;;Verão;2023.0;1.0;5;5.0;2;1.5;2;;0;0
0021;2023-01-28;Sábado;2;0;;Verão;2023.0;1.0;12;16.35;2;1.66;2;2023-02-16;19;0
0061;2023-01-30;Segunda;2;0;;Verão;2023.0;1.0;12;10.91;4;1.93;4;2023-02-07;8;1
0097;2023-01-30;Segunda;2;0;;Verão;2023.0;1.0;5;10.3;6;2.05;6;2023-02-06;7;1
0118;2023-01-30;Segunda;1;0;;Verão;2023.0;1.0;17;10.34;2;1.01;2;2023-02-11;12;1
0132;2023-01-30;Segunda;1;0;;Verão;2023.0;1.0;7;14.14;2;1.01;2;2023-02-10;11;1
0044;2023-01-30;Segunda;1;0;;Verão;2023.0;1.0;3;4.18;6;1.0;6;2023-02-03;4;1
0025;2023-01-31;Terça;1;0;;Verão;2023.0;1.0;11;9.58;2;1.02;2;2023-02-08;8;1
0008;2023-01-31;Terça;1;04/10;;Verão;2023.0;1.0;8;6.15;5;1.0;5;2023-02-04;4;1
0105;2023-01-31;Terça;1;0;;Verão;2023.0;1.0;10;10.0;2;1.0;2;;0;0
0107;2023-01-31;Terça;2;0;;Verão;2023.0;1.0;0;18.0;1;2.0;1;2023-02-27;27;0
0050;2023-02-01;Quarta;2;0;;Verão;2023.0;2.0;14;7.8;4;2.03;4;2023-02-04;3;1
0084;2023-02-01;Quarta;1;0;;Verão;2023.0;2.0;5;10.25;2;1.0;2;2023-02-28;27;0
0095;2023-02-01;Quarta;1;0;;Verão;2023.0;2.0;12;16.5;3;1.0;3;2023-02-10;9;1
0100;2023-02-01;Quarta;1;0;;Verão;2023.0;2.0;0;;1;1.0;1;;0;0
0099;2023-02-02;Quinta;1;0;;Verão;2023.0;2.0;16;8.71;6;1.39;6;2023-02-09;7;1
0056;2023-02-02;Quinta;1;0;;Verão;2023.0;2.0;0;10.01;1;1.53;1;2023-02-06;4;1
0046;2023-02-02;Quinta;2;0;;Verão;2023.0;2.0;0;131.0;1;2.0;1;2023-05-17;104;0
0082;2023-02-02;Quinta;1;0;;Verão;2023.0;2.0;14;165.6;2;1.0;2;2023-02-20;18;0
0044;2023-02-03;Sexta;1;0;;Verão;2023.0;2.0;4;4.18;7;1.0;7;2023-02-06;3;1
0010;2023-02-03;Sexta;4;0;;Verão;2023.0;2.0;7;5.97;5;2.0;5;2023-02-06;3;1
0089;2023-02-03;Sexta;1;01/03;;Verão;2023.0;2.0;6;5.91;7;1.01;7;2023-02-07;4;1
0008;2023-02-04;Sábado;1;05/10;;Verão;2023.0;2.0;4;6.15;6;1.0;6;2023-02-09;5;1
0050;2023-02-04;Sábado;2;0;;Verão;2023.0;2.0;3;7.8;5;2.03;5;2023-02-11;7;1
0129;2023-02-04;Sábado;1;0;;Verão;2023.0;2.0;8;4.33;9;1.06;9;2023-02-07;3;1
0020;2023-02-04;Sábado;2;0;;Verão;2023.0;2.0;9;6.7;3;1.91;3;2023-02-09;5;1
0004;2023-02-06;Segunda;1;03/10;;Verão;2023.0;2.0;11;12.69;4;1.0;4;2023-02-15;9;1
0056;2023-02-06;Segunda;1;0;;Verão;2023.0;2.0;4;10.01;2;1.53;2;2023-02-08;2;1
0097;2023-02-06;Segunda;2;0;;Verão;2023.0;2.0;7;10.3;7;2.05;7;2023-02-09;3;1
0134;2023-02-06;Segunda;3;0;;Verão;2023.0;2.0;0;23.15;1;2.05;1;2023-04-15;68;0
0112;2023-02-06;Segunda;1;0;;Verão;2023.0;2.0;13;15.68;3;1.05;3;2023-02-15;9;1
0010;2023-02-06;Segunda;2;0;;Verão;2023.0;2.0;3;5.97;6;2.0;6;2023-02-13;7;1
0044;2023-02-06;Segunda;1;0;;Verão;2023.0;2.0;3;4.18;8;1.0;8;2023-02-09;3;1
0106;2023-02-06;Segunda;1;0;;Verão;2023.0;2.0;0;;1;1.0;1;;0;0
0126;2023-02-07;Terça;1;0;;Verão;2023.0;2.0;25;21.71;2;1.0;2;2023-03-20;41;0
0089;2023-02-07;Terça;1;02/03;;Verão;2023.0;2.0;4;5.91;8;1.01;8;2023-02-11;4;1
0061;2023-02-07;Terça;2;0;;Verão;2023.0;2.0;8;10.91;5;1.93;5;2023-02-15;8;1
0129;2023-02-07;Terça;1;0;;Verão;2023.0;2.0;3;4.33;10;1.06;10;2023-02-09;2;1
0019;2023-02-07;Terça;1;0;;Verão;2023.0;2.0;19;7.39;4;1.34;4;2023-02-14;7;1
0025;2023-02-08;Quarta;1;0;;Verão;2023.0;2.0;8;9.58;3;1.02;3;2023-02-11;3;1
0127;2023-02-08;Quarta;2;0;;Verão;2023.0;2.0;14;11.09;3;1.1;3;2023-02-22;14;1
0078;2023-02-08;Quarta;2;0;;Verão;2023.0;2.0;21;20.63;2;2.0;2;2023-02-28;20;0
0056;2023-02-08;Quarta;1;0;;Verão;2023.0;2.0;2;10.01;3;1.53;3;2023-02-14;6;1
0020;2023-02-09;Quinta;2;0;;Verão;2023.0;2.0;5;6.7;4;1.91;4;2023-02-13;4;1
0097;2023-02-09;Quinta;2;0;;Verão;2023.0;2.0;3;10.3;8;2.05;8;2023-02-13;4;1
0044;2023-02-09;Quinta;1;0;;Verão;2023.0;2.0;3;4.18;9;1.0;9;2023-02-13;4;1
0008;2023-02-09;Quinta;1;06/10;;Verão;2023.0;2.0;5;6.15;7;1.0;7;2023-02-13;4;1
0099;2023-02-09;Quinta;1;0;;Verão;2023.0;2.0;7;8.71;7;1.39;7;2023-02-16;7;1
0129;2023-02-09;Quinta;1;0;;Verão;2023.0;2.0;2;4.33;11;1.06;11;2023-02-16;7;1
0063;2023-02-09;Quinta;2;0;;Verão;2023.0;2.0;14;10.54;3;1.89;3;2023-02-23;14;1
0132;2023-02-10;Sexta;1;0;;Verão;2023.0;2.0;11;14.14;3;1.01;3;2023-02-20;10;1
0095;2023-02-10;Sexta;1;0;;Verão;2023.0;2.0;9;16.5;4;1.0;4;2023-03-10;28;0
0087;2023-02-10;Sexta;1;0;;Verão;2023.0;2.0;0;;1;1.0;1;;0;0
0081;2023-02-11;Sábado;1;0;;Verão;2023.0;2.0;35;17.92;2;1.02;2;2023-03-06;23;0
0050;2023-02-11;Sábado;2;0;;Verão;2023.0;2.0;7;7.8;6;2.03;6;2023-02-16;5;1
0089;2023-02-11;Sábado;1;03/03;;Verão;2023.0;2.0;4;5.91;9;1.01;9;2023-02-16;5;1
0118;2023-02-11;Sábado;1;0;;Verão;2023.0;2.0;12;10.34;3;1.01;3;2023-02-20;9;1
0025;2023-02-11;Sábado;1;0;;Verão;2023.0;2.0;3;9.58;4;1.02;4;2023-02-16;5;1
0097;2023-02-13;Segunda;2;0;;Verão;2023.0;2.0;4;10.3;9;2.05;9;2023-02-16;3;1
0010;2023-02-13;Segunda;2;15;;Verão;2023.0;2.0;7;5.97;7;2.0;7;2023-02-14;1;1
0044;2023-02-13;Segunda;1;0;;Verão;2023.0;2.0;4;4.18;10;1.0;10;2023-02-16;3;1
0008;2023-02-13;Segunda;1;07/10;;Verão;2023.0;2.0;4;6.15;8;1.0;8;2023-02-17;4;1
0091;2023-02-13;Segunda;1;0;;Verão;2023.0;2.0;0;28.67;1;1.0;1;2023-03-13;28;0
0122;2023-02-13;Segunda;2;0;;Verão;2023.0;2.0;0;;1;2.0;1;;0;0
0020;2023-02-13;Segunda;2;0;;Verão;2023.0;2.0;4;6.7;5;1.91;5;2023-02-22;9;1
0056;2023-02-14;Terça;1;0;;Verão;2023.0;2.0;6;10.01;4;1.53;4;2023-02-17;3;1
0019;2023-02-14;Terça;2;0;;Verão;2023.0;2.0;7;7.39;5;1.34;5;2023-03-01;15;1
0010;2023-02-14;Terça;2;0;;Verão;2023.0;2.0;1;5.97;8;2.0;8;2023-02-15;1;1
0010;2023-02-15;Quarta;2;02/15;;Verão;2023.0;2.0;1;5.97;9;2.0;9;2023-02-24;9;1
0061;2023-02-15;Quarta;2;0;;Verão;2023.0;2.0;8;10.91;6;1.93;6;2023-02-27;12;1
0112;2023-02-15;Quarta;1;0;;Verão;2023.0;2.0;9;15.68;4;1.05;4;2023-04-03;47;0
0004;2023-02-15;Quarta;1;04/10;;Verão;2023.0;2.0;9;12.69;5;1.0;5;2023-02-28;13;1
0097;2023-02-16;Quinta;3;0;;Verão;2023.0;2.0;3;10.3;10;2.05;10;2023-02-28;12;1
0050;2023-02-16;Quinta;2;0;;Verão;2023.0;2.0;5;7.8;7;2.03;7;2023-02-17;1;1
0044;2023-02-16;Quinta;1;0;;Verão;2023.0;2.0;3;4.18;11;1.0;11;2023-02-20;4;1
0099;2023-02-16;Quinta;2;0;;Verão;2023.0;2.0;7;8.71;8;1.39;8;2023-03-04;16;0
0021;2023-02-16;Quinta;2;0;;Verão;2023.0;2.0;19;16.35;3;1.66;3;2023-03-11;23;0
0089;2023-02-16;Quinta;1;01/03;;Verão;2023.0;2.0;5;5.91;10;1.01;10;2023-02-22;6;1
0129;2023-02-16;Quinta;1;0;;Verão;2023.0;2.0;7;4.33;12;1.06;12;2023-02-20;4;1
0025;2023-02-16;Quinta;1;0;;Verão;2023.0;2.0;5;9.58;5;1.02;5;2023-02-23;7;1
0008;2023-02-17;Sexta;1;08/10;;Verão;2023.0;2.0;4;6.15;9;1.0;9;2023-02-23;6;1
0056;2023-02-17;Sexta;1;0;;Verão;2023.0;2.0;3;10.01;5;1.53;5;2023-02-22;5;1
0050;2023-02-17;Sexta;2;0;;Verão;2023.0;2.0;1;7.8;8;2.03;8;2023-03-08;19;0
0054;2023-02-20;Segunda;2;0;;Verão;2023.0;2.0;0;9.38;1;2.16;1;2023-03-15;23;0
0118;2023-02-20;Segunda;1;0;;Verão;2023.0;2.0;9;10.34;4;1.01;4;2023-02-27;7;1
0129;2023-02-20;Segunda;1;0;;Verão;2023.0;2.0;4;4.33;13;1.06;13;2023-02-22;2;1
0044;2023-02-20;Segunda;1;0;;Verão;2023.0;2.0;4;4.18;12;1.0;12;2023-02-27;7;1
0132;2023-02-20;Segunda;1;0;;Verão;2023.0;2.0;10;14.14;4;1.01;4;2023-03-06;14;1
0082;2023-02-20;Segunda;1;0;;Verão;2023.0;2.0;18;165.6;3;1.0;3;2023-05-17;86;0
0089;2023-02-22;Quarta;1;0;;Verão;2023.0;2.0;6;5.91;11;1.01;11;2023-02-27;5;1
0056;2023-02-22;Quarta;1;0;;Verão;2023.0;2.0;5;10.01;6;1.53;6;2023-03-01;7;1
0127;2023-02-22;Quarta;2;0;;Verão;2023.0;2.0;14;11.09;4;1.1;4;2023-03-07;13;1
0129;2023-02-22;Quarta;1;0;;Verão;2023.0;2.0;2;4.33;14;1.06;14;2023-02-27;5;1
0020;2023-02-22;Quarta;2;0;;Verão;2023.0;2.0;9;6.7;6;1.91;6;2023-03-06;12;1
0120;2023-02-23;Quinta;2;0;;Verão;2023.0;2.0;36;14.07;3;1.93;3;2023-03-23;28;0
0008;2023-02-23;Quinta;1;09/10;;Verão;2023.0;2.0;6;6.15;10;1.0;10;2023-02-27;4;1
0063;2023-02-23;Quinta;2;0;;Verão;2023.0;2.0;14;10.54;4;1.89;4;2023-03-20;25;0
0025;2023-02-23;Quinta;1;0;;Verão;2023.0;2.0;7;9.58;6;1.02;6;2023-02-28;5;1
0010;2023-02-24;Sexta;2;04/15;;Verão;2023.0;2.0;9;5.97;10;2.0;10;2023-03-02;6;1
0107;2023-02-27;Segunda;2;0;;Verão;2023.0;2.0;27;18.0;2;2.0;2;2023-03-08;9;1
0118;2023-02-27;Segunda;1;0;;Verão;2023.0;2.0;7;10.34;5;1.01;5;2023-03-07;8;1
0129;2023-02-27;Segunda;1;0;;Verão;2023.0;2.0;5;4.33;15;1.06;15;2023-03-01;2;1
0008;2023-02-27;Segunda;1;10/10;;Verão;2023.0;2.0;4;6.15;11;1.0;11;2023-03-02;3;1
0089;2023-02-27;Segunda;1;03/03;;Verão;2023.0;2.0;5;5.91;12;1.01;12;2023-03-04;5;1
0044;2023-02-27;Segunda;1;0;;Verão;2023.0;2.0;7;4.18;13;1.0;13;2023-03-02;3;1
0061;2023-02-27;Segunda;2;0;;Verão;2023.0;2.0;12;10.91;7;1.93;7;2023-03-07;8;1
0097;2023-02-28;Terça;2;0;;Verão;2023.0;2.0;12;10.3;11;2.05;11;2023-03-03;3;1
0025;2023-02-28;Terça;1;0;;Verão;2023.0;2.0;5;9.58;7;1.02;7;2023-03-06;6;1
0084;2023-02-28;Terça;1;0;;Verão;2023.0;2.0;27;10.25;3;1.0;3;2023-03-06;6;1
0125;2023-02-28;Terça;2;0;;Verão;2023.0;2.0;0;45.88;1;2.0;1;2023-03-21;21;0
0078;2023-02-28;Terça;2;0;;Verão;2023.0;2.0;20;20.63;3;2.0;3;2023-04-10;41;0
0004;2023-02-28;Terça;1;05/10;;Verão;2023.0;2.0;13;12.69;6;1.0;6;2023-03-09;9;1
0019;2023-03-01;Quarta;2;0;;Verão;2023.0;3.0;15;7.39;6;1.34;6;2023-03-07;6;1
0056;2023-03-01;Quarta;1;0;;Verão;2023.0;3.0;7;10.01;7;1.53;7;2023-03-03;2;1
0129;2023-03-01;Quarta;1;0;;Verão;2023.0;3.0;2;4.33;16;1.06;16;2023-03-07;6;1
0010;2023-03-02;Quinta;2;06/15;;Verão;2023.0;3.0;6;5.97;11;2.0;11;2023-03-03;1;1
0044;2023-03-02;Quinta;1;0;;Verão;2023.0;3.0;3;4.18;14;1.0;14;2023-03-04;2;1
0008;2023-03-02;Quinta;1;01/10;;Verão;2023.0;3.0;3;6.15;12;1.0;12;2023-03-06;4;1
0056;2023-03-03;Sexta;1;0;;Verão;2023.0;3.0;2;10.01;8;1.53;8;2023-03-06;3;1
0010;2023-03-03;Sexta;2;08/15;;Verão;2023.0;3.0;1;5.97;12;2.0;12;2023-03-10;7;1
0097;2023-03-03;Sexta;2;0;;Verão;2023.0;3.0;3;10.3;12;2.05;12;2023-03-14;11;1
0128;2023-03-03;Sexta;1;0;;Verão;2023.0;3.0;0;9.67;1;1.0;1;2023-03-09;6;1
0089;2023-03-04;Sábado;1;01/03;;Verão;2023.0;3.0;5;5.91;13;1.01;13;2023-03-07;3;1
0044;2023-03-04;Sábado;1;0;;Verão;2023.0;3.0;2;4.18;15;1.0;15;2023-03-06;2;1
0099;2023-03-04;Sábado;1;0;;Verão;2023.0;3.0;16;8.71;9;1.39;9;2023-03-10;6;1
0084;2023-03-06;Segunda;1;0;;Verão;2023.0;3.0;6;10.25;4;1.0;4;2023-03-09;3;1
0132;2023-03-06;Segunda;1;0;;Verão;2023.0;3.0;14;14.14;5;1.01;5;2023-03-27;21;0
0008;2023-03-06;Segunda;1;02/10;;Verão;2023.0;3.0;4;6.15;13;1.0;13;2023-03-10;4;1
0020;2023-03-06;Segunda;2;0;;Verão;2023.0;3.0;12;6.7;7;1.91;7;2023-03-08;2;1
0044;2023-03-06;Segunda;1;0;;Verão;2023.0;3.0;2;4.18;16;1.0;16;2023-03-10;4;1
0025;2023-03-06;Segunda;1;0;;Verão;2023.0;3.0;6;9.58;8;1.02;8;2023-03-10;4;1
0081;2023-03-06;Segunda;1;0;;Verão;2023.0;3.0;23;17.92;3;1.02;3;2023-03-28;22;0
0056;2023-03-06;Segunda;1;0;;Verão;2023.0;3.0;3;10.01;9;1.53;9;2023-03-08;2;1
0127;2023-03-07;Terça;2;0;;Verão;2023.0;3.0;13;11.09;5;1.1;5;2023-04-03;27;0
0019;2023-03-07;Terça;1;0;;Verão;2023.0;3.0;6;7.39;7;1.34;7;2023-03-09;2;1
0129;2023-03-07;Terça;1;0;;Verão;2023.0;3.0;6;4.33;17;1.06;17;2023-03-14;7;1
0061;2023-03-07;Terça;2;0;;Verão;2023.0;3.0;8;10.91;8;1.93;8;2023-03-15;8;1
0089;2023-03-07;Terça;1;02/03;;Verão;2023.0;3.0;3;5.91;14;1.01;14;2023-03-13;6;1
0118;2023-03-07;Terça;2;0;;Verão;2023.0;3.0;8;10.34;6;1.01;6;2023-03-09;2;1
0050;2023-03-08;Quarta;2;0;;Verão;2023.0;3.0;19;7.8;9;2.03;9;2023-03-13;5;1
0020;2023-03-08;Quarta;2;0;;Verão;2023.0;3.0;2;6.7;8;1.91;8;2023-03-10;2;1
0056;2023-03-08;Quarta;1;0;;Verão;2023.0;3.0;2;10.01;10;1.53;10;2023-03-10;2;1
0023;2023-03-08;Quarta;1;0;;Verão;2023.0;3.0;41;38.88;2;1.0;2;2023-03-30;22;0
0107;2023-03-08;Quarta;2;0;;Verão;2023.0;3.0;9;18.0;3;2.0;3;;0;0
0004;2023-03-09;Quinta;1;06/10;;Verão;2023.0;3.0;9;12.69;7;1.0;7;2023-03-20;11;1
0019;2023-03-09;Quinta;1;0;;Verão;2023.0;3.0;2;7.39;8;1.34;8;2023-03-14;5;1
0118;2023-03-09;Quinta;1;0;;Verão;2023.0;3.0;2;10.34;7;1.01;7;2023-03-28;19;0
0030;2023-03-09;Quinta;2;0;;Verão;2023.0;3.0;0;12.9;1;2.09;1;2023-04-24;46;0
0084;2023-03-09;Quinta;1;0;;Verão;2023.0;3.0;3;10.25;5;1.0;5;;0;0
0128;2023-03-09;Quinta;1;0;;Verão;2023.0;3.0;6;9.67;2;1.0;2;2023-03-15;6;1
0044;2023-03-10;Sexta;1;0;;Verão;2023.0;3.0;4;4.18;17;1.0;17;2023-03-13;3;1
0025;2023-03-10;Sexta;1;0;;Verão;2023.0;3.0;4;9.58;9;1.02;9;2023-03-16;6;1
0095;2023-03-10;Sexta;1;0;;Verão;2023.0;3.0;28;16.5;5;1.0;5;2023-03-16;6;1
0020;2023-03-10;Sexta;2;0;;Verão;2023.0;3.0;2;6.7;9;1.91;9;2023-03-14;4;1
0010;2023-03-10;Sexta;2;15;;Verão;2023.0;3.0;7;5.97;13;2.0;13;2023-03-13;3;1
0008;2023-03-10;Sexta;1;03/10;;Verão;2023.0;3.0;4;6.15;14;1.0;14;2023-03-15;5;1
0056;2023-03-10;Sexta;1;0;;Verão;2023.0;3.0;2;10.01;11;1.53;11;2023-03-14;4;1
0099;2023-03-10;Sexta;1;0;;Verão;2023.0;3.0;6;8.71;10;1.39;10;2023-03-11;1;1
0099;2023-03-11;Sábado;1;0;;Verão;2023.0;3.0;1;8.71;11;1.39;11;2023-03-24;13;1
0021;2023-03-11;Sábado;2;0;;Verão;2023.0;3.0;23;16.35;4;1.66;4;2023-03-25;14;1
0089;2023-03-13;Segunda;1;03/03;;Verão;2023.0;3.0;6;5.91;15;1.01;15;2023-03-15;2;1
0091;2023-03-13;Segunda;1;0;;Verão;2023.0;3.0;28;28.67;2;1.0;2;2023-05-01;49;0
0050;2023-03-13;Segunda;2;0;;Verão;2023.0;3.0;5;7.8;10;2.03;10;2023-03-20;7;1
0044;2023-03-13;Segunda;1;0;;Verão;2023.0;3.0;3;4.18;18;1.0;18;2023-03-16;3;1
0010;2023-03-13;Segunda;2;02/15;;Verão;2023.0;3.0;3;5.97;14;2.0;14;2023-03-15;2;1
0097;2023-03-14;Terça;2;0;;Verão;2023.0;3.0;11;10.3;13;2.05;13;2023-03-16;2;1
0056;2023-03-14;Terça;1;0;;Verão;2023.0;3.0;4;10.01;12;1.53;12;2023-03-16;2;1
0129;2023-03-14;Terça;1;0;;Verão;2023.0;3.0;7;4.33;18;1.06;18;2023-03-16;2;1
0019;2023-03-14;Terça;2;0;;Verão;2023.0;3.0;5;7.39;9;1.34;9;2023-03-21;7;1
0020;2023-03-14;Terça;2;0;;Verão;2023.0;3.0;4;6.7;10;1.91;10;2023-03-22;8;1
0008;2023-03-15;Quarta;1;04/10;;Verão;2023.0;3.0;5;6.15;15;1.0;15;2023-03-24;9;1
0010;2023-03-15;Quarta;2;04/15;;Verão;2023.0;3.0;2;5.97;15;2.0;15;2023-03-21;6;1
0054;2023-03-15;Quarta;2;0;;Verão;2023.0;3.0;23;9.38;2;2.16;2;2023-03-15;0;1
0114;2023-03-15;Quarta;1;0;;Verão;2023.0;3.0;0;;1;1.0;1;;0;0
0089;2023-03-15;Quarta;1;01/03;;Verão;2023.0;3.0;2;5.91;16;1.01;16;2023-03-22;7;1
0061;2023-03-15;Quarta;2;0;;Verão;2023.0;3.0;8;10.91;9;1.93;9;2023-03-25;10;1
0128;2023-03-15;Quarta;1;0;;Verão;2023.0;3.0;6;9.67;3;1.0;3;2023-03-30;15;1
0054;2023-03-15;Quarta;2;0;;Verão;2023.0;3.0;0;9.38;3;2.16;3;2023-04-15;31;0
0095;2023-03-16;Quinta;1;0;;Verão;2023.0;3.0;6;16.5;6;1.0;6;2023-03-30;14;1
0056;2023-03-16;Quinta;1;0;;Verão;2023.0;3.0;2;10.01;13;1.53;13;2023-03-21;5;1
0097;2023-03-16;Quinta;1;0;;Verão;2023.0;3.0;2;10.3;14;2.05;14;2023-03-25;9;1
0044;2023-03-16;Quinta;1;0;;Verão;2023.0;3.0;3;4.18;19;1.0;19;2023-03-20;4;1
0025;2023-03-16;Quinta;1;0;;Verão;2023.0;3.0;6;9.58;10;1.02;10;2023-03-21;5;1
0129;2023-03-16;Quinta;1;0;;Verão;2023.0;3.0;2;4.33;19;1.06;19;2023-03-22;6;1
0004;2023-03-20;Segunda;1;07/10;;Verão;2023.0;3.0;11;12.69;8;1.0;8;2023-03-29;9;1
0050;2023-03-20;Segunda;2;0;;Verão;2023.0;3.0;7;7.8;11;2.03;11;2023-03-29;9;1
0126;2023-03-20;Segunda;1;0;;Verão;2023.0;3.0;41;21.71;3;1.0;3;2023-04-20;31;0
0085;2023-03-20;Segunda;1;0;;Verão;2023.0;3.0;0;507.0;1;1.0;1;2024-08-08;507;0
0063;2023-03-20;Segunda;2;0;;Verão;2023.0;3.0;25;10.54;5;1.89;5;2023-03-28;8;1
0044;2023-03-20;Segunda;1;0;;Verão;2023.0;3.0;4;4.18;20;1.0;20;2023-03-27;7;1
0010;2023-03-21;Terça;2;08/15;;Verão;2023.0;3.0;6;5.97;16;2.0;16;2023-03-24;3;1
0125;2023-03-21;Terça;2;0;;Verão;2023.0;3.0;21;45.88;2;2.0;2;2023-05-23;63;0
0025;2023-03-21;Terça;1;0;;Verão;2023.0;3.0;5;9.58;11;1.02;11;2023-03-30;9;1
0019;2023-03-21;Terça;1;0;;Verão;2023.0;3.0;7;7.39;10;1.34;10;2023-03-27;6;1
0056;2023-03-21;Terça;1;0;;Verão;2023.0;3.0;5;10.01;14;1.53;14;2023-03-24;3;1
0089;2023-03-22;Quarta;1;03/03;;Verão;2023.0;3.0;7;5.91;17;1.01;17;2023-03-25;3;1
0020;2023-03-22;Quarta;1;0;;Verão;2023.0;3.0;8;6.7;11;1.91;11;;0;0
0129;2023-03-22;Quarta;2;0;;Verão;2023.0;3.0;6;4.33;20;1.06;20;2023-03-30;8;1
0064;2023-03-23;Quinta;1;0;;Verão;2023.0;3.0;0;57.0;1;1.0;1;2023-05-19;57;0
0120;2023-03-23;Quinta;2;0;;Verão;2023.0;3.0;28;14.07;4;1.93;4;2023-03-30;7;1
0010;2023-03-24;Sexta;2;10/15;;Verão;2023.0;3.0;3;5.97;17;2.0;17;2023-03-27;3;1
0008;2023-03-24;Sexta;1;06/10;;Verão;2023.0;3.0;9;6.15;16;1.0;16;2023-03-29;5;1
0099;2023-03-24;Sexta;1;0;;Verão;2023.0;3.0;13;8.71;12;1.39;12;2023-03-27;3;1
0056;2023-03-24;Sexta;1;0;;Verão;2023.0;3.0;3;10.01;15;1.53;15;2023-03-29;5;1
0061;2023-03-25;Sábado;2;0;;Verão;2023.0;3.0;10;10.91;10;1.93;10;2023-04-03;9;1
0089;2023-03-25;Sábado;1;01/03;;Verão;2023.0;3.0;3;5.91;18;1.01;18;2023-03-29;4;1
0097;2023-03-25;Sábado;3;0;;Verão;2023.0;3.0;9;10.3;15;2.05;15;2023-03-30;5;1
0049;2023-03-25;Sábado;1;0;;Verão;2023.0;3.0;0;23.72;1;1.0;1;2023-04-03;9;1
0021;2023-03-25;Sábado;2;0;;Verão;2023.0;3.0;14;16.35;5;1.66;5;2023-04-05;11;1
0132;2023-03-27;Segunda;1;0;;Verão;2023.0;3.0;21;14.14;6;1.01;6;2023-04-06;10;1
0044;2023-03-27;Segunda;1;0;;Verão;2023.0;3.0;7;4.18;21;1.0;21;2023-03-28;1;1
0019;2023-03-27;Segunda;1;0;;Verão;2023.0;3.0;6;7.39;11;1.34;11;2023-03-30;3;1
0010;2023-03-27;Segunda;2;14/15;;Verão;2023.0;3.0;3;5.97;18;2.0;18;2023-04-05;9;1
0099;2023-03-27;Segunda;1;0;;Verão;2023.0;3.0;3;8.71;13;1.39;13;2023-03-31;4;1
0044;2023-03-28;Terça;1;0;;Verão;2023.0;3.0;1;4.18;22;1.0;22;2023-03-31;3;1
0081;2023-03-28;Terça;1;0;;Verão;2023.0;3.0;22;17.92;4;1.02;4;2023-04-14;17;0
0108;2023-03-28;Terça;1;0;;Verão;2023.0;3.0;0;;1;1.0;1;;0;0
0118;2023-03-28;Terça;1;0;;Verão;2023.0;3.0;19;10.34;8;1.01;8;2023-04-06;9;1
0063;2023-03-28;Terça;2;0;;Verão;2023.0;3.0;8;10.54;6;1.89;6;2023-04-11;14;1
0050;2023-03-29;Quarta;2;0;;Verão;2023.0;3.0;9;7.8;12;2.03;12;2023-04-05;7;1
0008;2023-03-29;Quarta;1;07/10;;Verão;2023.0;3.0;5;6.15;17;1.0;17;2023-04-03;5;1
0004;2023-03-29;Quarta;1;08/10;;Verão;2023.0;3.0;9;12.69;9;1.0;9;2023-04-11;13;1
0056;2023-03-29;Quarta;1;0;;Verão;2023.0;3.0;5;10.01;16;1.53;16;2023-03-31;2;1
0089;2023-03-29;Quarta;1;02/03;;Verão;2023.0;3.0;4;5.91;19;1.01;19;2023-04-05;7;1
0097;2023-03-30;Quinta;2;0;;Verão;2023.0;3.0;5;10.3;16;2.05;16;2023-04-04;5;1
0019;2023-03-30;Quinta;1;0;;Verão;2023.0;3.0;3;7.39;12;1.34;12;2023-04-05;6;1
0129;2023-03-30;Quinta;1;0;;Verão;2023.0;3.0;8;4.33;21;1.06;21;2023-04-06;7;1
0095;2023-03-30;Quinta;1;0;;Verão;2023.0;3.0;14;16.5;7;1.0;7;2023-04-06;7;1
0120;2023-03-30;Quinta;2;0;;Verão;2023.0;3.0;7;14.07;5;1.93;5;2023-04-11;12;1
0023;2023-03-30;Quinta;1;0;;Verão;2023.0;3.0;22;38.88;3;1.0;3;2023-04-28;29;0
0025;2023-03-30;Quinta;1;0;;Verão;2023.0;3.0;9;9.58;12;1.02;12;2023-04-06;7;1
0128;2023-03-30;Quinta;1;0;;Verão;2023.0;3.0;15;9.67;4;1.0;4;2023-03-31;1;1
0044;2023-03-31;Sexta;1;0;;Verão;2023.0;3.0;3;4.18;23;1.0;23;2023-04-03;3;1
0099;2023-03-31;Sexta;1;0;;Verão;2023.0;3.0;4;8.71;14;1.39;14;2023-04-05;5;1
0128;2023-03-31;Sexta;1;0;;Verão;2023.0;3.0;1;9.67;5;1.0;5;2023-04-10;10;1
0056;2023-03-31;Sexta;1;0;;Verão;2023.0;3.0;2;10.01;17;1.53;17;2023-04-04;4;1
0112;2023-04-03;Segunda;1;0;;Inverno;2023.0;4.0;47;15.68;5;1.05;5;2023-04-14;11;1
0008;2023-04-03;Segunda;1;08/10;;Inverno;2023.0;4.0;5;6.15;18;1.0;18;2023-04-06;3;1
0127;2023-04-03;Segunda;2;0;;Inverno;2023.0;4.0;27;11.09;6;1.1;6;2023-04-18;15;1
0061;2023-04-03;Segunda;2;0;;Inverno;2023.0;4.0;9;10.91;11;1.93;11;2023-04-12;9;1
0049;2023-04-03;Segunda;1;0;;Inverno;2023.0;4.0;9;23.72;2;1.0;2;2023-04-14;11;1
0044;2023-04-03;Segunda;1;0;;Inverno;2023.0;4.0;3;4.18;24;1.0;24;2023-04-08;5;1
0097;2023-04-04;Terça;2;0;;Inverno;2023.0;4.0;5;10.3;17;2.05;17;2023-04-10;6;1
0056;2023-04-04;Terça;1;0;;Inverno;2023.0;4.0;4;10.01;18;1.53;18;2023-04-11;7;1
0089;2023-04-05;Quarta;1;03/03;;Inverno;2023.0;4.0;7;5.91;20;1.01;20;2023-04-10;5;1
0019;2023-04-05;Quarta;2;0;;Inverno;2023.0;4.0;6;7.39;13;1.34;13;2023-04-13;8;1
0099;2023-04-05;Quarta;1;0;;Inverno;2023.0;4.0;5;8.71;15;1.39;15;2023-04-14;9;1
0010;2023-04-05;Quarta;2;04/16;;Inverno;2023.0;4.0;9;5.97;19;2.0;19;2023-04-12;7;1
0021;2023-04-05;Quarta;2;0;;Inverno;2023.0;4.0;11;16.35;6;1.66;6;2023-04-20;15;1
0050;2023-04-05;Quarta;2;0;;Inverno;2023.0;4.0;7;7.8;13;2.03;13;2023-04-12;7;1
0095;2023-04-06;Quinta;1;0;;Inverno;2023.0;4.0;7;16.5;8;1.0;8;2023-04-12;6;1
0025;2023-04-06;Quinta;1;0;;Inverno;2023.0;4.0;7;9.58;13;1.02;13;2023-04-17;11;1
0118;2023-04-06;Quinta;1;0;;Inverno;2023.0;4.0;9;10.34;9;1.01;9;2023-04-17;11;1
0129;2023-04-06;Quinta;1;0;;Inverno;2023.0;4.0;7;4.33;22;1.06;22;2023-04-08;2;1
0113;2023-04-06;Quinta;2;0;;Inverno;2023.0;4.0;69;26.2;3;1.5;3;2023-04-19;13;1
0008;2023-04-06;Quinta;1;09/10;;Inverno;2023.0;4.0;3;6.15;19;1.0;19;2023-04-11;5;1
0132;2023-04-06;Quinta;1;0;;Inverno;2023.0;4.0;10;14.14;7;1.01;7;2023-04-17;11;1
0044;2023-04-08;Sábado;1;0;;Inverno;2023.0;4.0;5;4.18;25;1.0;25;2023-04-10;2;1
0129;2023-04-08;Sábado;1;0;;Inverno;2023.0;4.0;2;4.33;23;1.06;23;2023-04-11;3;1
0097;2023-04-10;Segunda;2;0;;Inverno;2023.0;4.0;6;10.3;18;2.05;18;2023-04-14;4;1
0078;2023-04-10;Segunda;2;0;;Inverno;2023.0;4.0;41;20.63;4;2.0;4;2023-05-17;37;0
0128;2023-04-10;Segunda;1;0;;Inverno;2023.0;4.0;10;9.67;6;1.0;6;2023-04-18;8;1
0089;2023-04-10;Segunda;1;02/03;;Inverno;2023.0;4.0;5;5.91;21;1.01;21;2023-04-13;3;1
0044;2023-04-10;Segunda;1;0;;Inverno;2023.0;4.0;2;4.18;26;1.0;26;2023-04-13;3;1
0056;2023-04-11;Terça;1;0;;Inverno;2023.0;4.0;7;10.01;19;1.53;19;2023-04-13;2;1
0120;2023-04-11;Terça;2;0;;Inverno;2023.0;4.0;12;14.07;6;1.93;6;2023-04-17;6;1
0004;2023-04-11;Terça;1;09/10;;Inverno;2023.0;4.0;13;12.69;10;1.0;10;2023-04-18;7;1
0129;2023-04-11;Terça;1;0;;Inverno;2023.0;4.0;3;4.33;24;1.06;24;2023-04-13;2;1
0063;2023-04-11;Terça;2;0;;Inverno;2023.0;4.0;14;10.54;7;1.89;7;2023-04-18;7;1
0008;2023-04-11;Terça;1;0;;Inverno;2023.0;4.0;5;6.15;20;1.0;20;2023-04-13;2;1
0095;2023-04-12;Quarta;1;0;;Inverno;2023.0;4.0;6;16.5;9;1.0;9;2023-04-26;14;1
0010;2023-04-12;Quarta;2;10/15;;Inverno;2023.0;4.0;7;5.97;20;2.0;20;2023-04-14;2;1
0050;2023-04-12;Quarta;2;0;;Inverno;2023.0;4.0;7;7.8;14;2.03;14;2023-04-19;7;1
0061;2023-04-12;Quarta;2;0;;Inverno;2023.0;4.0;9;10.91;12;1.93;12;2023-04-20;8;1
0056;2023-04-13;Quinta;1;0;;Inverno;2023.0;4.0;2;10.01;20;1.53;20;2023-04-17;4;1
0019;2023-04-13;Quinta;2;0;;Inverno;2023.0;4.0;8;7.39;14;1.34;14;2023-04-20;7;1
0044;2023-04-13;Quinta;1;0;;Inverno;2023.0;4.0;3;4.18;27;1.0;27;2023-04-19;6;1
0089;2023-04-13;Quinta;1;03/03;;Inverno;2023.0;4.0;3;5.91;22;1.01;22;2023-04-15;2;1
0129;2023-04-13;Quinta;1;0;;Inverno;2023.0;4.0;2;4.33;25;1.06;25;2023-04-18;5;1
0008;2023-04-13;Quinta;1;01/10;;Inverno;2023.0;4.0;2;6.15;21;1.0;21;2023-04-18;5;1
0097;2023-04-14;Sexta;2;0;;Inverno;2023.0;4.0;4;10.3;19;2.05;19;2023-05-02;18;0
0010;2023-04-14;Sexta;2;08/15;;Inverno;2023.0;4.0;2;5.97;21;2.0;21;2023-04-20;6;1
0112;2023-04-14;Sexta;3;0;;Inverno;2023.0;4.0;11;15.68;6;1.05;6;2023-04-17;3;1
0081;2023-04-14;Sexta;1;0;;Inverno;2023.0;4.0;17;17.92;5;1.02;5;2023-04-27;13;1
0099;2023-04-14;Sexta;1;0;;Inverno;2023.0;4.0;9;8.71;16;1.39;16;2023-04-19;5;1
0049;2023-04-14;Sexta;1;0;;Inverno;2023.0;4.0;11;23.72;3;1.0;3;2023-04-19;5;1
0134;2023-04-15;Sábado;4;0;;Inverno;2023.0;4.0;68;23.15;2;2.05;2;2023-05-15;30;0
0054;2023-04-15;Sábado;3;0;;Inverno;2023.0;4.0;31;9.38;4;2.16;4;2023-04-20;5;1
0089;2023-04-15;Sábado;1;0;;Inverno;2023.0;4.0;2;5.91;23;1.01;23;2023-04-19;4;1
0120;2023-04-17;Segunda;2;0;;Inverno;2023.0;4.0;6;14.07;7;1.93;7;2023-04-24;7;1
0056;2023-04-17;Segunda;1;0;;Inverno;2023.0;4.0;4;10.01;21;1.53;21;2023-04-20;3;1
0118;2023-04-17;Segunda;1;0;;Inverno;2023.0;4.0;11;10.34;10;1.01;10;2023-04-27;10;1
0112;2023-04-17;Segunda;1;0;;Inverno;2023.0;4.0;3;15.68;7;1.05;7;2023-06-07;51;0
0132;2023-04-17;Segunda;1;0;;Inverno;2023.0;4.0;11;14.14;8;1.01;8;2023-04-29;12;1
0025;2023-04-17;Segunda;1;0;;Inverno;2023.0;4.0;11;9.58;14;1.02;14;2023-04-24;7;1
0008;2023-04-18;Terça;1;02/10;;Inverno;2023.0;4.0;5;6.15;22;1.0;22;2023-04-22;4;1
0004;2023-04-18;Terça;1;01/10;;Inverno;2023.0;4.0;7;12.69;11;1.0;11;2023-04-26;8;1
0127;2023-04-18;Terça;2;0;;Inverno;2023.0;4.0;15;11.09;7;1.1;7;2023-04-25;7;1
0063;2023-04-18;Terça;2;0;;Inverno;2023.0;4.0;7;10.54;8;1.89;8;2023-04-24;6;1
0129;2023-04-18;Terça;1;0;;Inverno;2023.0;4.0;5;4.33;26;1.06;26;2023-04-20;2;1
0128;2023-04-18;Terça;1;0;;Inverno;2023.0;4.0;8;9.67;7;1.0;7;2023-04-20;2;1
0086;2023-04-19;Quarta;1;0;;Inverno;2023.0;4.0;0;23.03;1;1.0;1;2023-05-09;20;0
0031;2023-04-19;Quarta;2;0;;Inverno;2023.0;4.0;0;;1;2.0;1;;0;0
0113;2023-04-19;Quarta;2;0;;Inverno;2023.0;4.0;13;26.2;4;1.5;4;2023-05-11;22;0
0099;2023-04-19;Quarta;1;0;;Inverno;2023.0;4.0;5;8.71;17;1.39;17;2023-04-26;7;1
0044;2023-04-19;Quarta;1;0;;Inverno;2023.0;4.0;6;4.18;28;1.0;28;2023-04-24;5;1
0050;2023-04-19;Quarta;2;0;;Inverno;2023.0;4.0;7;7.8;15;2.03;15;2023-04-25;6;1
0049;2023-04-19;Quarta;1;0;;Inverno;2023.0;4.0;5;23.72;4;1.0;4;2023-05-05;16;0
0089;2023-04-19;Quarta;1;02/03;;Inverno;2023.0;4.0;4;5.91;24;1.01;24;2023-04-24;5;1
0126;2023-04-20;Quinta;1;0;;Inverno;2023.0;4.0;31;21.71;4;1.0;4;2023-04-26;6;1
0010;2023-04-20;Quinta;2;18;;Inverno;2023.0;4.0;6;5.97;22;2.0;22;2023-04-25;5;1
0021;2023-04-20;Quinta;2;0;;Inverno;2023.0;4.0;15;16.35;7;1.66;7;2023-05-06;16;0
0019;2023-04-20;Quinta;2;0;;Inverno;2023.0;4.0;7;7.39;15;1.34;15;2023-04-26;6;1
0056;2023-04-20;Quinta;1;0;;Inverno;2023.0;4.0;3;10.01;22;1.53;22;2023-04-25;5;1
0129;2023-04-20;Quinta;2;0;;Inverno;2023.0;4.0;2;4.33;27;1.06;27;2023-04-22;2;1
0061;2023-04-20;Quinta;2;0;;Inverno;2023.0;4.0;8;10.91;13;1.93;13;2023-05-03;13;1
0054;2023-04-20;Quinta;1;0;;Inverno;2023.0;4.0;5;9.38;5;2.16;5;2023-04-26;6;1
0128;2023-04-20;Quinta;1;0;;Inverno;2023.0;4.0;2;9.67;8;1.0;8;2023-05-10;20;0
0008;2023-04-22;Sábado;1;03/10;;Inverno;2023.0;4.0;4;6.15;23;1.0;23;2023-04-27;5;1
0129;2023-04-22;Sábado;1;0;;Inverno;2023.0;4.0;2;4.33;28;1.06;28;2023-04-27;5;1
0025;2023-04-24;Segunda;1;0;;Inverno;2023.0;4.0;7;9.58;15;1.02;15;2023-05-01;7;1
0030;2023-04-24;Segunda;2;0;;Inverno;2023.0;4.0;46;12.9;2;2.09;2;2023-05-16;22;0
0120;2023-04-24;Segunda;2;0;;Inverno;2023.0;4.0;7;14.07;8;1.93;8;2023-05-02;8;1
0063;2023-04-24;Segunda;2;0;;Inverno;2023.0;4.0;6;10.54;9;1.89;9;2023-05-02;8;1
0044;2023-04-24;Segunda;1;0;;Inverno;2023.0;4.0;5;4.18;29;1.0;29;2023-04-27;3;1
0089;2023-04-24;Segunda;1;03/03;;Inverno;2023.0;4.0;5;5.91;25;1.01;25;2023-05-02;8;1
0056;2023-04-25;Terça;1;0;;Inverno;2023.0;4.0;5;10.01;23;1.53;23;2023-04-28;3;1
0010;2023-04-25;Terça;2;02/18;;Inverno;2023.0;4.0;5;5.97;23;2.0;23;2023-04-28;3;1
0127;2023-04-25;Terça;1;0;;Inverno;2023.0;4.0;7;11.09;8;1.1;8;2023-05-08;13;1
0050;2023-04-25;Terça;2;0;;Inverno;2023.0;4.0;6;7.8;16;2.03;16;2023-05-03;8;1
0095;2023-04-26;Quarta;1;1;;Inverno;2023.0;4.0;14;16.5;10;1.0;10;2023-05-26;30;0
0099;2023-04-26;Quarta;2;0;;Inverno;2023.0;4.0;7;8.71;18;1.39;18;2023-05-02;6;1
0019;2023-04-26;Quarta;2;0;;Inverno;2023.0;4.0;6;7.39;16;1.34;16;2023-05-03;7;1
0126;2023-04-26;Quarta;1;0;;Inverno;2023.0;4.0;6;21.71;5;1.0;5;2023-05-10;14;1
0004;2023-04-26;Quarta;1;02/10;;Inverno;2023.0;4.0;8;12.69;12;1.0;12;2023-05-08;12;1
0054;2023-04-26;Quarta;4;0;;Inverno;2023.0;4.0;6;9.38;6;2.16;6;2023-05-11;15;1
0081;2023-04-27;Quinta;1;0;;Inverno;2023.0;4.0;13;17.92;6;1.02;6;2023-05-11;14;1
0129;2023-04-27;Quinta;2;0;;Inverno;2023.0;4.0;5;4.33;29;1.06;29;2023-05-02;5;1
0044;2023-04-27;Quinta;1;0;;Inverno;2023.0;4.0;3;4.18;30;1.0;30;2023-04-28;1;1
0008;2023-04-27;Quinta;1;04/10;;Inverno;2023.0;4.0;5;6.15;24;1.0;24;2023-05-03;6;1
0118;2023-04-27;Quinta;1;0;;Inverno;2023.0;4.0;10;10.34;11;1.01;11;2023-05-10;13;1
0056;2023-04-28;Sexta;1;0;;Inverno;2023.0;4.0;3;10.01;24;1.53;24;2023-05-05;7;1
0044;2023-04-28;Sexta;1;0;;Inverno;2023.0;4.0;1;4.18;31;1.0;31;2023-05-01;3;1
0010;2023-04-28;Sexta;2;02/08;;Inverno;2023.0;4.0;3;5.97;24;2.0;24;2023-05-12;14;1
0023;2023-04-28;Sexta;1;0;;Inverno;2023.0;4.0;29;38.88;4;1.0;4;2023-06-26;59;0
0132;2023-04-29;Sábado;1;0;;Inverno;2023.0;4.0;12;14.14;9;1.01;9;2023-05-20;21;0
0025;2023-05-01;Segunda;1;0;;Inverno;2023.0;5.0;7;9.58;16;1.02;16;2023-05-09;8;1
0091;2023-05-01;Segunda;1;0;;Inverno;2023.0;5.0;49;28.67;3;1.0;3;2023-05-10;9;1
0044;2023-05-01;Segunda;1;0;;Inverno;2023.0;5.0;3;4.18;32;1.0;32;2023-05-03;2;1
0097;2023-05-02;Terça;3;0;;Inverno;2023.0;5.0;18;10.3;20;2.05;20;2023-05-06;4;1
0099;2023-05-02;Terça;2;0;Deve 1 vaso;Inverno;2023.0;5.0;6;8.71;19;1.39;19;2023-05-12;10;1
0129;2023-05-02;Terça;1;0;;Inverno;2023.0;5.0;5;4.33;30;1.06;30;2023-05-05;3;1
0063;2023-05-02;Terça;2;0;;Inverno;2023.0;5.0;8;10.54;10;1.89;10;2023-05-16;14;1
0120;2023-05-02;Terça;2;0;;Inverno;2023.0;5.0;8;14.07;9;1.93;9;2023-05-11;9;1
0089;2023-05-02;Terça;1;0;;Inverno;2023.0;5.0;8;5.91;26;1.01;26;2023-05-05;3;1
0050;2023-05-03;Quarta;2;0;;Inverno;2023.0;5.0;8;7.8;17;2.03;17;2023-05-10;7;1
0008;2023-05-03;Quarta;1;05/10;;Inverno;2023.0;5.0;6;6.15;25;1.0;25;2023-05-08;5;1
0061;2023-05-03;Quarta;2;0;;Inverno;2023.0;5.0;13;10.91;14;1.93;14;2023-05-12;9;1
0019;2023-05-03;Quarta;1;0;;Inverno;2023.0;5.0;7;7.39;17;1.34;17;2023-05-08;5;1
0044;2023-05-03;Quarta;1;0;;Inverno;2023.0;5.0;2;4.18;33;1.0;33;2023-05-08;5;1
0029;2023-05-04;Quinta;2;0;;Inverno;2023.0;5.0;0;;1;2.0;1;;0;0
0056;2023-05-05;Sexta;1;0;;Inverno;2023.0;5.0;7;10.01;25;1.53;25;2023-05-11;6;1
0049;2023-05-05;Sexta;1;0;;Inverno;2023.0;5.0;16;23.72;5;1.0;5;2023-05-15;10;1
0089;2023-05-05;Sexta;1;0;;Inverno;2023.0;5.0;3;5.91;27;1.01;27;2023-05-08;3;1
0129;2023-05-05;Sexta;1;0;;Inverno;2023.0;5.0;3;4.33;31;1.06;31;2023-05-08;3;1
0097;2023-05-06;Sábado;2;0;;Inverno;2023.0;5.0;4;10.3;21;2.05;21;2023-05-10;4;1
0021;2023-05-06;Sábado;2;0;;Inverno;2023.0;5.0;16;16.35;8;1.66;8;2023-05-20;14;1
0127;2023-05-08;Segunda;2;0;;Inverno;2023.0;5.0;13;11.09;9;1.1;9;2023-06-01;24;0
0004;2023-05-08;Segunda;1;03/10;;Inverno;2023.0;5.0;12;12.69;13;1.0;13;2023-05-15;7;1
0044;2023-05-08;Segunda;1;0;;Inverno;2023.0;5.0;5;4.18;34;1.0;34;2023-05-11;3;1
0019;2023-05-08;Segunda;1;0;;Inverno;2023.0;5.0;5;7.39;18;1.34;18;2023-05-09;1;1
0089;2023-05-08;Segunda;1;01/03;;Inverno;2023.0;5.0;3;5.91;28;1.01;28;2023-05-11;3;1
0129;2023-05-08;Segunda;2;0;;Inverno;2023.0;5.0;3;4.33;32;1.06;32;2023-05-12;4;1
0008;2023-05-08;Segunda;1;06/10;;Inverno;2023.0;5.0;5;6.15;26;1.0;26;2023-05-12;4;1
0025;2023-05-09;Terça;1;0;;Inverno;2023.0;5.0;8;9.58;17;1.02;17;2023-05-16;7;1
0086;2023-05-09;Terça;1;0;;Inverno;2023.0;5.0;20;23.03;2;1.0;2;2023-05-22;13;1
0019;2023-05-09;Terça;1;0;;Inverno;2023.0;5.0;1;7.39;19;1.34;19;2023-05-18;9;1
0126;2023-05-10;Quarta;1;0;;Inverno;2023.0;5.0;14;21.71;6;1.0;6;2023-05-26;16;0
0118;2023-05-10;Quarta;1;0;;Inverno;2023.0;5.0;13;10.34;12;1.01;12;2023-05-25;15;1
0050;2023-05-10;Quarta;2;0;;Inverno;2023.0;5.0;7;7.8;18;2.03;18;2023-05-17;7;1
0091;2023-05-10;Quarta;1;0;;Inverno;2023.0;5.0;9;28.67;4;1.0;4;;0;0
0097;2023-05-10;Quarta;2;0;;Inverno;2023.0;5.0;4;10.3;22;2.05;22;2023-05-24;14;1
0128;2023-05-10;Quarta;1;0;;Inverno;2023.0;5.0;20;9.67;9;1.0;9;2023-05-29;19;0
0044;2023-05-11;Quinta;1;0;;Inverno;2023.0;5.0;3;4.18;35;1.0;35;2023-05-16;5;1
0056;2023-05-11;Quinta;1;0;;Inverno;2023.0;5.0;6;10.01;26;1.53;26;2023-05-16;5;1
0081;2023-05-11;Quinta;1;0;;Inverno;2023.0;5.0;14;17.92;7;1.02;7;2023-05-30;19;0
0120;2023-05-11;Quinta;2;0;;Inverno;2023.0;5.0;9;14.07;10;1.93;10;2023-05-18;7;1
0113;2023-05-11;Quinta;2;0;;Inverno;2023.0;5.0;22;26.2;5;1.5;5;2023-05-29;18;0
0054;2023-05-11;Quinta;1;0;;Inverno;2023.0;5.0;15;9.38;7;2.16;7;2023-05-15;4;1
0089;2023-05-11;Quinta;1;02/03;;Inverno;2023.0;5.0;3;5.91;29;1.01;29;2023-05-13;2;1
0010;2023-05-12;Sexta;2;0;;Inverno;2023.0;5.0;14;5.97;25;2.0;25;2023-05-17;5;1
0099;2023-05-12;Sexta;1;0;;Inverno;2023.0;5.0;10;8.71;20;1.39;20;2023-05-20;8;1
0129;2023-05-12;Sexta;1;0;;Inverno;2023.0;5.0;4;4.33;33;1.06;33;2023-05-15;3;1
0008;2023-05-12;Sexta;1;07/10;;Inverno;2023.0;5.0;4;6.15;27;1.0;27;2023-05-17;5;1
0061;2023-05-12;Sexta;2;0;;Inverno;2023.0;5.0;9;10.91;15;1.93;15;2023-05-23;11;1
0089;2023-05-13;Sábado;1;03/03;;Inverno;2023.0;5.0;2;5.91;30;1.01;30;2023-05-15;2;1
0089;2023-05-15;Segunda;1;0;;Inverno;2023.0;5.0;2;5.91;31;1.01;31;2023-05-17;2;1
0134;2023-05-15;Segunda;4;0;;Inverno;2023.0;5.0;30;23.15;3;2.05;3;2023-07-11;57;0
0004;2023-05-15;Segunda;1;04/10;;Inverno;2023.0;5.0;7;12.69;14;1.0;14;2023-05-23;8;1
0129;2023-05-15;Segunda;1;0;;Inverno;2023.0;5.0;3;4.33;34;1.06;34;2023-05-18;3;1
0049;2023-05-15;Segunda;1;0;;Inverno;2023.0;5.0;10;23.72;6;1.0;6;2023-05-26;11;1
0054;2023-05-15;Segunda;3;0;;Inverno;2023.0;5.0;4;9.38;8;2.16;8;2023-06-02;18;0
0025;2023-05-16;Terça;1;0;;Inverno;2023.0;5.0;7;9.58;18;1.02;18;2023-05-24;8;1
0030;2023-05-16;Terça;2;0;;Inverno;2023.0;5.0;22;12.9;3;2.09;3;2023-05-30;14;1
0056;2023-05-16;Terça;1;0;;Inverno;2023.0;5.0;5;10.01;27;1.53;27;2023-05-19;3;1
0063;2023-05-16;Terça;3;0;;Inverno;2023.0;5.0;14;10.54;11;1.89;11;2023-05-29;13;1
0002;2023-05-16;Terça;1;0;;Inverno;2023.0;5.0;0;30.45;1;1.0;1;2023-06-15;30;0
0044;2023-05-16;Terça;1;0;;Inverno;2023.0;5.0;5;4.18;36;1.0;36;2023-05-19;3;1
0008;2023-05-17;Quarta;1;08/10;;Inverno;2023.0;5.0;5;6.15;28;1.0;28;2023-05-20;3;1
0089;2023-05-17;Quarta;1;02/03;;Inverno;2023.0;5.0;2;5.91;32;1.01;32;2023-05-20;3;1
0050;2023-05-17;Quarta;2;0;;Inverno;2023.0;5.0;7;7.8;19;2.03;19;2023-05-25;8;1
0078;2023-05-17;Quarta;2;0;;Inverno;2023.0;5.0;37;20.63;5;2.0;5;2023-06-13;27;0
0010;2023-05-17;Quarta;2;0;;Inverno;2023.0;5.0;5;5.97;26;2.0;26;2023-05-25;8;1
0046;2023-05-17;Quarta;2;0;;Inverno;2023.0;5.0;104;131.0;2;2.0;2;2023-08-28;103;0
0082;2023-05-17;Quarta;1;0;;Inverno;2023.0;5.0;86;165.6;4;1.0;4;2024-06-06;386;0
0019;2023-05-18;Quinta;1;0;;Inverno;2023.0;5.0;9;7.39;20;1.34;20;2023-05-20;2;1
0129;2023-05-18;Quinta;2;0;;Inverno;2023.0;5.0;3;4.33;35;1.06;35;2023-05-23;5;1
0120;2023-05-18;Quinta;2;0;;Inverno;2023.0;5.0;7;14.07;11;1.93;11;2023-05-29;11;1
0056;2023-05-19;Sexta;1;0;;Inverno;2023.0;5.0;3;10.01;28;1.53;28;2023-05-23;4;1
0044;2023-05-19;Sexta;1;0;;Inverno;2023.0;5.0;3;4.18;37;1.0;37;2023-05-22;3;1
0064;2023-05-19;Sexta;1;0;;Inverno;2023.0;5.0;57;57.0;2;1.0;2;;0;0
0132;2023-05-20;Sábado;1;0;;Inverno;2023.0;5.0;21;14.14;10;1.01;10;2023-05-30;10;1
0089;2023-05-20;Sábado;1;03/03;;Inverno;2023.0;5.0;3;5.91;33;1.01;33;2023-05-22;2;1
0099;2023-05-20;Sábado;1;0;;Inverno;2023.0;5.0;8;8.71;21;1.39;21;2023-05-31;11;1
0019;2023-05-20;Sábado;1;0;;Inverno;2023.0;5.0;2;7.39;21;1.34;21;2023-05-29;9;1
0008;2023-05-20;Sábado;1;09/10;;Inverno;2023.0;5.0;3;6.15;29;1.0;29;2023-05-30;10;1
0021;2023-05-20;Sábado;1;0;;Inverno;2023.0;5.0;14;16.35;9;1.66;9;2023-06-02;13;1
0086;2023-05-22;Segunda;1;0;;Inverno;2023.0;5.0;13;23.03;3;1.0;3;2023-06-13;22;0
0089;2023-05-22;Segunda;1;03/03;;Inverno;2023.0;5.0;2;5.91;34;1.01;34;2023-05-25;3;1
0044;2023-05-22;Segunda;1;0;;Inverno;2023.0;5.0;3;4.18;38;1.0;38;2023-05-25;3;1
0125;2023-05-23;Terça;2;0;;Inverno;2023.0;5.0;63;45.88;3;2.0;3;2023-07-06;44;0
0056;2023-05-23;Terça;1;0;;Inverno;2023.0;5.0;4;10.01;29;1.53;29;2023-05-29;6;1
0129;2023-05-23;Terça;1;0;;Inverno;2023.0;5.0;5;4.33;36;1.06;36;2023-05-31;8;1
0004;2023-05-23;Terça;1;05/10;;Inverno;2023.0;5.0;8;12.69;15;1.0;15;2023-06-01;9;1
0061;2023-05-23;Terça;2;0;;Inverno;2023.0;5.0;11;10.91;16;1.93;16;2023-06-03;11;1
0097;2023-05-24;Quarta;2;0;;Inverno;2023.0;5.0;14;10.3;23;2.05;23;2023-05-25;1;1
0025;2023-05-24;Quarta;1;0;;Inverno;2023.0;5.0;8;9.58;19;1.02;19;2023-06-03;10;1
0097;2023-05-25;Quinta;2;0;;Inverno;2023.0;5.0;1;10.3;24;2.05;24;2023-06-05;11;1
0044;2023-05-25;Quinta;1;0;;Inverno;2023.0;5.0;3;4.18;39;1.0;39;2023-05-30;5;1
0010;2023-05-25;Quinta;1;0;;Inverno;2023.0;5.0;8;5.97;27;2.0;27;2023-06-02;8;1
0009;2023-05-25;Quinta;1;10/10;;Inverno;2023.0;5.0;0;;1;1.0;1;;0;0
0050;2023-05-25;Quinta;2;0;;Inverno;2023.0;5.0;8;7.8;20;2.03;20;2023-06-01;7;1
0118;2023-05-25;Quinta;1;0;;Inverno;2023.0;5.0;15;10.34;13;1.01;13;2023-06-03;9;1
0089;2023-05-25;Quinta;1;02/03;;Inverno;2023.0;5.0;3;5.91;35;1.01;35;2023-06-01;7;1
0126;2023-05-26;Sexta;1;3;;Inverno;2023.0;5.0;16;21.71;7;1.0;7;2023-06-16;21;0
0049;2023-05-26;Sexta;1;0;;Inverno;2023.0;5.0;11;23.72;7;1.0;7;2023-05-31;5;1
0095;2023-05-26;Sexta;1;0;;Inverno;2023.0;5.0;30;16.5;11;1.0;11;2023-07-14;49;0
0019;2023-05-29;Segunda;1;0;;Inverno;2023.0;5.0;9;7.39;22;1.34;22;2023-06-09;11;1
0128;2023-05-29;Segunda;1;0;;Inverno;2023.0;5.0;19;9.67;10;1.0;10;;0;0
0056;2023-05-29;Segunda;1;0;;Inverno;2023.0;5.0;6;10.01;30;1.53;30;2023-05-30;1;1
0113;2023-05-29;Segunda;1;0;;Inverno;2023.0;5.0;18;26.2;6;1.5;6;;0;0
0120;2023-05-29;Segunda;2;0;;Inverno;2023.0;5.0;11;14.07;12;1.93;12;2023-06-09;11;1
0063;2023-05-29;Segunda;2;0;;Inverno;2023.0;5.0;13;10.54;12;1.89;12;2023-06-05;7;1
0030;2023-05-30;Terça;2;0;;Inverno;2023.0;5.0;14;12.9;4;2.09;4;2023-06-23;24;0
0044;2023-05-30;Terça;1;0;;Inverno;2023.0;5.0;5;4.18;40;1.0;40;2023-06-01;2;1
0081;2023-05-30;Terça;1;0;;Inverno;2023.0;5.0;19;17.92;8;1.02;8;2023-06-14;15;1
0008;2023-05-30;Terça;1;01/10;;Inverno;2023.0;5.0;10;6.15;30;1.0;30;2023-06-03;4;1
0056;2023-05-30;Terça;1;0;;Inverno;2023.0;5.0;1;10.01;31;1.53;31;2023-06-06;7;1
0132;2023-05-30;Terça;1;0;;Inverno;2023.0;5.0;10;14.14;11;1.01;11;2023-06-15;16;0
0099;2023-05-31;Quarta;1;0;;Inverno;2023.0;5.0;11;8.71;22;1.39;22;2023-06-10;10;1
0049;2023-05-31;Quarta;1;0;;Inverno;2023.0;5.0;5;23.72;8;1.0;8;2023-06-07;7;1
0129;2023-05-31;Quarta;1;0;;Inverno;2023.0;5.0;8;4.33;37;1.06;37;2023-06-05;5;1
0044;2023-06-01;Quinta;1;0;;Inverno;2023.0;6.0;2;4.18;41;1.0;41;2023-06-07;6;1
0127;2023-06-01;Quinta;2;0;;Inverno;2023.0;6.0;24;11.09;10;1.1;10;2023-06-15;14;1
0004;2023-06-01;Quinta;1;06/10;;Inverno;2023.0;6.0;9;12.69;16;1.0;16;2023-06-14;13;1
0089;2023-06-01;Quinta;1;01/03;;Inverno;2023.0;6.0;7;5.91;36;1.01;36;2023-06-05;4;1
0050;2023-06-01;Quinta;2;0;;Inverno;2023.0;6.0;7;7.8;21;2.03;21;2023-06-09;8;1
0021;2023-06-02;Sexta;2;0;;Inverno;2023.0;6.0;13;16.35;10;1.66;10;2023-06-23;21;0
0010;2023-06-02;Sexta;2;02/16;;Inverno;2023.0;6.0;8;5.97;28;2.0;28;2023-06-13;11;1
0058;2023-06-02;Sexta;2;0;;Inverno;2023.0;6.0;0;;1;2.0;1;;0;0
0054;2023-06-02;Sexta;2;0;;Inverno;2023.0;6.0;18;9.38;9;2.16;9;2023-06-12;10;1
0061;2023-06-03;Sábado;2;0;;Inverno;2023.0;6.0;11;10.91;17;1.93;17;2023-06-16;13;1
0008;2023-06-03;Sábado;1;02/10;;Inverno;2023.0;6.0;4;6.15;31;1.0;31;2023-06-09;6;1
0118;2023-06-03;Sábado;1;0;;Inverno;2023.0;6.0;9;10.34;14;1.01;14;2023-06-12;9;1
0025;2023-06-03;Sábado;1;0;;Inverno;2023.0;6.0;10;9.58;20;1.02;20;2023-06-21;18;0
0129;2023-06-05;Segunda;1;0;;Inverno;2023.0;6.0;5;4.33;38;1.06;38;2023-06-12;7;1
0063;2023-06-05;Segunda;2;0;;Inverno;2023.0;6.0;7;10.54;13;1.89;13;2023-06-19;14;1
0097;2023-06-05;Segunda;3;0;;Inverno;2023.0;6.0;11;10.3;25;2.05;25;2023-06-15;10;1
0089;2023-06-05;Segunda;1;02/03;;Inverno;2023.0;6.0;4;5.91;37;1.01;37;2023-06-09;4;1
0056;2023-06-06;Terça;2;0;;Inverno;2023.0;6.0;7;10.01;32;1.53;32;2023-06-12;6;1
0112;2023-06-07;Quarta;1;0;;Inverno;2023.0;6.0;51;15.68;8;1.05;8;2023-06-19;12;1
0049;2023-06-07;Quarta;1;0;;Inverno;2023.0;6.0;7;23.72;9;1.0;9;2023-06-15;8;1
0044;2023-06-07;Quarta;1;0;;Inverno;2023.0;6.0;6;4.18;42;1.0;42;2023-06-12;5;1
0120;2023-06-09;Sexta;2;0;;Inverno;2023.0;6.0;11;14.07;13;1.93;13;2023-06-19;10;1
0050;2023-06-09;Sexta;2;0;;Inverno;2023.0;6.0;8;7.8;22;2.03;22;2023-06-15;6;1
0089;2023-06-09;Sexta;1;03/03;;Inverno;2023.0;6.0;4;5.91;38;1.01;38;2023-06-12;3;1
0019;2023-06-09;Sexta;1;0;;Inverno;2023.0;6.0;11;7.39;23;1.34;23;2023-06-12;3;1
0008;2023-06-09;Sexta;1;03/10;;Inverno;2023.0;6.0;6;6.15;32;1.0;32;2023-06-14;5;1
0099;2023-06-10;Sábado;1;0;;Inverno;2023.0;6.0;10;8.71;23;1.39;23;2023-06-13;3;1
0089;2023-06-12;Segunda;1;01/03;;Inverno;2023.0;6.0;3;5.91;39;1.01;39;2023-06-14;2;1
0044;2023-06-12;Segunda;1;0;;Inverno;2023.0;6.0;5;4.18;43;1.0;43;2023-06-15;3;1
0019;2023-06-12;Segunda;1;0;;Inverno;2023.0;6.0;3;7.39;24;1.34;24;2023-06-19;7;1
0118;2023-06-12;Segunda;1;0;;Inverno;2023.0;6.0;9;10.34;15;1.01;15;2023-06-20;8;1
0129;2023-06-12;Segunda;1;0;;Inverno;2023.0;6.0;7;4.33;39;1.06;39;2023-06-16;4;1
0056;2023-06-12;Segunda;2;0;;Inverno;2023.0;6.0;6;10.01;33;1.53;33;2023-06-20;8;1
0054;2023-06-12;Segunda;2;0;;Inverno;2023.0;6.0;10;9.38;10;2.16;10;2023-06-27;15;1
0010;2023-06-13;Terça;2;1;;Inverno;2023.0;6.0;11;5.97;29;2.0;29;2023-06-16;3;1
0086;2023-06-13;Terça;1;0;;Inverno;2023.0;6.0;22;23.03;4;1.0;4;2023-08-01;49;0
0078;2023-06-13;Terça;2;0;;Inverno;2023.0;6.0;27;20.63;6;2.0;6;;0;0
0099;2023-06-13;Terça;1;0;;Inverno;2023.0;6.0;3;8.71;24;1.39;24;2023-06-19;6;1
0081;2023-06-14;Quarta;1;0;;Inverno;2023.0;6.0;15;17.92;9;1.02;9;2023-07-18;34;0
0004;2023-06-14;Quarta;1;07/10;;Inverno;2023.0;6.0;13;12.69;17;1.0;17;2023-06-26;12;1
0008;2023-06-14;Quarta;1;04/10;;Inverno;2023.0;6.0;5;6.15;33;1.0;33;2023-06-19;5;1
0089;2023-06-14;Quarta;1;02/03;;Inverno;2023.0;6.0;2;5.91;40;1.01;40;2023-06-16;2;1
0097;2023-06-15;Quinta;2;0;;Inverno;2023.0;6.0;10;10.3;26;2.05;26;2023-06-19;4;1
0044;2023-06-15;Quinta;1;0;;Inverno;2023.0;6.0;3;4.18;44;1.0;44;2023-06-19;4;1
0049;2023-06-15;Quinta;1;0;;Inverno;2023.0;6.0;8;23.72;10;1.0;10;2023-08-03;49;0
0002;2023-06-15;Quinta;1;0;;Inverno;2023.0;6.0;30;30.45;2;1.0;2;2023-06-27;12;1
0050;2023-06-15;Quinta;2;0;;Inverno;2023.0;6.0;6;7.8;23;2.03;23;2023-06-22;7;1
0132;2023-06-15;Quinta;1;0;;Inverno;2023.0;6.0;16;14.14;12;1.01;12;2023-07-05;20;0
0127;2023-06-15;Quinta;1;0;;Inverno;2023.0;6.0;14;11.09;11;1.1;11;2023-06-26;11;1
0061;2023-06-16;Sexta;2;0;;Inverno;2023.0;6.0;13;10.91;18;1.93;18;2023-06-28;12;1
0010;2023-06-16;Sexta;2;0;;Inverno;2023.0;6.0;3;5.97;30;2.0;30;2023-06-21;5;1
0129;2023-06-16;Sexta;1;0;;Inverno;2023.0;6.0;4;4.33;40;1.06;40;2023-06-19;3;1
0126;2023-06-16;Sexta;1;0;;Inverno;2023.0;6.0;21;21.71;8;1.0;8;2023-07-07;21;0
0089;2023-06-16;Sexta;1;03/03;;Inverno;2023.0;6.0;2;5.91;41;1.01;41;2023-06-20;4;1
0044;2023-06-19;Segunda;1;0;;Inverno;2023.0;6.0;4;4.18;45;1.0;45;2023-06-27;8;1
0120;2023-06-19;Segunda;2;0;;Inverno;2023.0;6.0;10;14.07;14;1.93;14;2023-06-29;10;1
0097;2023-06-19;Segunda;2;0;;Inverno;2023.0;6.0;4;10.3;27;2.05;27;2023-07-06;17;0
0063;2023-06-19;Segunda;2;0;;Inverno;2023.0;6.0;14;10.54;14;1.89;14;2023-06-26;7;1
0112;2023-06-19;Segunda;1;0;;Inverno;2023.0;6.0;12;15.68;9;1.05;9;2023-07-05;16;0
0099;2023-06-19;Segunda;1;0;;Inverno;2023.0;6.0;6;8.71;25;1.39;25;2023-06-26;7;1
0019;2023-06-19;Segunda;1;0;;Inverno;2023.0;6.0;7;7.39;25;1.34;25;2023-06-23;4;1
0129;2023-06-19;Segunda;2;0;;Inverno;2023.0;6.0;3;4.33;41;1.06;41;2023-06-28;9;1
0008;2023-06-19;Segunda;1;05/10;;Inverno;2023.0;6.0;5;6.15;34;1.0;34;2023-06-26;7;1
0118;2023-06-20;Terça;1;0;;Inverno;2023.0;6.0;8;10.34;16;1.01;16;2023-06-28;8;1
0056;2023-06-20;Terça;2;0;;Inverno;2023.0;6.0;8;10.01;34;1.53;34;2023-06-27;7;1
0089;2023-06-20;Terça;1;0;;Inverno;2023.0;6.0;4;5.91;42;1.01;42;2023-06-27;7;1
0025;2023-06-21;Quarta;1;0;;Inverno;2023.0;6.0;18;9.58;21;1.02;21;2023-07-03;12;1
0010;2023-06-21;Quarta;2;0;;Inverno;2023.0;6.0;5;5.97;31;2.0;31;2023-06-27;6;1
0050;2023-06-22;Quinta;2;0;;Inverno;2023.0;6.0;7;7.8;24;2.03;24;2023-06-26;4;1
0021;2023-06-23;Sexta;2;0;;Inverno;2023.0;6.0;21;16.35;11;1.66;11;2023-07-07;14;1
0019;2023-06-23;Sexta;1;0;;Inverno;2023.0;6.0;4;7.39;26;1.34;26;2023-06-29;6;1
0030;2023-06-23;Sexta;2;0;;Inverno;2023.0;6.0;24;12.9;5;2.09;5;2023-06-29;6;1
0099;2023-06-26;Segunda;1;0;;Inverno;2023.0;6.0;7;8.71;26;1.39;26;2023-07-10;14;1
0050;2023-06-26;Segunda;2;0;;Inverno;2023.0;6.0;4;7.8;25;2.03;25;2023-07-03;7;1
0127;2023-06-26;Segunda;1;0;;Inverno;2023.0;6.0;11;11.09;12;1.1;12;2023-07-07;11;1
0063;2023-06-26;Segunda;2;0;;Inverno;2023.0;6.0;7;10.54;15;1.89;15;2023-07-28;32;0
0004;2023-06-26;Segunda;1;08/10;;Inverno;2023.0;6.0;12;12.69;18;1.0;18;2023-07-17;21;0
0023;2023-06-26;Segunda;1;0;;Inverno;2023.0;6.0;59;38.88;5;1.0;5;2023-07-21;25;0
0008;2023-06-26;Segunda;1;06/10;;Inverno;2023.0;6.0;7;6.15;35;1.0;35;2023-07-03;7;1
0044;2023-06-27;Terça;1;0;;Inverno;2023.0;6.0;8;4.18;46;1.0;46;2023-07-03;6;1
0002;2023-06-27;Terça;1;0;;Inverno;2023.0;6.0;12;30.45;3;1.0;3;2023-07-11;14;1
0056;2023-06-27;Terça;2;0;;Inverno;2023.0;6.0;7;10.01;35;1.53;35;2023-07-03;6;1
0010;2023-06-27;Terça;2;0;;Inverno;2023.0;6.0;6;5.97;32;2.0;32;2023-06-28;1;1
0089;2023-06-27;Terça;1;0;;Inverno;2023.0;6.0;7;5.91;43;1.01;43;2023-07-03;6;1
0054;2023-06-27;Terça;2;0;;Inverno;2023.0;6.0;15;9.38;11;2.16;11;2023-07-10;13;1
0061;2023-06-28;Quarta;2;0;;Inverno;2023.0;6.0;12;10.91;19;1.93;19;2023-07-10;12;1
0010;2023-06-28;Quarta;2;0;;Inverno;2023.0;6.0;1;5.97;33;2.0;33;2023-07-11;13;1
0118;2023-06-28;Quarta;1;0;;Inverno;2023.0;6.0;8;10.34;17;1.01;17;2023-07-10;12;1
0129;2023-06-28;Quarta;1;0;;Inverno;2023.0;6.0;9;4.33;42;1.06;42;2023-07-04;6;1
0030;2023-06-29;Quinta;2;0;Deve 1;Inverno;2023.0;6.0;6;12.9;6;2.09;6;2023-07-15;16;0
0120;2023-06-29;Quinta;2;0;;Inverno;2023.0;6.0;10;14.07;15;1.93;15;2023-07-11;12;1
0019;2023-06-29;Quinta;1;0;;Inverno;2023.0;6.0;6;7.39;27;1.34;27;;0;0
0044;2023-07-03;Segunda;1;0;;Inverno;2023.0;7.0;6;4.18;47;1.0;47;2023-07-05;2;1
0089;2023-07-03;Segunda;1;0;;Inverno;2023.0;7.0;6;5.91;44;1.01;44;2023-07-04;1;1
0008;2023-07-03;Segunda;1;07/10;;Inverno;2023.0;7.0;7;6.15;36;1.0;36;2023-07-05;2;1
0056;2023-07-03;Segunda;1;0;;Inverno;2023.0;7.0;6;10.01;36;1.53;36;2023-07-07;4;1
0025;2023-07-03;Segunda;1;0;T/ pago;Inverno;2023.0;7.0;12;9.58;22;1.02;22;2023-07-17;14;1
0050;2023-07-03;Segunda;2;0;;Inverno;2023.0;7.0;7;7.8;26;2.03;26;2023-07-10;7;1
0089;2023-07-04;Terça;1;0;;Inverno;2023.0;7.0;1;5.91;45;1.01;45;2023-07-10;6;1
0129;2023-07-04;Terça;1;0;;Inverno;2023.0;7.0;6;4.33;43;1.06;43;2023-07-11;7;1
0112;2023-07-05;Quarta;1;0;;Inverno;2023.0;7.0;16;15.68;10;1.05;10;2023-07-18;13;1
0044;2023-07-05;Quarta;1;0;;Inverno;2023.0;7.0;2;4.18;48;1.0;48;2023-07-10;5;1
0132;2023-07-05;Quarta;1;0;;Inverno;2023.0;7.0;20;14.14;13;1.01;13;2023-07-22;17;0
0008;2023-07-05;Quarta;1;08/10;;Inverno;2023.0;7.0;2;6.15;37;1.0;37;2023-07-13;8;1
0097;2023-07-06;Quinta;2;0;;Inverno;2023.0;7.0;17;10.3;28;2.05;28;2023-07-10;4;1
0125;2023-07-06;Quinta;2;0;;Inverno;2023.0;7.0;44;45.88;4;2.0;4;2023-11-01;118;0
0056;2023-07-07;Sexta;2;0;;Inverno;2023.0;7.0;4;10.01;37;1.53;37;2023-07-13;6;1
0021;2023-07-07;Sexta;2;0;;Inverno;2023.0;7.0;14;16.35;12;1.66;12;2023-07-22;15;1
0127;2023-07-07;Sexta;1;0;;Inverno;2023.0;7.0;11;11.09;13;1.1;13;2023-07-21;14;1
0126;2023-07-07;Sexta;1;0;;Inverno;2023.0;7.0;21;21.71;9;1.0;9;2023-08-15;39;0
0061;2023-07-10;Segunda;2;0;;Inverno;2023.0;7.0;12;10.91;20;1.93;20;2023-07-20;10;1
0097;2023-07-10;Segunda;2;0;;Inverno;2023.0;7.0;4;10.3;29;2.05;29;2023-07-26;16;0
0099;2023-07-10;Segunda;2;0;;Inverno;2023.0;7.0;14;8.71;27;1.39;27;2023-07-24;14;1
0089;2023-07-10;Segunda;1;01/03;;Inverno;2023.0;7.0;6;5.91;46;1.01;46;2023-07-13;3;1
0044;2023-07-10;Segunda;1;0;;Inverno;2023.0;7.0;5;4.18;49;1.0;49;2023-07-15;5;1
0118;2023-07-10;Segunda;1;0;;Inverno;2023.0;7.0;12;10.34;18;1.01;18;2023-07-25;15;1
0050;2023-07-10;Segunda;2;0;;Inverno;2023.0;7.0;7;7.8;27;2.03;27;2023-07-17;7;1
0054;2023-07-10;Segunda;1;0;;Inverno;2023.0;7.0;13;9.38;12;2.16;12;2023-07-22;12;1
0002;2023-07-11;Terça;1;0;;Inverno;2023.0;7.0;14;30.45;4;1.0;4;2023-08-28;48;0
0010;2023-07-11;Terça;2;0;;Inverno;2023.0;7.0;13;5.97;34;2.0;34;;0;0
0134;2023-07-11;Terça;4;0;;Inverno;2023.0;7.0;57;23.15;4;2.05;4;2023-07-31;20;0
0028;2023-07-11;Terça;2;0;;Inverno;2023.0;7.0;0;19.0;1;2.0;1;2023-07-21;10;1
0129;2023-07-11;Terça;2;0;;Inverno;2023.0;7.0;7;4.33;44;1.06;44;2023-07-20;9;1
0120;2023-07-11;Terça;2;0;;Inverno;2023.0;7.0;12;14.07;16;1.93;16;2023-07-24;13;1
0019;2023-07-12;Quarta;2;0;;Inverno;2023.0;7.0;0;7.39;28;1.34;28;2023-07-25;0;0
0010;2023-07-12;Quarta;4;0;;Inverno;2023.0;7.0;0;5.97;35;2.0;35;2023-07-26;0;0
0078;2023-07-12;Quarta;2;0;;Inverno;2023.0;7.0;0;20.63;7;2.0;7;2023-08-04;0;0
0056;2023-07-13;Quinta;2;0;;Inverno;2023.0;7.0;6;10.01;38;1.53;38;2023-07-17;4;1
0008;2023-07-13;Quinta;1;09/10;;Inverno;2023.0;7.0;8;6.15;38;1.0;38;2023-07-19;6;1
0089;2023-07-13;Quinta;1;02/03;;Inverno;2023.0;7.0;3;5.91;47;1.01;47;2023-07-17;4;1
0095;2023-07-14;Sexta;1;0;;Inverno;2023.0;7.0;49;16.5;12;1.0;12;2023-08-14;31;0
0030;2023-07-15;Sábado;2;0;;Inverno;2023.0;7.0;16;12.9;7;2.09;7;2023-07-20;5;1
0044;2023-07-15;Sábado;1;0;;Inverno;2023.0;7.0;5;4.18;50;1.0;50;2023-07-20;5;1
0056;2023-07-17;Segunda;2;0;;Inverno;2023.0;7.0;4;10.01;39;1.53;39;2023-07-21;4;1
0025;2023-07-17;Segunda;1;0;;Inverno;2023.0;7.0;14;9.58;23;1.02;23;2023-07-27;10;1
0089;2023-07-17;Segunda;1;03/03;;Inverno;2023.0;7.0;4;5.91;48;1.01;48;2023-07-25;8;1
0004;2023-07-17;Segunda;1;10/10;;Inverno;2023.0;7.0;21;12.69;19;1.0;19;2023-07-24;7;1
0050;2023-07-17;Segunda;2;0;;Inverno;2023.0;7.0;7;7.8;28;2.03;28;2023-07-24;7;1
0081;2023-07-18;Terça;1;0;;Inverno;2023.0;7.0;34;17.92;10;1.02;10;2023-08-04;17;0
0112;2023-07-18;Terça;1;0;;Inverno;2023.0;7.0;13;15.68;11;1.05;11;2023-08-22;35;0
0008;2023-07-19;Quarta;1;10/10;;Inverno;2023.0;7.0;6;6.15;39;1.0;39;2023-07-24;5;1
0030;2023-07-20;Quinta;2;0;;Inverno;2023.0;7.0;5;12.9;8;2.09;8;2023-10-14;86;0
0129;2023-07-20;Quinta;1;0;;Inverno;2023.0;7.0;9;4.33;45;1.06;45;2023-07-25;5;1
0044;2023-07-20;Quinta;1;0;;Inverno;2023.0;7.0;5;4.18;51;1.0;51;2023-07-24;4;1
0061;2023-07-20;Quinta;2;0;;Inverno;2023.0;7.0;10;10.91;21;1.93;21;2023-08-01;12;1
0056;2023-07-21;Sexta;2;0;;Inverno;2023.0;7.0;4;10.01;40;1.53;40;2023-07-31;10;1
0023;2023-07-21;Sexta;1;0;;Inverno;2023.0;7.0;25;38.88;6;1.0;6;2024-05-07;291;0
0028;2023-07-21;Sexta;2;0;;Inverno;2023.0;7.0;10;19.0;2;2.0;2;2023-08-28;38;0
0127;2023-07-21;Sexta;1;0;;Inverno;2023.0;7.0;14;11.09;14;1.1;14;2023-08-04;14;1
0021;2023-07-22;Sábado;2;0;;Inverno;2023.0;7.0;15;16.35;13;1.66;13;2023-08-19;28;0
0054;2023-07-22;Sábado;3;0;;Inverno;2023.0;7.0;12;9.38;13;2.16;13;2023-08-04;13;1
0132;2023-07-22;Sábado;1;0;;Inverno;2023.0;7.0;17;14.14;14;1.01;14;2023-08-04;13;1
0044;2023-07-24;Segunda;1;0;;Inverno;2023.0;7.0;4;4.18;52;1.0;52;2023-07-27;3;1
0050;2023-07-24;Segunda;2;0;;Inverno;2023.0;7.0;7;7.8;29;2.03;29;2023-07-29;5;1
0004;2023-07-24;Segunda;1;01/10;;Inverno;2023.0;7.0;7;12.69;20;1.0;20;2023-07-31;7;1
0008;2023-07-24;Segunda;1;01/10;;Inverno;2023.0;7.0;5;6.15;40;1.0;40;2023-07-31;7;1
0099;2023-07-24;Segunda;1;0;;Inverno;2023.0;7.0;14;8.71;28;1.39;28;2023-07-25;1;1
0120;2023-07-24;Segunda;2;0;;Inverno;2023.0;7.0;13;14.07;17;1.93;17;2023-08-18;25;0
0118;2023-07-25;Terça;1;0;;Inverno;2023.0;7.0;15;10.34;19;1.01;19;2023-07-31;6;1
0019;2023-07-25;Terça;2;0;;Inverno;2023.0;7.0;0;7.39;29;1.34;29;2023-08-14;20;0
0099;2023-07-25;Terça;1;0;;Inverno;2023.0;7.0;1;8.71;29;1.39;29;2023-08-05;11;1
0089;2023-07-25;Terça;1;03/03;;Inverno;2023.0;7.0;8;5.91;49;1.01;49;2023-08-03;9;1
0129;2023-07-25;Terça;1;0;;Inverno;2023.0;7.0;5;4.33;46;1.06;46;2023-08-04;10;1
0097;2023-07-26;Quarta;2;0;;Inverno;2023.0;7.0;16;10.3;30;2.05;30;2023-07-29;3;1
0010;2023-07-26;Quarta;2;0;;Inverno;2023.0;7.0;0;5.97;36;2.0;36;2023-07-28;2;1
0025;2023-07-27;Quinta;1;0;;Inverno;2023.0;7.0;10;9.58;24;1.02;24;2023-08-05;9;1
0044;2023-07-27;Quinta;1;0;;Inverno;2023.0;7.0;3;4.18;53;1.0;53;2023-07-28;1;1
0044;2023-07-28;Sexta;1;0;;Inverno;2023.0;7.0;1;4.18;54;1.0;54;2023-07-31;3;1
0063;2023-07-28;Sexta;2;0;;Inverno;2023.0;7.0;32;10.54;16;1.89;16;2023-08-09;12;1
0010;2023-07-28;Sexta;2;0;;Inverno;2023.0;7.0;2;5.97;37;2.0;37;2023-08-01;4;1
0050;2023-07-29;Sábado;2;0;;Inverno;2023.0;7.0;5;7.8;30;2.03;30;2023-07-31;2;1
0097;2023-07-29;Sábado;2;0;;Inverno;2023.0;7.0;3;10.3;31;2.05;31;2023-08-04;6;1
0118;2023-07-31;Segunda;1;0;;Inverno;2023.0;7.0;6;10.34;20;1.01;20;2023-08-12;12;1
0050;2023-07-31;Segunda;2;0;;Inverno;2023.0;7.0;2;7.8;31;2.03;31;2023-08-09;9;1
0134;2023-07-31;Segunda;4;0;;Inverno;2023.0;7.0;20;23.15;5;2.05;5;2023-08-23;23;0
0056;2023-07-31;Segunda;2;0;;Inverno;2023.0;7.0;10;10.01;41;1.53;41;2023-08-08;8;1
0004;2023-07-31;Segunda;1;02/10;;Inverno;2023.0;7.0;7;12.69;21;1.0;21;2023-08-08;8;1
0008;2023-07-31;Segunda;1;02/10;;Inverno;2023.0;7.0;7;6.15;41;1.0;41;2023-08-11;11;1
0044;2023-07-31;Segunda;1;0;;Inverno;2023.0;7.0;3;4.18;55;1.0;55;2023-08-01;1;1
0061;2023-08-01;Terça;2;0;;Inverno;2023.0;8.0;12;10.91;22;1.93;22;2023-08-14;13;1
0010;2023-08-01;Terça;8;16;;Inverno;2023.0;8.0;4;5.97;38;2.0;38;2023-08-03;2;1
0044;2023-08-01;Terça;1;0;;Inverno;2023.0;8.0;1;4.18;56;1.0;56;2023-08-04;3;1
0086;2023-08-01;Terça;1;0;;Inverno;2023.0;8.0;49;23.03;5;1.0;5;2023-08-15;14;1
0010;2023-08-03;Quinta;1;01/15;;Inverno;2023.0;8.0;2;5.97;39;2.0;39;2023-08-16;13;1
0089;2023-08-03;Quinta;1;01/03;;Inverno;2023.0;8.0;9;5.91;50;1.01;50;2023-08-09;6;1
0049;2023-08-03;Quinta;1;0;;Inverno;2023.0;8.0;49;23.72;11;1.0;11;2023-08-30;27;0
0044;2023-08-04;Sexta;1;0;;Inverno;2023.0;8.0;3;4.18;57;1.0;57;2023-08-08;4;1
0054;2023-08-04;Sexta;1;0;;Inverno;2023.0;8.0;13;9.38;14;2.16;14;2023-08-14;10;1
0097;2023-08-04;Sexta;2;0;;Inverno;2023.0;8.0;6;10.3;32;2.05;32;2023-08-10;6;1
0129;2023-08-04;Sexta;2;0;;Inverno;2023.0;8.0;10;4.33;47;1.06;47;2023-08-08;4;1
0127;2023-08-04;Sexta;1;0;;Inverno;2023.0;8.0;14;11.09;15;1.1;15;2023-08-16;12;1
0132;2023-08-04;Sexta;1;0;;Inverno;2023.0;8.0;13;14.14;15;1.01;15;2023-08-17;13;1
0081;2023-08-04;Sexta;1;0;;Inverno;2023.0;8.0;17;17.92;11;1.02;11;2023-08-17;13;1
0078;2023-08-04;Sexta;2;0;;Inverno;2023.0;8.0;0;20.63;8;2.0;8;2023-08-31;27;0
0121;2023-08-04;Sexta;2;0;;Inverno;2023.0;8.0;0;;1;2.0;1;;0;0
0099;2023-08-05;Sábado;1;0;;Inverno;2023.0;8.0;11;8.71;30;1.39;30;2023-08-08;3;1
0025;2023-08-05;Sábado;1;0;;Inverno;2023.0;8.0;9;9.58;25;1.02;25;2023-08-16;11;1
0044;2023-08-08;Terça;1;0;;Inverno;2023.0;8.0;4;4.18;58;1.0;58;2023-08-12;4;1
0004;2023-08-08;Terça;1;03/10;;Inverno;2023.0;8.0;8;12.69;22;1.0;22;2023-08-15;7;1
0056;2023-08-08;Terça;2;0;;Inverno;2023.0;8.0;8;10.01;42;1.53;42;2023-08-17;9;1
0099;2023-08-08;Terça;1;0;;Inverno;2023.0;8.0;3;8.71;31;1.39;31;2023-08-18;10;1
0129;2023-08-08;Terça;1;0;;Inverno;2023.0;8.0;4;4.33;48;1.06;48;2023-08-12;4;1
0063;2023-08-09;Quarta;2;0;;Inverno;2023.0;8.0;12;10.54;17;1.89;17;2023-08-23;14;1
0050;2023-08-09;Quarta;2;0;;Inverno;2023.0;8.0;9;7.8;32;2.03;32;2023-08-10;1;1
0089;2023-08-09;Quarta;1;02/03;;Inverno;2023.0;8.0;6;5.91;51;1.01;51;2023-08-17;8;1
0050;2023-08-10;Quinta;2;0;;Inverno;2023.0;8.0;1;7.8;33;2.03;33;2023-08-15;5;1
0097;2023-08-10;Quinta;2;0;;Inverno;2023.0;8.0;6;10.3;33;2.05;33;2023-08-16;6;1
0008;2023-08-11;Sexta;1;04/10;;Inverno;2023.0;8.0;11;6.15;42;1.0;42;2023-08-18;7;1
0118;2023-08-12;Sábado;1;0;;Inverno;2023.0;8.0;12;10.34;21;1.01;21;2023-08-25;13;1
0129;2023-08-12;Sábado;1;0;;Inverno;2023.0;8.0;4;4.33;49;1.06;49;2023-08-18;6;1
0044;2023-08-12;Sábado;1;0;;Inverno;2023.0;8.0;4;4.18;59;1.0;59;2023-08-14;2;1
0061;2023-08-14;Segunda;2;0;;Inverno;2023.0;8.0;13;10.91;23;1.93;23;2023-08-24;10;1
0019;2023-08-14;Segunda;2;0;;Inverno;2023.0;8.0;20;7.39;30;1.34;30;2023-08-23;9;1
0095;2023-08-14;Segunda;1;0;;Inverno;2023.0;8.0;31;16.5;13;1.0;13;2023-10-18;65;0
0054;2023-08-14;Segunda;1;0;;Inverno;2023.0;8.0;10;9.38;15;2.16;15;2023-08-17;3;1
0044;2023-08-14;Segunda;1;0;;Inverno;2023.0;8.0;2;4.18;60;1.0;60;2023-08-19;5;1
0126;2023-08-15;Terça;1;0;;Inverno;2023.0;8.0;39;21.71;10;1.0;10;2023-08-29;14;1
0004;2023-08-15;Terça;1;04/10;;Inverno;2023.0;8.0;7;12.69;23;1.0;23;2023-08-23;8;1
0050;2023-08-15;Terça;2;0;;Inverno;2023.0;8.0;5;7.8;34;2.03;34;2023-08-23;8;1
0086;2023-08-15;Terça;1;0;;Inverno;2023.0;8.0;14;23.03;6;1.0;6;2023-08-29;14;1
0010;2023-08-16;Quarta;2;0;;Inverno;2023.0;8.0;13;5.97;40;2.0;40;2023-08-17;1;1
0127;2023-08-16;Quarta;1;0;;Inverno;2023.0;8.0;12;11.09;16;1.1;16;2023-08-28;12;1
0097;2023-08-16;Quarta;2;0;;Inverno;2023.0;8.0;6;10.3;34;2.05;34;2023-08-21;5;1
0025;2023-08-16;Quarta;1;0;;Inverno;2023.0;8.0;11;9.58;26;1.02;26;2023-08-24;8;1
0056;2023-08-17;Quinta;2;0;;Inverno;2023.0;8.0;9;10.01;43;1.53;43;2023-08-24;7;1
0081;2023-08-17;Quinta;1;0;;Inverno;2023.0;8.0;13;17.92;12;1.02;12;2023-08-31;14;1
0010;2023-08-17;Quinta;2;05/15;;Inverno;2023.0;8.0;1;5.97;41;2.0;41;2023-08-28;11;1
0132;2023-08-17;Quinta;1;0;;Inverno;2023.0;8.0;13;14.14;16;1.01;16;2023-09-08;22;0
0089;2023-08-17;Quinta;1;03/03;;Inverno;2023.0;8.0;8;5.91;52;1.01;52;2023-08-23;6;1
0054;2023-08-17;Quinta;1;0;;Inverno;2023.0;8.0;3;9.38;16;2.16;16;2023-08-23;6;1
0120;2023-08-18;Sexta;2;0;;Inverno;2023.0;8.0;25;14.07;18;1.93;18;2023-08-28;10;1
0099;2023-08-18;Sexta;1;0;;Inverno;2023.0;8.0;10;8.71;32;1.39;32;2023-08-24;6;1
0008;2023-08-18;Sexta;1;05/10;;Inverno;2023.0;8.0;7;6.15;43;1.0;43;2023-08-23;5;1
0129;2023-08-18;Sexta;1;0;;Inverno;2023.0;8.0;6;4.33;50;1.06;50;2023-08-22;4;1
0021;2023-08-19;Sábado;2;0;;Inverno;2023.0;8.0;28;16.35;14;1.66;14;2023-08-25;6;1
0044;2023-08-19;Sábado;1;0;;Inverno;2023.0;8.0;5;4.18;61;1.0;61;2023-08-22;3;1
0097;2023-08-21;Segunda;2;0;;Inverno;2023.0;8.0;5;10.3;35;2.05;35;2023-08-25;4;1
0129;2023-08-22;Terça;1;0;;Inverno;2023.0;8.0;4;4.33;51;1.06;51;2023-08-25;3;1
0044;2023-08-22;Terça;1;0;;Inverno;2023.0;8.0;3;4.18;62;1.0;62;2023-08-28;6;1
0112;2023-08-22;Terça;1;0;;Inverno;2023.0;8.0;35;15.68;12;1.05;12;2023-09-06;15;1
0134;2023-08-23;Quarta;3;0;;Inverno;2023.0;8.0;23;23.15;6;2.05;6;2023-09-11;19;0
0089;2023-08-23;Quarta;1;0;;Inverno;2023.0;8.0;6;5.91;53;1.01;53;2023-08-30;7;1
0019;2023-08-23;Quarta;1;0;;Inverno;2023.0;8.0;9;7.39;31;1.34;31;2023-08-29;6;1
0063;2023-08-23;Quarta;2;0;;Inverno;2023.0;8.0;14;10.54;18;1.89;18;2023-09-02;10;1
0054;2023-08-23;Quarta;2;0;;Inverno;2023.0;8.0;6;9.38;17;2.16;17;2023-09-06;14;1
0008;2023-08-23;Quarta;1;06/10;;Inverno;2023.0;8.0;5;6.15;44;1.0;44;2023-08-29;6;1
0004;2023-08-23;Quarta;1;05/10;;Inverno;2023.0;8.0;8;12.69;24;1.0;24;2023-09-01;9;1
0018;2023-08-23;Quarta;2;0;;Inverno;2023.0;8.0;0;16.96;1;1.67;1;2023-09-16;24;0
0050;2023-08-23;Quarta;2;0;;Inverno;2023.0;8.0;8;7.8;35;2.03;35;2023-08-31;8;1
0056;2023-08-24;Quinta;2;0;;Inverno;2023.0;8.0;7;10.01;44;1.53;44;2023-09-01;8;1
0061;2023-08-24;Quinta;2;0;;Inverno;2023.0;8.0;10;10.91;24;1.93;24;2023-09-15;22;0
0099;2023-08-24;Quinta;1;0;;Inverno;2023.0;8.0;6;8.71;33;1.39;33;2023-08-31;7;1
0025;2023-08-24;Quinta;1;0;;Inverno;2023.0;8.0;8;9.58;27;1.02;27;2023-08-30;6;1
0097;2023-08-25;Sexta;2;0;;Inverno;2023.0;8.0;4;10.3;36;2.05;36;2023-08-29;4;1
0118;2023-08-25;Sexta;1;0;;Inverno;2023.0;8.0;13;10.34;22;1.01;22;2023-09-06;12;1
0021;2023-08-25;Sexta;2;0;;Inverno;2023.0;8.0;6;16.35;15;1.66;15;2023-09-15;21;0
0129;2023-08-25;Sexta;2;0;;Inverno;2023.0;8.0;3;4.33;52;1.06;52;2023-08-30;5;1
0010;2023-08-28;Segunda;2;02/15;;Inverno;2023.0;8.0;11;5.97;42;2.0;42;2023-08-30;2;1
0127;2023-08-28;Segunda;1;0;;Inverno;2023.0;8.0;12;11.09;17;1.1;17;2023-09-06;9;1
0120;2023-08-28;Segunda;2;0;;Inverno;2023.0;8.0;10;14.07;19;1.93;19;2023-09-05;8;1
0002;2023-08-28;Segunda;1;0;;Inverno;2023.0;8.0;48;30.45;5;1.0;5;2023-09-18;21;0
0028;2023-08-28;Segunda;2;0;;Inverno;2023.0;8.0;38;19.0;3;2.0;3;2023-09-06;9;1
0046;2023-08-28;Segunda;2;0;;Inverno;2023.0;8.0;103;131.0;3;2.0;3;2023-11-27;91;0
0044;2023-08-28;Segunda;1;0;;Inverno;2023.0;8.0;6;4.18;63;1.0;63;2023-09-01;4;1
0126;2023-08-29;Terça;1;3;;Inverno;2023.0;8.0;14;21.71;11;1.0;11;2023-09-19;21;0
0097;2023-08-29;Terça;2;0;;Inverno;2023.0;8.0;4;10.3;37;2.05;37;2023-09-05;7;1
0086;2023-08-29;Terça;1;0;;Inverno;2023.0;8.0;14;23.03;7;1.0;7;2023-09-22;24;0
0008;2023-08-29;Terça;1;07/10;;Inverno;2023.0;8.0;6;6.15;45;1.0;45;2023-09-09;11;1
0019;2023-08-29;Terça;1;0;;Inverno;2023.0;8.0;6;7.39;32;1.34;32;2023-09-07;9;1
0049;2023-08-30;Quarta;1;0;;Inverno;2023.0;8.0;27;23.72;12;1.0;12;2023-09-05;6;1
0025;2023-08-30;Quarta;1;0;;Inverno;2023.0;8.0;6;9.58;28;1.02;28;2023-09-23;24;0
0129;2023-08-30;Quarta;1;0;;Inverno;2023.0;8.0;5;4.33;53;1.06;53;2023-09-07;8;1
0010;2023-08-30;Quarta;2;04/15;;Inverno;2023.0;8.0;2;5.97;43;2.0;43;2023-09-05;6;1
0089;2023-08-30;Quarta;1;0;;Inverno;2023.0;8.0;7;5.91;54;1.01;54;2023-09-06;7;1
0099;2023-08-31;Quinta;1;0;;Inverno;2023.0;8.0;7;8.71;34;1.39;34;2023-09-06;6;1
0081;2023-08-31;Quinta;1;0;;Inverno;2023.0;8.0;14;17.92;13;1.02;13;2023-09-08;8;1
0050;2023-08-31;Quinta;2;0;;Inverno;2023.0;8.0;8;7.8;36;2.03;36;2023-09-06;6;1
0078;2023-08-31;Quinta;2;0;;Inverno;2023.0;8.0;27;20.63;9;2.0;9;2023-09-28;28;0
0004;2023-09-01;Sexta;1;06/10;;Verão;2023.0;9.0;9;12.69;25;1.0;25;2023-09-12;11;1
0094;2023-09-01;Sexta;2;0;;Verão;2023.0;9.0;0;;1;2.0;1;;0;0
0056;2023-09-01;Sexta;2;0;;Verão;2023.0;9.0;8;10.01;45;1.53;45;2023-09-11;10;1
0044;2023-09-01;Sexta;1;0;;Verão;2023.0;9.0;4;4.18;64;1.0;64;2023-09-05;4;1
0063;2023-09-02;Sábado;2;0;;Verão;2023.0;9.0;10;10.54;19;1.89;19;2023-09-11;9;1
0010;2023-09-05;Terça;2;0;;Verão;2023.0;9.0;6;5.97;44;2.0;44;2023-09-15;10;1
0097;2023-09-05;Terça;2;0;;Verão;2023.0;9.0;7;10.3;38;2.05;38;2023-09-11;6;1
0120;2023-09-05;Terça;2;0;;Verão;2023.0;9.0;8;14.07;20;1.93;20;2023-09-14;9;1
0049;2023-09-05;Terça;1;0;;Verão;2023.0;9.0;6;23.72;13;1.0;13;2023-09-19;14;1
0044;2023-09-05;Terça;1;0;;Verão;2023.0;9.0;4;4.18;65;1.0;65;2023-09-09;4;1
0127;2023-09-06;Quarta;1;0;;Verão;2023.0;9.0;9;11.09;18;1.1;18;2023-09-16;10;1
0089;2023-09-06;Quarta;1;0;;Verão;2023.0;9.0;7;5.91;55;1.01;55;2023-09-11;5;1
0050;2023-09-06;Quarta;2;0;;Verão;2023.0;9.0;6;7.8;37;2.03;37;2023-09-14;8;1
0118;2023-09-06;Quarta;1;0;;Verão;2023.0;9.0;12;10.34;23;1.01;23;2023-09-19;13;1
0028;2023-09-06;Quarta;2;0;;Verão;2023.0;9.0;9;19.0;4;2.0;4;;0;0
0099;2023-09-06;Quarta;1;0;;Verão;2023.0;9.0;6;8.71;35;1.39;35;2023-09-14;8;1
0054;2023-09-06;Quarta;3;0;;Verão;2023.0;9.0;14;9.38;18;2.16;18;2023-09-13;7;1
0112;2023-09-06;Quarta;1;0;;Verão;2023.0;9.0;15;15.68;13;1.05;13;2023-09-19;13;1
0019;2023-09-07;Quinta;2;0;;Verão;2023.0;9.0;9;7.39;33;1.34;33;2023-09-18;11;1
0129;2023-09-07;Quinta;1;0;;Verão;2023.0;9.0;8;4.33;54;1.06;54;2023-09-15;8;1
0132;2023-09-08;Sexta;1;0;;Verão;2023.0;9.0;22;14.14;17;1.01;17;2023-10-19;41;0
0081;2023-09-08;Sexta;1;0;;Verão;2023.0;9.0;8;17.92;14;1.02;14;2023-09-22;14;1
0008;2023-09-09;Sábado;1;09/10;;Verão;2023.0;9.0;11;6.15;46;1.0;46;2023-09-20;11;1
0044;2023-09-09;Sábado;1;0;;Verão;2023.0;9.0;4;4.18;66;1.0;66;2023-09-12;3;1
0134;2023-09-11;Segunda;2;0;;Verão;2023.0;9.0;19;23.15;7;2.05;7;2023-10-03;22;0
0089;2023-09-11;Segunda;1;0;;Verão;2023.0;9.0;5;5.91;56;1.01;56;2023-09-15;4;1
0056;2023-09-11;Segunda;2;0;;Verão;2023.0;9.0;10;10.01;46;1.53;46;2023-09-18;7;1
0063;2023-09-11;Segunda;2;0;;Verão;2023.0;9.0;9;10.54;20;1.89;20;2023-09-19;8;1
0097;2023-09-11;Segunda;2;0;;Verão;2023.0;9.0;6;10.3;39;2.05;39;2023-09-18;7;1
0044;2023-09-12;Terça;1;07/10;;Verão;2023.0;9.0;3;4.18;67;1.0;67;2023-09-16;4;1
0004;2023-09-12;Terça;1;07/10;;Verão;2023.0;9.0;11;12.69;26;1.0;26;2023-09-20;8;1
0054;2023-09-13;Quarta;3;0;;Verão;2023.0;9.0;7;9.38;19;2.16;19;2023-09-19;6;1
0099;2023-09-14;Quinta;2;0;;Verão;2023.0;9.0;8;8.71;36;1.39;36;2023-09-26;12;1
0005;2023-09-14;Quinta;1;10/10;;Verão;2023.0;9.0;0;4.82;1;1.0;1;2023-10-16;32;0
0120;2023-09-14;Quinta;2;0;;Verão;2023.0;9.0;9;14.07;21;1.93;21;2023-09-23;9;1
0050;2023-09-14;Quinta;2;0;;Verão;2023.0;9.0;8;7.8;38;2.03;38;2023-09-20;6;1
0010;2023-09-15;Sexta;2;0;;Verão;2023.0;9.0;10;5.97;45;2.0;45;2023-09-18;3;1
0129;2023-09-15;Sexta;1;0;;Verão;2023.0;9.0;8;4.33;55;1.06;55;2023-09-19;4;1
0061;2023-09-15;Sexta;2;0;;Verão;2023.0;9.0;22;10.91;25;1.93;25;2023-09-27;12;1
0055;2023-09-15;Sexta;1;0;;Verão;2023.0;9.0;0;66.0;1;1.0;1;2023-11-20;66;0
0089;2023-09-15;Sexta;1;0;;Verão;2023.0;9.0;4;5.91;57;1.01;57;2023-09-21;6;1
0021;2023-09-15;Sexta;2;0;;Verão;2023.0;9.0;21;16.35;16;1.66;16;2023-09-23;8;1
0044;2023-09-16;Sábado;1;0;;Verão;2023.0;9.0;4;4.18;68;1.0;68;2023-09-20;4;1
0127;2023-09-16;Sábado;1;0;;Verão;2023.0;9.0;10;11.09;19;1.1;19;2023-09-26;10;1
0018;2023-09-16;Sábado;1;0;;Verão;2023.0;9.0;24;16.96;2;1.67;2;2023-09-27;11;1
0002;2023-09-18;Segunda;1;0;;Verão;2023.0;9.0;21;30.45;6;1.0;6;2023-10-23;35;0
0097;2023-09-18;Segunda;2;0;;Verão;2023.0;9.0;7;10.3;40;2.05;40;2023-09-22;4;1
0019;2023-09-18;Segunda;2;0;;Verão;2023.0;9.0;11;7.39;34;1.34;34;2023-09-27;9;1
0010;2023-09-18;Segunda;1;0;;Verão;2023.0;9.0;3;5.97;46;2.0;46;2023-09-19;1;1
0056;2023-09-18;Segunda;2;0;;Verão;2023.0;9.0;7;10.01;47;1.53;47;2023-10-03;15;1
0126;2023-09-19;Terça;1;0;;Verão;2023.0;9.0;21;21.71;12;1.0;12;2023-10-10;21;0
0010;2023-09-19;Terça;2;11;;Verão;2023.0;9.0;1;5.97;47;2.0;47;2023-09-25;6;1
0129;2023-09-19;Terça;2;0;;Verão;2023.0;9.0;4;4.33;56;1.06;56;2023-09-22;3;1
0112;2023-09-19;Terça;1;0;;Verão;2023.0;9.0;13;15.68;14;1.05;14;2023-10-03;14;1
0063;2023-09-19;Terça;2;0;;Verão;2023.0;9.0;8;10.54;21;1.89;21;2023-09-26;7;1
0049;2023-09-19;Terça;1;0;;Verão;2023.0;9.0;14;23.72;14;1.0;14;2023-10-13;24;0
0118;2023-09-19;Terça;1;0;;Verão;2023.0;9.0;13;10.34;24;1.01;24;2023-10-02;13;1
0054;2023-09-19;Terça;1;0;;Verão;2023.0;9.0;6;9.38;20;2.16;20;2023-10-05;16;0
0044;2023-09-20;Quarta;1;0;;Verão;2023.0;9.0;4;4.18;69;1.0;69;2023-09-27;7;1
0050;2023-09-20;Quarta;2;0;;Verão;2023.0;9.0;6;7.8;39;2.03;39;2023-09-29;9;1
0008;2023-09-20;Quarta;1;01/10;;Verão;2023.0;9.0;11;6.15;47;1.0;47;2023-09-26;6;1
0004;2023-09-20;Quarta;1;08/10;;Verão;2023.0;9.0;8;12.69;27;1.0;27;2023-09-27;7;1
0089;2023-09-21;Quinta;1;0;;Verão;2023.0;9.0;6;5.91;58;1.01;58;2023-09-27;6;1
0097;2023-09-22;Sexta;2;0;;Verão;2023.0;9.0;4;10.3;41;2.05;41;2023-09-26;4;1
0129;2023-09-22;Sexta;1;0;;Verão;2023.0;9.0;3;4.33;57;1.06;57;2023-09-26;4;1
0081;2023-09-22;Sexta;1;0;;Verão;2023.0;9.0;14;17.92;15;1.02;15;2023-10-05;13;1
0086;2023-09-22;Sexta;1;0;;Verão;2023.0;9.0;24;23.03;8;1.0;8;2023-10-02;10;1
0021;2023-09-23;Sábado;2;0;;Verão;2023.0;9.0;8;16.35;17;1.66;17;2023-10-05;12;1
0025;2023-09-23;Sábado;1;0;;Verão;2023.0;9.0;24;9.58;29;1.02;29;2023-10-02;9;1
0120;2023-09-23;Sábado;2;0;;Verão;2023.0;9.0;9;14.07;22;1.93;22;2023-10-04;11;1
0010;2023-09-25;Segunda;1;0;;Verão;2023.0;9.0;6;5.97;48;2.0;48;2023-09-28;3;1
0097;2023-09-26;Terça;2;0;;Verão;2023.0;9.0;4;10.3;42;2.05;42;2023-10-05;9;1
0099;2023-09-26;Terça;1;0;;Verão;2023.0;9.0;12;8.71;37;1.39;37;2023-09-28;2;1
0129;2023-09-26;Terça;1;0;;Verão;2023.0;9.0;4;4.33;58;1.06;58;2023-10-05;9;1
0063;2023-09-26;Terça;2;0;;Verão;2023.0;9.0;7;10.54;22;1.89;22;2023-10-04;8;1
0008;2023-09-26;Terça;1;02/10;;Verão;2023.0;9.0;6;6.15;48;1.0;48;2023-10-04;8;1
0127;2023-09-26;Terça;1;0;;Verão;2023.0;9.0;10;11.09;20;1.1;20;2023-10-04;8;1
0019;2023-09-27;Quarta;2;0;;Verão;2023.0;9.0;9;7.39;35;1.34;35;2023-10-16;19;0
0044;2023-09-27;Quarta;1;0;;Verão;2023.0;9.0;7;4.18;70;1.0;70;2023-10-02;5;1
0004;2023-09-27;Quarta;1;09/10;;Verão;2023.0;9.0;7;12.69;28;1.0;28;2023-10-04;7;1
0061;2023-09-27;Quarta;2;0;;Verão;2023.0;9.0;12;10.91;26;1.93;26;2023-10-26;29;0
0089;2023-09-27;Quarta;1;0;;Verão;2023.0;9.0;6;5.91;59;1.01;59;2023-10-02;5;1
0018;2023-09-27;Quarta;1;0;;Verão;2023.0;9.0;11;16.96;3;1.67;3;2023-10-03;6;1
0010;2023-09-28;Quinta;2;0;;Verão;2023.0;9.0;3;5.97;49;2.0;49;2023-10-03;5;1
0099;2023-09-28;Quinta;1;0;;Verão;2023.0;9.0;2;8.71;38;1.39;38;2023-10-05;7;1
0078;2023-09-28;Quinta;2;0;;Verão;2023.0;9.0;28;20.63;10;2.0;10;2023-10-13;15;1
0050;2023-09-29;Sexta;2;0;;Verão;2023.0;9.0;9;7.8;40;2.03;40;2023-10-05;6;1
0025;2023-10-02;Segunda;1;0;;Verão;2023.0;10.0;9;9.58;30;1.02;30;2023-10-13;11;1
0118;2023-10-02;Segunda;1;0;;Verão;2023.0;10.0;13;10.34;25;1.01;25;2023-10-14;12;1
0089;2023-10-02;Segunda;1;0;;Verão;2023.0;10.0;5;5.91;60;1.01;60;2023-10-09;7;1
0044;2023-10-02;Segunda;1;0;;Verão;2023.0;10.0;5;4.18;71;1.0;71;2023-10-09;7;1
0086;2023-10-02;Segunda;1;0;;Verão;2023.0;10.0;10;23.03;9;1.0;9;2023-10-24;22;0
0010;2023-10-03;Terça;2;0;;Verão;2023.0;10.0;5;5.97;50;2.0;50;2023-10-05;2;1
0134;2023-10-03;Terça;2;0;;Verão;2023.0;10.0;22;23.15;8;2.05;8;2023-10-30;27;0
0056;2023-10-03;Terça;1;0;;Verão;2023.0;10.0;15;10.01;48;1.53;48;2023-10-11;8;1
0018;2023-10-03;Terça;2;0;;Verão;2023.0;10.0;6;16.96;4;1.67;4;2023-10-14;11;1
0026;2023-10-03;Terça;1;0;;Verão;2023.0;10.0;0;182.0;1;1.0;1;2024-04-02;182;0
0112;2023-10-03;Terça;1;0;;Verão;2023.0;10.0;14;15.68;15;1.05;15;2023-10-23;20;0
0008;2023-10-04;Quarta;1;03/10;;Verão;2023.0;10.0;8;6.15;49;1.0;49;2023-10-09;5;1
0127;2023-10-04;Quarta;1;0;;Verão;2023.0;10.0;8;11.09;21;1.1;21;2023-10-11;7;1
0120;2023-10-04;Quarta;2;0;;Verão;2023.0;10.0;11;14.07;23;1.93;23;2023-10-14;10;1
0063;2023-10-04;Quarta;2;0;;Verão;2023.0;10.0;8;10.54;23;1.89;23;2023-10-11;7;1
0004;2023-10-04;Quarta;1;02/10;;Verão;2023.0;10.0;7;12.69;29;1.0;29;2023-10-13;9;1
0097;2023-10-05;Quinta;2;0;;Verão;2023.0;10.0;9;10.3;43;2.05;43;2023-10-10;5;1
0050;2023-10-05;Quinta;2;0;;Verão;2023.0;10.0;6;7.8;41;2.03;41;2023-10-16;11;1
0010;2023-10-05;Quinta;2;0;;Verão;2023.0;10.0;2;5.97;51;2.0;51;2023-10-11;6;1
0081;2023-10-05;Quinta;1;0;;Verão;2023.0;10.0;13;17.92;16;1.02;16;2023-10-17;12;1
0099;2023-10-05;Quinta;2;0;;Verão;2023.0;10.0;7;8.71;39;1.39;39;2023-10-14;9;1
0021;2023-10-05;Quinta;2;0;;Verão;2023.0;10.0;12;16.35;18;1.66;18;2023-10-21;16;0
0054;2023-10-05;Quinta;2;0;;Verão;2023.0;10.0;16;9.38;21;2.16;21;2023-10-10;5;1
0129;2023-10-05;Quinta;1;0;;Verão;2023.0;10.0;9;4.33;59;1.06;59;2023-10-11;6;1
0008;2023-10-09;Segunda;1;04/10;;Verão;2023.0;10.0;5;6.15;50;1.0;50;2023-10-20;11;1
0089;2023-10-09;Segunda;1;0;;Verão;2023.0;10.0;7;5.91;61;1.01;61;2023-10-21;12;1
0044;2023-10-09;Segunda;1;0;;Verão;2023.0;10.0;7;4.18;72;1.0;72;2023-10-16;7;1
0097;2023-10-10;Terça;2;0;;Verão;2023.0;10.0;5;10.3;44;2.05;44;2023-10-18;8;1
0126;2023-10-10;Terça;1;0;;Verão;2023.0;10.0;21;21.71;13;1.0;13;2023-10-20;10;1
0054;2023-10-10;Terça;1;0;;Verão;2023.0;10.0;5;9.38;22;2.16;22;2023-10-16;6;1
0010;2023-10-11;Quarta;2;0;;Verão;2023.0;10.0;6;5.97;52;2.0;52;2023-10-13;2;1
0056;2023-10-11;Quarta;2;0;;Verão;2023.0;10.0;8;10.01;49;1.53;49;2023-10-20;9;1
0129;2023-10-11;Quarta;1;0;;Verão;2023.0;10.0;6;4.33;60;1.06;60;2023-10-14;3;1
0063;2023-10-11;Quarta;2;0;;Verão;2023.0;10.0;7;10.54;24;1.89;24;2023-10-24;13;1
0127;2023-10-11;Quarta;1;0;;Verão;2023.0;10.0;7;11.09;22;1.1;22;2023-10-21;10;1
0010;2023-10-13;Sexta;2;14;;Verão;2023.0;10.0;2;5.97;53;2.0;53;2023-10-20;7;1
0004;2023-10-13;Sexta;1;03/10;;Verão;2023.0;10.0;9;12.69;30;1.0;30;2023-10-21;8;1
0078;2023-10-13;Sexta;2;0;;Verão;2023.0;10.0;15;20.63;11;2.0;11;2023-10-30;17;0
0025;2023-10-13;Sexta;1;0;;Verão;2023.0;10.0;11;9.58;31;1.02;31;2023-10-19;6;1
0049;2023-10-13;Sexta;1;0;;Verão;2023.0;10.0;24;23.72;15;1.0;15;2023-11-09;27;0
0099;2023-10-14;Sábado;1;0;;Verão;2023.0;10.0;9;8.71;40;1.39;40;2023-10-20;6;1
0129;2023-10-14;Sábado;1;0;;Verão;2023.0;10.0;3;4.33;61;1.06;61;2023-10-17;3;1
0018;2023-10-14;Sábado;2;0;;Verão;2023.0;10.0;11;16.96;5;1.67;5;2023-10-23;9;1
0120;2023-10-14;Sábado;2;0;;Verão;2023.0;10.0;10;14.07;24;1.93;24;2023-10-24;10;1
0118;2023-10-14;Sábado;1;0;;Verão;2023.0;10.0;12;10.34;26;1.01;26;2023-10-21;7;1
0030;2023-10-14;Sábado;2;0;;Verão;2023.0;10.0;86;12.9;9;2.09;9;2023-11-03;20;0
0005;2023-10-16;Segunda;1;05/10;;Verão;2023.0;10.0;32;4.82;2;1.0;2;2023-10-26;10;1
0050;2023-10-16;Segunda;2;0;;Verão;2023.0;10.0;11;7.8;42;2.03;42;2023-10-23;7;1
0019;2023-10-16;Segunda;2;0;;Verão;2023.0;10.0;19;7.39;36;1.34;36;2023-10-25;9;1
0109;2023-10-16;Segunda;1;0;;Verão;2023.0;10.0;0;;1;1.0;1;;0;0
0044;2023-10-16;Segunda;1;0;;Verão;2023.0;10.0;7;4.18;73;1.0;73;2023-10-19;3;1
0054;2023-10-16;Segunda;3;0;;Verão;2023.0;10.0;6;9.38;23;2.16;23;2023-11-04;19;0
0129;2023-10-17;Terça;1;0;;Verão;2023.0;10.0;3;4.33;62;1.06;62;2023-10-21;4;1
0081;2023-10-17;Terça;2;0;;Verão;2023.0;10.0;12;17.92;17;1.02;17;2023-10-30;13;1
0013;2023-10-18;Quarta;1;0;;Verão;2023.0;10.0;0;26.0;1;1.0;1;2023-11-13;26;0
0095;2023-10-18;Quarta;1;0;;Verão;2023.0;10.0;65;16.5;14;1.0;14;2023-11-06;19;0
0097;2023-10-18;Quarta;2;0;;Verão;2023.0;10.0;8;10.3;45;2.05;45;2023-10-25;7;1
0044;2023-10-19;Quinta;1;0;;Verão;2023.0;10.0;3;4.18;74;1.0;74;2023-10-23;4;1
0025;2023-10-19;Quinta;1;0;;Verão;2023.0;10.0;6;9.58;32;1.02;32;2023-11-03;15;1
0132;2023-10-19;Quinta;1;0;;Verão;2023.0;10.0;41;14.14;18;1.01;18;2023-11-01;13;1
0010;2023-10-20;Sexta;2;12/15;;Verão;2023.0;10.0;7;5.97;54;2.0;54;2023-10-23;3;1
0126;2023-10-20;Sexta;1;0;;Verão;2023.0;10.0;10;21.71;14;1.0;14;2023-11-20;31;0
0056;2023-10-20;Sexta;1;0;;Verão;2023.0;10.0;9;10.01;50;1.53;50;2023-10-30;10;1
0099;2023-10-20;Sexta;2;0;;Verão;2023.0;10.0;6;8.71;41;1.39;41;2023-10-28;8;1
0008;2023-10-20;Sexta;1;06/10;;Verão;2023.0;10.0;11;6.15;51;1.0;51;2023-11-07;18;0
0127;2023-10-21;Sábado;1;0;;Verão;2023.0;10.0;10;11.09;23;1.1;23;2023-10-27;6;1
0089;2023-10-21;Sábado;1;0;;Verão;2023.0;10.0;12;5.91;62;1.01;62;2023-10-27;6;1
0129;2023-10-21;Sábado;1;0;;Verão;2023.0;10.0;4;4.33;63;1.06;63;2023-10-25;4;1
0118;2023-10-21;Sábado;1;0;;Verão;2023.0;10.0;7;10.34;27;1.01;27;2023-11-04;14;1
0004;2023-10-21;Sábado;1;04/10;;Verão;2023.0;10.0;8;12.69;31;1.0;31;2023-10-31;10;1
0021;2023-10-21;Sábado;1;0;;Verão;2023.0;10.0;16;16.35;19;1.66;19;2023-11-01;11;1
0050;2023-10-23;Segunda;2;0;;Verão;2023.0;10.0;7;7.8;43;2.03;43;2023-10-28;5;1
0044;2023-10-23;Segunda;1;0;;Verão;2023.0;10.0;4;4.18;75;1.0;75;2023-10-28;5;1
0002;2023-10-23;Segunda;1;0;;Verão;2023.0;10.0;35;30.45;7;1.0;7;2023-11-16;24;0
0112;2023-10-23;Segunda;1;0;;Verão;2023.0;10.0;20;15.68;16;1.05;16;2023-11-06;14;1
0018;2023-10-23;Segunda;3;0;;Verão;2023.0;10.0;9;16.96;6;1.67;6;2023-11-07;15;1
0010;2023-10-23;Segunda;2;12/15;;Verão;2023.0;10.0;3;5.97;55;2.0;55;2023-10-27;4;1
0120;2023-10-24;Terça;2;0;;Verão;2023.0;10.0;10;14.07;25;1.93;25;2023-11-03;10;1
0086;2023-10-24;Terça;1;0;;Verão;2023.0;10.0;22;23.03;10;1.0;10;2023-11-14;21;0
0063;2023-10-24;Terça;2;0;;Verão;2023.0;10.0;13;10.54;25;1.89;25;2023-10-31;7;1
0045;2023-10-25;Quarta;1;0;;Verão;2023.0;10.0;0;32.25;1;1.0;1;2023-11-13;19;0
0019;2023-10-25;Quarta;2;0;;Verão;2023.0;10.0;9;7.39;37;1.34;37;2023-11-02;8;1
0129;2023-10-25;Quarta;1;0;;Verão;2023.0;10.0;4;4.33;64;1.06;64;2023-10-30;5;1
0097;2023-10-25;Quarta;2;0;;Verão;2023.0;10.0;7;10.3;46;2.05;46;2023-10-31;6;1
0005;2023-10-26;Quinta;1;07/10;;Verão;2023.0;10.0;10;4.82;3;1.0;3;2023-10-31;5;1
0061;2023-10-26;Quinta;2;0;;Verão;2023.0;10.0;29;10.91;27;1.93;27;2023-11-06;11;1
0010;2023-10-27;Sexta;2;08/15;;Verão;2023.0;10.0;4;5.97;56;2.0;56;2023-10-31;4;1
0090;2023-10-27;Sexta;1;0;;Verão;2023.0;10.0;0;;1;1.0;1;;0;0
0089;2023-10-27;Sexta;1;0;;Verão;2023.0;10.0;6;5.91;63;1.01;63;2023-11-03;7;1
0127;2023-10-27;Sexta;1;0;;Verão;2023.0;10.0;6;11.09;24;1.1;24;2023-11-09;13;1
0050;2023-10-28;Sábado;2;0;;Verão;2023.0;10.0;5;7.8;44;2.03;44;2023-11-03;6;1
0099;2023-10-28;Sábado;1;0;;Verão;2023.0;10.0;8;8.71;42;1.39;42;2023-11-06;9;1
0044;2023-10-28;Sábado;1;0;;Verão;2023.0;10.0;5;4.18;76;1.0;76;2023-10-31;3;1
0134;2023-10-30;Segunda;4;0;;Verão;2023.0;10.0;27;23.15;9;2.05;9;2023-11-22;23;0
0081;2023-10-30;Segunda;1;0;;Verão;2023.0;10.0;13;17.92;18;1.02;18;2023-11-28;29;0
0129;2023-10-30;Segunda;1;0;;Verão;2023.0;10.0;5;4.33;65;1.06;65;2023-11-02;3;1
0056;2023-10-30;Segunda;2;0;;Verão;2023.0;10.0;10;10.01;51;1.53;51;2023-11-09;10;1
0078;2023-10-30;Segunda;2;0;;Verão;2023.0;10.0;17;20.63;12;2.0;12;2023-11-21;22;0
0097;2023-10-31;Terça;3;0;;Verão;2023.0;10.0;6;10.3;47;2.05;47;2023-11-20;20;0
0010;2023-10-31;Terça;2;0;;Verão;2023.0;10.0;4;5.97;57;2.0;57;2023-11-08;8;1
0044;2023-10-31;Terça;1;0;;Verão;2023.0;10.0;3;4.18;77;1.0;77;2023-11-03;3;1
0005;2023-10-31;Terça;1;08/10;;Verão;2023.0;10.0;5;4.82;4;1.0;4;2023-11-21;21;0
0004;2023-10-31;Terça;1;05/10;;Verão;2023.0;10.0;10;12.69;32;1.0;32;2023-11-08;8;1
0116;2023-10-31;Terça;1;0;;Verão;2023.0;10.0;0;;1;1.0;1;;0;0
0063;2023-10-31;Terça;2;0;;Verão;2023.0;10.0;7;10.54;26;1.89;26;2023-11-08;8;1
0021;2023-11-01;Quarta;2;0;;Verão;2023.0;11.0;11;16.35;20;1.66;20;2023-11-13;12;1
0132;2023-11-01;Quarta;1;0;;Verão;2023.0;11.0;13;14.14;19;1.01;19;2023-11-14;13;1
0125;2023-11-01;Quarta;2;0;;Verão;2023.0;11.0;118;45.88;5;2.0;5;2023-12-01;30;0
0129;2023-11-02;Quinta;2;0;;Verão;2023.0;11.0;3;4.33;66;1.06;66;2023-11-06;4;1
0019;2023-11-02;Quinta;1;0;;Verão;2023.0;11.0;8;7.39;38;1.34;38;2023-11-04;2;1
0120;2023-11-03;Sexta;2;0;;Verão;2023.0;11.0;10;14.07;26;1.93;26;2023-11-22;19;0
0030;2023-11-03;Sexta;2;0;;Verão;2023.0;11.0;20;12.9;10;2.09;10;2023-11-13;10;1
0025;2023-11-03;Sexta;1;0;;Verão;2023.0;11.0;15;9.58;33;1.02;33;2023-11-18;15;1
0089;2023-11-03;Sexta;1;02/03;;Verão;2023.0;11.0;7;5.91;64;1.01;64;2023-11-09;6;1
0050;2023-11-03;Sexta;2;0;;Verão;2023.0;11.0;6;7.8;45;2.03;45;2023-11-13;10;1
0044;2023-11-03;Sexta;1;0;;Verão;2023.0;11.0;3;4.18;78;1.0;78;2023-11-08;5;1
0019;2023-11-04;Sábado;1;0;;Verão;2023.0;11.0;2;7.39;39;1.34;39;2023-11-09;5;1
0118;2023-11-04;Sábado;1;0;;Verão;2023.0;11.0;14;10.34;28;1.01;28;2023-11-13;9;1
0054;2023-11-04;Sábado;3;0;;Verão;2023.0;11.0;19;9.38;24;2.16;24;2023-11-14;10;1
0095;2023-11-06;Segunda;1;0;;Verão;2023.0;11.0;19;16.5;15;1.0;15;2023-11-20;14;1
0099;2023-11-06;Segunda;1;0;;Verão;2023.0;11.0;9;8.71;43;1.39;43;2023-11-08;2;1
0112;2023-11-06;Segunda;1;0;;Verão;2023.0;11.0;14;15.68;17;1.05;17;2023-11-20;14;1
0129;2023-11-06;Segunda;1;0;;Verão;2023.0;11.0;4;4.33;67;1.06;67;2023-11-09;3;1
0061;2023-11-06;Segunda;2;0;;Verão;2023.0;11.0;11;10.91;28;1.93;28;2023-11-16;10;1
0018;2023-11-07;Terça;2;0;;Verão;2023.0;11.0;15;16.96;7;1.67;7;2023-11-20;13;1
0008;2023-11-07;Terça;1;07/10;;Verão;2023.0;11.0;18;6.15;52;1.0;52;2023-11-14;7;1
0010;2023-11-08;Quarta;2;0;;Verão;2023.0;11.0;8;5.97;58;2.0;58;2023-11-14;6;1
0099;2023-11-08;Quarta;1;0;;Verão;2023.0;11.0;2;8.71;44;1.39;44;2023-11-16;8;1
0063;2023-11-08;Quarta;2;0;;Verão;2023.0;11.0;8;10.54;27;1.89;27;2023-11-17;9;1
0044;2023-11-08;Quarta;1;0;;Verão;2023.0;11.0;5;4.18;79;1.0;79;2023-11-13;5;1
0004;2023-11-08;Quarta;1;06/11;;Verão;2023.0;11.0;8;12.69;33;1.0;33;2023-11-17;9;1
0089;2023-11-09;Quinta;1;03/03;;Verão;2023.0;11.0;6;5.91;65;1.01;65;2023-11-16;7;1
0019;2023-11-09;Quinta;1;0;;Verão;2023.0;11.0;5;7.39;40;1.34;40;2023-11-13;4;1
0040;2023-11-09;Quinta;1;0;;Verão;2023.0;11.0;0;5.79;1;1.0;1;2023-12-04;25;0
0129;2023-11-09;Quinta;1;0;;Verão;2023.0;11.0;3;4.33;68;1.06;68;2023-11-13;4;1
0056;2023-11-09;Quinta;2;0;;Verão;2023.0;11.0;10;10.01;52;1.53;52;2023-11-23;14;1
0127;2023-11-09;Quinta;1;0;;Verão;2023.0;11.0;13;11.09;25;1.1;25;2023-11-20;11;1
0049;2023-11-09;Quinta;1;0;;Verão;2023.0;11.0;27;23.72;16;1.0;16;2023-12-05;26;0
0050;2023-11-13;Segunda;2;0;;Verão;2023.0;11.0;10;7.8;46;2.03;46;2023-11-18;5;1
0013;2023-11-13;Segunda;1;0;;Verão;2023.0;11.0;26;26.0;2;1.0;2;;0;0
0044;2023-11-13;Segunda;1;0;;Verão;2023.0;11.0;5;4.18;80;1.0;80;2023-11-18;5;1
0045;2023-11-13;Segunda;1;0;;Verão;2023.0;11.0;19;32.25;2;1.0;2;2023-11-30;17;0
0118;2023-11-13;Segunda;1;0;;Verão;2023.0;11.0;9;10.34;29;1.01;29;2023-11-20;7;1
0079;2023-11-13;Segunda;1;0;;Verão;2023.0;11.0;0;;1;1.0;1;;0;0
0019;2023-11-13;Segunda;1;0;;Verão;2023.0;11.0;4;7.39;41;1.34;41;2023-11-18;5;1
0129;2023-11-13;Segunda;1;0;;Verão;2023.0;11.0;4;4.33;69;1.06;69;2023-11-17;4;1
0030;2023-11-13;Segunda;2;0;;Verão;2023.0;11.0;10;12.9;11;2.09;11;2023-11-16;3;1
0021;2023-11-13;Segunda;2;0;;Verão;2023.0;11.0;12;16.35;21;1.66;21;2023-11-25;12;1
0010;2023-11-14;Terça;2;03/16;;Verão;2023.0;11.0;6;5.97;59;2.0;59;2023-11-23;9;1
0077;2023-11-14;Terça;1;0;;Verão;2023.0;11.0;0;;1;1.0;1;;0;0
0086;2023-11-14;Terça;1;0;;Verão;2023.0;11.0;21;23.03;11;1.0;11;2023-11-27;13;1
0054;2023-11-14;Terça;2;0;;Verão;2023.0;11.0;10;9.38;25;2.16;25;2023-11-21;7;1
0132;2023-11-14;Terça;1;0;;Verão;2023.0;11.0;13;14.14;20;1.01;20;2023-11-23;9;1
0008;2023-11-14;Terça;1;10/10;;Verão;2023.0;11.0;7;6.15;53;1.0;53;2023-11-25;11;1
0061;2023-11-16;Quinta;2;0;;Verão;2023.0;11.0;10;10.91;29;1.93;29;2023-11-23;7;1
0002;2023-11-16;Quinta;1;0;;Verão;2023.0;11.0;24;30.45;8;1.0;8;2023-12-12;26;0
0089;2023-11-16;Quinta;1;0;;Verão;2023.0;11.0;7;5.91;66;1.01;66;2023-11-24;8;1
0030;2023-11-16;Quinta;2;0;;Verão;2023.0;11.0;3;12.9;12;2.09;12;2023-11-24;8;1
0099;2023-11-16;Quinta;1;0;;Verão;2023.0;11.0;8;8.71;45;1.39;45;2023-11-22;6;1
0129;2023-11-17;Sexta;1;0;;Verão;2023.0;11.0;4;4.33;70;1.06;70;2023-11-20;3;1
0063;2023-11-17;Sexta;2;0;;Verão;2023.0;11.0;9;10.54;28;1.89;28;2023-11-21;4;1
0004;2023-11-17;Sexta;1;07/11;;Verão;2023.0;11.0;9;12.69;34;1.0;34;2023-11-25;8;1
0070;2023-11-18;Sábado;2;0;;Verão;2023.0;11.0;0;;1;2.0;1;;0;0
0050;2023-11-18;Sábado;2;0;;Verão;2023.0;11.0;5;7.8;47;2.03;47;2023-11-23;5;1
0019;2023-11-18;Sábado;1;0;;Verão;2023.0;11.0;5;7.39;42;1.34;42;2023-11-24;6;1
0044;2023-11-18;Sábado;1;0;;Verão;2023.0;11.0;5;4.18;81;1.0;81;2023-11-21;3;1
0025;2023-11-18;Sábado;1;0;;Verão;2023.0;11.0;15;9.58;34;1.02;34;2023-11-27;9;1
0127;2023-11-20;Segunda;1;0;;Verão;2023.0;11.0;11;11.09;26;1.1;26;2023-11-29;9;1
0041;2023-11-20;Segunda;1;0;;Verão;2023.0;11.0;0;5.5;1;1.0;1;2023-11-28;8;1
0018;2023-11-20;Segunda;2;0;;Verão;2023.0;11.0;13;16.96;8;1.67;8;2023-12-04;14;1
0126;2023-11-20;Segunda;1;0;;Verão;2023.0;11.0;31;21.71;15;1.0;15;2023-12-01;11;1
0129;2023-11-20;Segunda;1;0;;Verão;2023.0;11.0;3;4.33;71;1.06;71;2023-11-23;3;1
0055;2023-11-20;Segunda;1;0;;Verão;2023.0;11.0;66;66.0;2;1.0;2;;0;0
0095;2023-11-20;Segunda;1;0;;Verão;2023.0;11.0;14;16.5;16;1.0;16;2023-12-06;16;0
0097;2023-11-20;Segunda;2;0;;Verão;2023.0;11.0;20;10.3;48;2.05;48;2023-12-07;17;0
0118;2023-11-20;Segunda;1;0;;Verão;2023.0;11.0;7;10.34;30;1.01;30;2023-11-29;9;1
0112;2023-11-20;Segunda;1;0;;Verão;2023.0;11.0;14;15.68;18;1.05;18;2023-11-27;7;1
0005;2023-11-21;Terça;1;01/10;;Verão;2023.0;11.0;21;4.82;5;1.0;5;2023-12-06;15;1
0078;2023-11-21;Terça;2;0;;Verão;2023.0;11.0;22;20.63;13;2.0;13;2023-12-19;28;0
0063;2023-11-21;Terça;2;0;;Verão;2023.0;11.0;4;10.54;29;1.89;29;2023-11-27;6;1
0044;2023-11-21;Terça;1;0;;Verão;2023.0;11.0;3;4.18;82;1.0;82;2023-11-23;2;1
0054;2023-11-21;Terça;3;0;;Verão;2023.0;11.0;7;9.38;26;2.16;26;2023-11-28;7;1
0120;2023-11-22;Quarta;2;0;;Verão;2023.0;11.0;19;14.07;27;1.93;27;2023-12-01;9;1
0099;2023-11-22;Quarta;2;0;;Verão;2023.0;11.0;6;8.71;46;1.39;46;2023-12-01;9;1
0134;2023-11-22;Quarta;2;0;;Verão;2023.0;11.0;23;23.15;10;2.05;10;2023-12-15;23;0
0129;2023-11-23;Quinta;1;0;;Verão;2023.0;11.0;3;4.33;72;1.06;72;2023-11-27;4;1
0056;2023-11-23;Quinta;2;0;;Verão;2023.0;11.0;14;10.01;53;1.53;53;2023-12-07;14;1
0010;2023-11-23;Quinta;2;0;;Verão;2023.0;11.0;9;5.97;60;2.0;60;2023-11-24;1;1
0061;2023-11-23;Quinta;2;0;;Verão;2023.0;11.0;7;10.91;30;1.93;30;2023-12-02;9;1
0050;2023-11-23;Quinta;2;0;;Verão;2023.0;11.0;5;7.8;48;2.03;48;2023-12-01;8;1
0132;2023-11-23;Quinta;1;0;;Verão;2023.0;11.0;9;14.14;21;1.01;21;2023-12-05;12;1
0044;2023-11-23;Quinta;1;0;;Verão;2023.0;11.0;2;4.18;83;1.0;83;2023-11-27;4;1
0030;2023-11-24;Sexta;2;0;;Verão;2023.0;11.0;8;12.9;13;2.09;13;2023-11-29;5;1
0019;2023-11-24;Sexta;1;0;;Verão;2023.0;11.0;6;7.39;43;1.34;43;2023-11-30;6;1
0089;2023-11-24;Sexta;1;01/03;;Verão;2023.0;11.0;8;5.91;67;1.01;67;2023-12-01;7;1
0010;2023-11-24;Sexta;2;07/16;;Verão;2023.0;11.0;1;5.97;61;2.0;61;2023-11-28;4;1
0008;2023-11-25;Sábado;1;02/10;;Verão;2023.0;11.0;11;6.15;54;1.0;54;2023-11-30;5;1
0021;2023-11-25;Sábado;2;0;;Verão;2023.0;11.0;12;16.35;22;1.66;22;2023-12-07;12;1
0004;2023-11-25;Sábado;1;08/11;;Verão;2023.0;11.0;8;12.69;35;1.0;35;2023-12-11;16;0
0112;2023-11-27;Segunda;1;0;;Verão;2023.0;11.0;7;15.68;19;1.05;19;2023-12-04;7;1
0086;2023-11-27;Segunda;1;0;;Verão;2023.0;11.0;13;23.03;12;1.0;12;2023-12-11;14;1
0025;2023-11-27;Segunda;1;0;;Verão;2023.0;11.0;9;9.58;35;1.02;35;2023-12-04;7;1
0044;2023-11-27;Segunda;1;0;;Verão;2023.0;11.0;4;4.18;84;1.0;84;2023-11-30;3;1
0129;2023-11-27;Segunda;1;0;;Verão;2023.0;11.0;4;4.33;73;1.06;73;2023-11-30;3;1
0063;2023-11-27;Segunda;2;0;;Verão;2023.0;11.0;6;10.54;30;1.89;30;2023-12-04;7;1
0046;2023-11-27;Segunda;2;0;;Verão;2023.0;11.0;91;131.0;4;2.0;4;2024-03-27;121;0
0081;2023-11-28;Terça;1;0;;Verão;2023.0;11.0;29;17.92;19;1.02;19;2023-12-30;32;0
0010;2023-11-28;Terça;1;07/15;;Verão;2023.0;11.0;4;5.97;62;2.0;62;2023-12-07;9;1
0041;2023-11-28;Terça;1;0;;Verão;2023.0;11.0;8;5.5;2;1.0;2;2023-12-01;3;1
0054;2023-11-28;Terça;3;0;;Verão;2023.0;11.0;7;9.38;27;2.16;27;2023-12-05;7;1
0030;2023-11-29;Quarta;2;0;;Verão;2023.0;11.0;5;12.9;14;2.09;14;2023-12-04;5;1
0127;2023-11-29;Quarta;1;0;;Verão;2023.0;11.0;9;11.09;27;1.1;27;2023-12-07;8;1
0118;2023-11-29;Quarta;1;0;;Verão;2023.0;11.0;9;10.34;31;1.01;31;2023-12-06;7;1
0042;2023-11-29;Quarta;1;0;;Verão;2023.0;11.0;0;;1;1.0;1;;0;0
0045;2023-11-30;Quinta;1;0;;Verão;2023.0;11.0;17;32.25;3;1.0;3;2024-01-11;42;0
0001;2023-11-30;Quinta;1;0;;Verão;2023.0;11.0;0;;1;1.0;1;;0;0
0008;2023-11-30;Quinta;1;03/10;;Verão;2023.0;11.0;5;6.15;55;1.0;55;;0;0
0019;2023-11-30;Quinta;1;0;;Verão;2023.0;11.0;6;7.39;44;1.34;44;;0;0
0129;2023-11-30;Quinta;1;0;;Verão;2023.0;11.0;3;4.33;74;1.06;74;2023-12-01;1;1
0044;2023-11-30;Quinta;1;0;;Verão;2023.0;11.0;3;4.18;85;1.0;85;2023-12-05;5;1
0126;2023-12-01;Sexta;1;0;;Verão;2023.0;12.0;11;21.71;16;1.0;16;2023-12-26;25;0
0089;2023-12-01;Sexta;1;02/03;;Verão;2023.0;12.0;7;5.91;68;1.01;68;2023-12-12;11;1
0041;2023-12-01;Sexta;1;0;;Verão;2023.0;12.0;3;5.5;3;1.0;3;;0;0
0120;2023-12-01;Sexta;2;0;;Verão;2023.0;12.0;9;14.07;28;1.93;28;2023-12-02;1;1
0099;2023-12-01;Sexta;1;0;;Verão;2023.0;12.0;9;8.71;47;1.39;47;2023-12-09;8;1
0129;2023-12-01;Sexta;1;0;;Verão;2023.0;12.0;1;4.33;75;1.06;75;2023-12-07;6;1
0125;2023-12-01;Sexta;2;0;;Verão;2023.0;12.0;30;45.88;6;2.0;6;2023-12-19;18;0
0050;2023-12-01;Sexta;2;0;;Verão;2023.0;12.0;8;7.8;49;2.03;49;2023-12-06;5;1
0061;2023-12-02;Sábado;2;0;;Verão;2023.0;12.0;9;10.91;31;1.93;31;2023-12-11;9;1
0120;2023-12-02;Sábado;2;0;;Verão;2023.0;12.0;1;14.07;29;1.93;29;2023-12-18;16;0
0030;2023-12-04;Segunda;2;0;;Verão;2023.0;12.0;5;12.9;15;2.09;15;2023-12-19;15;1
0063;2023-12-04;Segunda;2;0;;Verão;2023.0;12.0;7;10.54;31;1.89;31;2023-12-11;7;1
0112;2023-12-04;Segunda;1;0;;Verão;2023.0;12.0;7;15.68;20;1.05;20;2023-12-13;9;1
0025;2023-12-04;Segunda;1;0;;Verão;2023.0;12.0;7;9.58;36;1.02;36;2023-12-11;7;1
0040;2023-12-04;Segunda;1;0;;Verão;2023.0;12.0;25;5.79;2;1.0;2;2023-12-11;7;1
0018;2023-12-04;Segunda;2;0;;Verão;2023.0;12.0;14;16.96;9;1.67;9;2023-12-18;14;1
0059;2023-12-04;Segunda;1;0;;Verão;2023.0;12.0;0;;1;1.0;1;;0;0
0133;2023-12-05;Terça;2;0;;Verão;2023.0;12.0;0;44.0;1;2.0;1;2023-12-23;18;0
0049;2023-12-05;Terça;1;0;;Verão;2023.0;12.0;26;23.72;17;1.0;17;2024-01-03;29;0
0132;2023-12-05;Terça;1;0;;Verão;2023.0;12.0;12;14.14;22;1.01;22;2023-12-20;15;1
0044;2023-12-05;Terça;1;0;;Verão;2023.0;12.0;5;4.18;86;1.0;86;2023-12-09;4;1
0054;2023-12-05;Terça;1;0;;Verão;2023.0;12.0;7;9.38;28;2.16;28;2023-12-11;6;1
0005;2023-12-06;Quarta;1;04/10;;Verão;2023.0;12.0;15;4.82;6;1.0;6;2023-12-12;6;1
0118;2023-12-06;Quarta;1;0;;Verão;2023.0;12.0;7;10.34;32;1.01;32;2023-12-13;7;1
0095;2023-12-06;Quarta;1;0;;Verão;2023.0;12.0;16;16.5;17;1.0;17;2023-12-22;16;0
0050;2023-12-06;Quarta;1;0;;Verão;2023.0;12.0;5;7.8;50;2.03;50;2023-12-15;9;1
0097;2023-12-07;Quinta;3;0;;Verão;2023.0;12.0;17;10.3;49;2.05;49;2023-12-13;6;1
0010;2023-12-07;Quinta;2;09/15;;Verão;2023.0;12.0;9;5.97;63;2.0;63;2023-12-13;6;1
0127;2023-12-07;Quinta;1;0;;Verão;2023.0;12.0;8;11.09;28;1.1;28;2023-12-13;6;1
0021;2023-12-07;Quinta;2;0;;Verão;2023.0;12.0;12;16.35;23;1.66;23;2023-12-16;9;1
0056;2023-12-07;Quinta;2;0;;Verão;2023.0;12.0;14;10.01;54;1.53;54;2023-12-22;15;1
0129;2023-12-07;Quinta;1;0;;Verão;2023.0;12.0;6;4.33;76;1.06;76;2023-12-11;4;1
0099;2023-12-09;Sábado;2;0;;Verão;2023.0;12.0;8;8.71;48;1.39;48;2023-12-18;9;1
0044;2023-12-09;Sábado;1;0;;Verão;2023.0;12.0;4;4.18;87;1.0;87;2023-12-12;3;1
0025;2023-12-11;Segunda;1;0;;Verão;2023.0;12.0;7;9.58;37;1.02;37;2023-12-16;5;1
0129;2023-12-11;Segunda;1;0;;Verão;2023.0;12.0;4;4.33;77;1.06;77;2023-12-14;3;1
0063;2023-12-11;Segunda;2;0;;Verão;2023.0;12.0;7;10.54;32;1.89;32;2023-12-14;3;1
0086;2023-12-11;Segunda;1;0;;Verão;2023.0;12.0;14;23.03;13;1.0;13;2024-01-15;35;0
0040;2023-12-11;Segunda;1;0;;Verão;2023.0;12.0;7;5.79;3;1.0;3;2023-12-15;4;1
0054;2023-12-11;Segunda;2;0;;Verão;2023.0;12.0;6;9.38;29;2.16;29;2023-12-16;5;1
0061;2023-12-11;Segunda;2;0;;Verão;2023.0;12.0;9;10.91;32;1.93;32;2023-12-19;8;1
0004;2023-12-11;Segunda;1;10/10;;Verão;2023.0;12.0;16;12.69;36;1.0;36;2023-12-19;8;1
0089;2023-12-12;Terça;1;01/03;;Verão;2023.0;12.0;11;5.91;69;1.01;69;2023-12-18;6;1
0002;2023-12-12;Terça;1;0;;Verão;2023.0;12.0;26;30.45;9;1.0;9;2024-01-30;49;0
0044;2023-12-12;Terça;1;0;;Verão;2023.0;12.0;3;4.18;88;1.0;88;2023-12-14;2;1
0005;2023-12-12;Terça;1;05/10;;Verão;2023.0;12.0;6;4.82;7;1.0;7;2023-12-19;7;1
0112;2023-12-13;Quarta;1;0;;Verão;2023.0;12.0;9;15.68;21;1.05;21;2023-12-27;14;1
0118;2023-12-13;Quarta;1;0;;Verão;2023.0;12.0;7;10.34;33;1.01;33;2023-12-20;7;1
0127;2023-12-13;Quarta;1;0;;Verão;2023.0;12.0;6;11.09;29;1.1;29;2023-12-22;9;1
0010;2023-12-13;Quarta;2;0;;Verão;2023.0;12.0;6;5.97;64;2.0;64;2023-12-15;2;1
0097;2023-12-13;Quarta;2;0;;Verão;2023.0;12.0;6;10.3;50;2.05;50;2024-01-08;26;0
0063;2023-12-14;Quinta;2;0;;Verão;2023.0;12.0;3;10.54;33;1.89;33;2023-12-26;12;1
0129;2023-12-14;Quinta;1;0;;Verão;2023.0;12.0;3;4.33;78;1.06;78;2023-12-18;4;1
0044;2023-12-14;Quinta;1;0;;Verão;2023.0;12.0;2;4.18;89;1.0;89;2023-12-18;4;1
0050;2023-12-15;Sexta;2;0;;Verão;2023.0;12.0;9;7.8;51;2.03;51;2023-12-20;5;1
0134;2023-12-15;Sexta;2;0;;Verão;2023.0;12.0;23;23.15;11;2.05;11;2024-01-02;18;0
0010;2023-12-15;Sexta;2;0;;Verão;2023.0;12.0;2;5.97;65;2.0;65;2023-12-21;6;1
0040;2023-12-15;Sexta;1;0;;Verão;2023.0;12.0;4;5.79;4;1.0;4;2023-12-19;4;1
0025;2023-12-16;Sábado;1;0;;Verão;2023.0;12.0;5;9.58;38;1.02;38;2023-12-26;10;1
0021;2023-12-16;Sábado;2;0;;Verão;2023.0;12.0;9;16.35;24;1.66;24;2023-12-30;14;1
0054;2023-12-16;Sábado;1;0;;Verão;2023.0;12.0;5;9.38;30;2.16;30;2023-12-19;3;1
0129;2023-12-18;Segunda;1;0;;Verão;2023.0;12.0;4;4.33;79;1.06;79;2023-12-21;3;1
0044;2023-12-18;Segunda;1;0;;Verão;2023.0;12.0;4;4.18;90;1.0;90;2023-12-20;2;1
0089;2023-12-18;Segunda;1;02/03;;Verão;2023.0;12.0;6;5.91;70;1.01;70;2023-12-22;4;1
0120;2023-12-18;Segunda;2;0;;Verão;2023.0;12.0;16;14.07;30;1.93;30;2023-12-28;10;1
0099;2023-12-18;Segunda;2;0;;Verão;2023.0;12.0;9;8.71;49;1.39;49;2023-12-26;8;1
0018;2023-12-18;Segunda;2;0;;Verão;2023.0;12.0;14;16.96;10;1.67;10;2024-01-02;15;1
0022;2023-12-18;Segunda;1;0;;Verão;2023.0;12.0;0;;1;1.0;1;;0;0
0030;2023-12-19;Terça;3;0;;Verão;2023.0;12.0;15;12.9;16;2.09;16;2023-12-26;7;1
0005;2023-12-19;Terça;1;06/10;;Verão;2023.0;12.0;7;4.82;8;1.0;8;2023-12-27;8;1
0004;2023-12-19;Terça;1;01/12;;Verão;2023.0;12.0;8;12.69;37;1.0;37;2023-12-27;8;1
0054;2023-12-19;Terça;2;0;;Verão;2023.0;12.0;3;9.38;31;2.16;31;2023-12-21;2;1
0040;2023-12-19;Terça;1;0;;Verão;2023.0;12.0;4;5.79;5;1.0;5;2023-12-23;4;1
0078;2023-12-19;Terça;2;0;;Verão;2023.0;12.0;28;20.63;14;2.0;14;2024-01-05;17;0
0125;2023-12-19;Terça;2;0;;Verão;2023.0;12.0;18;45.88;7;2.0;7;2024-01-15;27;0
0061;2023-12-19;Terça;2;0;;Verão;2023.0;12.0;8;10.91;33;1.93;33;2023-12-28;9;1
0044;2023-12-20;Quarta;1;0;;Verão;2023.0;12.0;2;4.18;91;1.0;91;2023-12-23;3;1
0132;2023-12-20;Quarta;1;0;;Verão;2023.0;12.0;15;14.14;23;1.01;23;2023-12-30;10;1
0050;2023-12-20;Quarta;2;0;;Verão;2023.0;12.0;5;7.8;52;2.03;52;2023-12-26;6;1
0118;2023-12-20;Quarta;1;0;;Verão;2023.0;12.0;7;10.34;34;1.01;34;2024-01-05;16;0
0129;2023-12-21;Quinta;1;0;;Verão;2023.0;12.0;3;4.33;80;1.06;80;2023-12-23;2;1
0054;2023-12-21;Quinta;1;0;;Verão;2023.0;12.0;2;9.38;32;2.16;32;2023-12-26;5;1
0010;2023-12-21;Quinta;2;0;;Verão;2023.0;12.0;6;5.97;66;2.0;66;2023-12-23;2;1
0127;2023-12-22;Sexta;1;0;;Verão;2023.0;12.0;9;11.09;30;1.1;30;2023-12-29;7;1
0056;2023-12-22;Sexta;2;0;;Verão;2023.0;12.0;15;10.01;55;1.53;55;2024-01-09;18;0
0095;2023-12-22;Sexta;1;0;;Verão;2023.0;12.0;16;16.5;18;1.0;18;2024-01-09;18;0
0089;2023-12-22;Sexta;1;03/03;;Verão;2023.0;12.0;4;5.91;71;1.01;71;2023-12-30;8;1
0010;2023-12-23;Sábado;2;0;;Verão;2023.0;12.0;2;5.97;67;2.0;67;2024-01-05;13;1
0133;2023-12-23;Sábado;2;0;;Verão;2023.0;12.0;18;44.0;2;2.0;2;2024-01-03;11;1
0040;2023-12-23;Sábado;1;0;;Verão;2023.0;12.0;4;5.79;6;1.0;6;2023-12-28;5;1
0129;2023-12-23;Sábado;1;0;;Verão;2023.0;12.0;2;4.33;81;1.06;81;2023-12-27;4;1
0044;2023-12-23;Sábado;1;0;;Verão;2023.0;12.0;3;4.18;92;1.0;92;2023-12-28;5;1
0050;2023-12-26;Terça;2;0;;Verão;2023.0;12.0;6;7.8;53;2.03;53;2024-01-02;7;1
0099;2023-12-26;Terça;2;0;;Verão;2023.0;12.0;8;8.71;50;1.39;50;2024-01-04;9;1
0025;2023-12-26;Terça;1;0;;Verão;2023.0;12.0;10;9.58;39;1.02;39;2024-01-05;10;1
0030;2023-12-26;Terça;2;0;;Verão;2023.0;12.0;7;12.9;17;2.09;17;2024-01-03;8;1
0063;2023-12-26;Terça;2;0;;Verão;2023.0;12.0;12;10.54;34;1.89;34;2024-01-02;7;1
0054;2023-12-26;Terça;1;0;;Verão;2023.0;12.0;5;9.38;33;2.16;33;2024-01-05;10;1
0126;2023-12-26;Terça;1;0;;Verão;2023.0;12.0;25;21.71;17;1.0;17;2024-02-28;64;0
0005;2023-12-27;Quarta;1;07/10;;Verão;2023.0;12.0;8;4.82;9;1.0;9;2024-01-03;7;1
0004;2023-12-27;Quarta;1;10;;Verão;2023.0;12.0;8;12.69;38;1.0;38;2024-01-03;7;1
0129;2023-12-27;Quarta;1;0;;Verão;2023.0;12.0;4;4.33;82;1.06;82;2023-12-30;3;1
0112;2023-12-27;Quarta;1;0;;Verão;2023.0;12.0;14;15.68;22;1.05;22;2024-01-02;6;1
0061;2023-12-28;Quinta;2;0;;Verão;2023.0;12.0;9;10.91;34;1.93;34;2024-01-08;11;1
0120;2023-12-28;Quinta;1;0;;Verão;2023.0;12.0;10;14.07;31;1.93;31;2024-01-02;5;1
0040;2023-12-28;Quinta;1;0;;Verão;2023.0;12.0;5;5.79;7;1.0;7;2024-01-02;5;1
0044;2023-12-28;Quinta;1;0;;Verão;2023.0;12.0;5;4.18;93;1.0;93;2024-01-04;7;1
0127;2023-12-29;Sexta;1;0;;Verão;2023.0;12.0;7;11.09;31;1.1;31;2024-01-08;10;1
0132;2023-12-30;Sábado;1;0;;Verão;2023.0;12.0;10;14.14;24;1.01;24;2024-01-22;23;0
0021;2023-12-30;Sábado;2;0;;Verão;2023.0;12.0;14;16.35;25;1.66;25;2024-01-13;14;1
0089;2023-12-30;Sábado;1;01/03;;Verão;2023.0;12.0;8;5.91;72;1.01;72;2024-01-05;6;1
0081;2023-12-30;Sábado;1;0;;Verão;2023.0;12.0;32;17.92;20;1.02;20;2024-01-12;13;1
0129;2023-12-30;Sábado;1;0;Deve;Verão;2023.0;12.0;3;4.33;83;1.06;83;2024-01-02;3;1
0134;2024-01-02;Terça;2;0;;Verão;2024.0;1.0;18;23.15;12;2.05;12;2024-01-13;11;1
0018;2024-01-02;Terça;2;0;;Verão;2024.0;1.0;15;16.96;11;1.67;11;2024-01-22;20;0
0129;2024-01-02;Terça;1;0;;Verão;2024.0;1.0;3;4.33;84;1.06;84;2024-01-05;3;1
0112;2024-01-02;Terça;1;0;;Verão;2024.0;1.0;6;15.68;23;1.05;23;2024-01-26;24;0
0050;2024-01-02;Terça;2;0;;Verão;2024.0;1.0;7;7.8;54;2.03;54;2024-01-11;9;1
0120;2024-01-02;Terça;2;0;;Verão;2024.0;1.0;5;14.07;32;1.93;32;2024-01-16;14;1
0063;2024-01-02;Terça;2;0;;Verão;2024.0;1.0;7;10.54;35;1.89;35;2024-01-09;7;1
0040;2024-01-02;Terça;1;0;;Verão;2024.0;1.0;5;5.79;8;1.0;8;2024-01-05;3;1
0030;2024-01-03;Quarta;2;0;;Verão;2024.0;1.0;8;12.9;18;2.09;18;2024-01-18;15;1
0133;2024-01-03;Quarta;2;0;;Verão;2024.0;1.0;11;44.0;3;2.0;3;2024-01-30;27;0
0049;2024-01-03;Quarta;1;0;;Verão;2024.0;1.0;29;23.72;18;1.0;18;2024-01-24;21;0
0005;2024-01-03;Quarta;1;08/10;;Verão;2024.0;1.0;7;4.82;10;1.0;10;2024-01-09;6;1
0004;2024-01-03;Quarta;1;01/10;;Verão;2024.0;1.0;7;12.69;39;1.0;39;2024-01-10;7;1
0044;2024-01-04;Quinta;1;0;;Verão;2024.0;1.0;7;4.18;94;1.0;94;2024-01-06;2;1
0099;2024-01-04;Quinta;2;0;;Verão;2024.0;1.0;9;8.71;51;1.39;51;2024-01-15;11;1
0016;2024-01-04;Quinta;2;0;;Verão;2024.0;1.0;0;82.0;1;2.0;1;2024-03-26;82;0
0089;2024-01-05;Sexta;1;02/03;;Verão;2024.0;1.0;6;5.91;73;1.01;73;2024-01-17;12;1
0010;2024-01-05;Sexta;2;0;;Verão;2024.0;1.0;13;5.97;68;2.0;68;2024-01-12;7;1
0025;2024-01-05;Sexta;1;0;;Verão;2024.0;1.0;10;9.58;40;1.02;40;2024-01-12;7;1
0129;2024-01-05;Sexta;1;0;;Verão;2024.0;1.0;3;4.33;85;1.06;85;2024-01-08;3;1
0118;2024-01-05;Sexta;1;0;;Verão;2024.0;1.0;16;10.34;35;1.01;35;2024-01-16;11;1
0078;2024-01-05;Sexta;2;0;;Verão;2024.0;1.0;17;20.63;15;2.0;15;2024-01-17;12;1
0040;2024-01-05;Sexta;1;0;;Verão;2024.0;1.0;3;5.79;9;1.0;9;2024-01-09;4;1
0054;2024-01-05;Sexta;2;0;;Verão;2024.0;1.0;10;9.38;34;2.16;34;2024-01-09;4;1
0044;2024-01-06;Sábado;1;0;;Verão;2024.0;1.0;2;4.18;95;1.0;95;2024-01-10;4;1
0129;2024-01-08;Segunda;1;0;;Verão;2024.0;1.0;3;4.33;86;1.06;86;2024-01-12;4;1
0097;2024-01-08;Segunda;2;0;;Verão;2024.0;1.0;26;10.3;51;2.05;51;2024-01-16;8;1
0061;2024-01-08;Segunda;2;0;;Verão;2024.0;1.0;11;10.91;35;1.93;35;2024-01-16;8;1
0127;2024-01-08;Segunda;1;0;;Verão;2024.0;1.0;10;11.09;32;1.1;32;2024-01-16;8;1
0056;2024-01-09;Terça;2;0;;Verão;2024.0;1.0;18;10.01;56;1.53;56;2024-01-23;14;1
0054;2024-01-09;Terça;1;0;;Verão;2024.0;1.0;4;9.38;35;2.16;35;2024-01-24;15;1
0095;2024-01-09;Terça;1;0;;Verão;2024.0;1.0;18;16.5;19;1.0;19;2024-01-22;13;1
0040;2024-01-09;Terça;1;0;;Verão;2024.0;1.0;4;5.79;10;1.0;10;2024-01-13;4;1
0005;2024-01-09;Terça;1;09/10;;Verão;2024.0;1.0;6;4.82;11;1.0;11;2024-01-15;6;1
0063;2024-01-09;Terça;2;0;;Verão;2024.0;1.0;7;10.54;36;1.89;36;2024-01-17;8;1
0044;2024-01-10;Quarta;1;0;;Verão;2024.0;1.0;4;4.18;96;1.0;96;2024-01-13;3;1
0004;2024-01-10;Quarta;1;02/10;;Verão;2024.0;1.0;7;12.69;40;1.0;40;2024-01-16;6;1
0045;2024-01-11;Quinta;1;0;;Verão;2024.0;1.0;42;32.25;4;1.0;4;2024-01-29;18;0
0050;2024-01-11;Quinta;2;0;;Verão;2024.0;1.0;9;7.8;55;2.03;55;2024-01-17;6;1
0025;2024-01-12;Sexta;1;0;;Verão;2024.0;1.0;7;9.58;41;1.02;41;2024-01-17;5;1
0010;2024-01-12;Sexta;2;13/15;;Verão;2024.0;1.0;7;5.97;69;2.0;69;2024-01-15;3;1
0081;2024-01-12;Sexta;1;0;;Verão;2024.0;1.0;13;17.92;21;1.02;21;2024-01-25;13;1
0129;2024-01-12;Sexta;1;0;;Verão;2024.0;1.0;4;4.33;87;1.06;87;2024-01-15;3;1
0134;2024-01-13;Sábado;3;0;;Verão;2024.0;1.0;11;23.15;13;2.05;13;2024-01-17;4;1
0021;2024-01-13;Sábado;2;0;;Verão;2024.0;1.0;14;16.35;26;1.66;26;2024-01-27;14;1
0040;2024-01-13;Sábado;1;0;;Verão;2024.0;1.0;4;5.79;11;1.0;11;2024-01-18;5;1
0044;2024-01-13;Sábado;1;0;;Verão;2024.0;1.0;3;4.18;97;1.0;97;2024-01-15;2;1
0005;2024-01-15;Segunda;1;10/10;;Verão;2024.0;1.0;6;4.82;12;1.0;12;2024-01-19;4;1
0099;2024-01-15;Segunda;2;0;;Verão;2024.0;1.0;11;8.71;52;1.39;52;2024-01-23;8;1
0129;2024-01-15;Segunda;1;0;;Verão;2024.0;1.0;3;4.33;88;1.06;88;2024-01-18;3;1
0010;2024-01-15;Segunda;2;02/15;;Verão;2024.0;1.0;3;5.97;70;2.0;70;2024-01-18;3;1
0125;2024-01-15;Segunda;2;0;;Verão;2024.0;1.0;27;45.88;8;2.0;8;2024-03-01;46;0
0086;2024-01-15;Segunda;1;0;;Verão;2024.0;1.0;35;23.03;14;1.0;14;2024-01-29;14;1
0044;2024-01-15;Segunda;1;0;;Verão;2024.0;1.0;2;4.18;98;1.0;98;2024-01-19;4;1
0097;2024-01-16;Terça;2;0;;Verão;2024.0;1.0;8;10.3;52;2.05;52;2024-01-22;6;1
0120;2024-01-16;Terça;2;0;;Verão;2024.0;1.0;14;14.07;33;1.93;33;2024-01-30;14;1
0118;2024-01-16;Terça;1;0;;Verão;2024.0;1.0;11;10.34;36;1.01;36;2024-01-23;7;1
0061;2024-01-16;Terça;2;0;;Verão;2024.0;1.0;8;10.91;36;1.93;36;2024-01-24;8;1
0004;2024-01-16;Terça;1;03/10;;Verão;2024.0;1.0;6;12.69;41;1.0;41;2024-01-23;7;1
0127;2024-01-16;Terça;1;0;;Verão;2024.0;1.0;8;11.09;33;1.1;33;2024-01-24;8;1
0134;2024-01-17;Quarta;2;0;;Verão;2024.0;1.0;4;23.15;14;2.05;14;2024-01-23;6;1
0078;2024-01-17;Quarta;2;0;;Verão;2024.0;1.0;12;20.63;16;2.0;16;2024-02-05;19;0
0050;2024-01-17;Quarta;2;0;;Verão;2024.0;1.0;6;7.8;56;2.03;56;2024-01-22;5;1
0063;2024-01-17;Quarta;2;0;;Verão;2024.0;1.0;8;10.54;37;1.89;37;2024-01-26;9;1
0025;2024-01-17;Quarta;1;0;;Verão;2024.0;1.0;5;9.58;42;1.02;42;2024-01-19;2;1
0089;2024-01-17;Quarta;1;01/03;;Verão;2024.0;1.0;12;5.91;74;1.01;74;2024-01-18;1;1
0129;2024-01-18;Quinta;1;0;;Verão;2024.0;1.0;3;4.33;89;1.06;89;2024-01-22;4;1
0010;2024-01-18;Quinta;2;13/15;;Verão;2024.0;1.0;3;5.97;71;2.0;71;2024-01-22;4;1
0040;2024-01-18;Quinta;1;0;;Verão;2024.0;1.0;5;5.79;12;1.0;12;2024-01-22;4;1
0089;2024-01-18;Quinta;1;02/03;;Verão;2024.0;1.0;1;5.91;75;1.01;75;2024-01-19;1;1
0030;2024-01-18;Quinta;2;0;;Verão;2024.0;1.0;15;12.9;19;2.09;19;2024-01-25;7;1
0044;2024-01-19;Sexta;1;0;;Verão;2024.0;1.0;4;4.18;99;1.0;99;2024-01-22;3;1
0005;2024-01-19;Sexta;1;01/10;;Verão;2024.0;1.0;4;4.82;13;1.0;13;2024-01-24;5;1
0089;2024-01-19;Sexta;1;02/03;;Verão;2024.0;1.0;1;5.91;76;1.01;76;2024-01-24;5;1
0025;2024-01-19;Sexta;1;0;;Verão;2024.0;1.0;2;9.58;43;1.02;43;2024-01-24;5;1
0040;2024-01-22;Segunda;1;0;;Verão;2024.0;1.0;4;5.79;13;1.0;13;2024-01-25;3;1
0018;2024-01-22;Segunda;2;0;;Verão;2024.0;1.0;20;16.96;12;1.67;12;2024-02-03;12;1
0123;2024-01-22;Segunda;2;0;;Verão;2024.0;1.0;0;;1;2.0;1;;0;0
0050;2024-01-22;Segunda;1;0;;Verão;2024.0;1.0;5;7.8;57;2.03;57;2024-02-03;12;1
0132;2024-01-22;Segunda;1;3;;Verão;2024.0;1.0;23;14.14;25;1.01;25;2024-01-31;9;1
0129;2024-01-22;Segunda;1;0;;Verão;2024.0;1.0;4;4.33;90;1.06;90;2024-01-24;2;1
0095;2024-01-22;Segunda;1;0;;Verão;2024.0;1.0;13;16.5;20;1.0;20;2024-02-06;15;1
0097;2024-01-22;Segunda;2;0;;Verão;2024.0;1.0;6;10.3;53;2.05;53;2024-02-08;17;0
0044;2024-01-22;Segunda;1;0;;Verão;2024.0;1.0;3;4.18;100;1.0;100;2024-01-24;2;1
0010;2024-01-22;Segunda;2;11/15;;Verão;2024.0;1.0;4;5.97;72;2.0;72;2024-01-27;5;1
0134;2024-01-23;Terça;2;0;;Verão;2024.0;1.0;6;23.15;15;2.05;15;2024-02-02;10;1
0118;2024-01-23;Terça;1;0;;Verão;2024.0;1.0;7;10.34;37;1.01;37;2024-01-31;8;1
0099;2024-01-23;Terça;1;0;;Verão;2024.0;1.0;8;8.71;53;1.39;53;2024-01-26;3;1
0004;2024-01-23;Terça;1;04/10;;Verão;2024.0;1.0;7;12.69;42;1.0;42;2024-01-27;4;1
0056;2024-01-23;Terça;2;0;;Verão;2024.0;1.0;14;10.01;57;1.53;57;2024-02-06;14;1
0044;2024-01-24;Quarta;1;0;;Verão;2024.0;1.0;2;4.18;101;1.0;101;2024-01-27;3;1
0127;2024-01-24;Quarta;1;0;;Verão;2024.0;1.0;8;11.09;34;1.1;34;2024-01-31;7;1
0061;2024-01-24;Quarta;2;0;;Verão;2024.0;1.0;8;10.91;37;1.93;37;2024-02-01;8;1
0054;2024-01-24;Quarta;1;0;;Verão;2024.0;1.0;15;9.38;36;2.16;36;2024-01-29;5;1
0089;2024-01-24;Quarta;1;0;;Verão;2024.0;1.0;5;5.91;77;1.01;77;2024-01-31;7;1
0025;2024-01-24;Quarta;1;0;;Verão;2024.0;1.0;5;9.58;44;1.02;44;2024-01-29;5;1
0005;2024-01-24;Quarta;1;02/10;;Verão;2024.0;1.0;5;4.82;14;1.0;14;2024-01-29;5;1
0129;2024-01-24;Quarta;1;0;;Verão;2024.0;1.0;2;4.33;91;1.06;91;2024-01-27;3;1
0049;2024-01-24;Quarta;1;0;;Verão;2024.0;1.0;21;23.72;19;1.0;19;2024-02-27;34;0
0040;2024-01-25;Quinta;1;0;;Verão;2024.0;1.0;3;5.79;14;1.0;14;2024-01-29;4;1
0081;2024-01-25;Quinta;1;0;;Verão;2024.0;1.0;13;17.92;22;1.02;22;2024-02-10;16;0
0030;2024-01-25;Quinta;2;0;;Verão;2024.0;1.0;7;12.9;20;2.09;20;2024-01-30;5;1
0099;2024-01-26;Sexta;1;0;;Verão;2024.0;1.0;3;8.71;54;1.39;54;2024-02-02;7;1
0063;2024-01-26;Sexta;2;0;;Verão;2024.0;1.0;9;10.54;38;1.89;38;2024-02-05;10;1
0112;2024-01-26;Sexta;1;0;;Verão;2024.0;1.0;24;15.68;24;1.05;24;2024-02-02;7;1
0044;2024-01-27;Sábado;1;0;;Verão;2024.0;1.0;3;4.18;102;1.0;102;2024-01-30;3;1
0010;2024-01-27;Sábado;1;12/15;;Verão;2024.0;1.0;5;5.97;73;2.0;73;2024-02-01;5;1
0129;2024-01-27;Sábado;1;0;;Verão;2024.0;1.0;3;4.33;92;1.06;92;2024-01-30;3;1
0021;2024-01-27;Sábado;2;0;;Verão;2024.0;1.0;14;16.35;27;1.66;27;2024-02-10;14;1
0004;2024-01-27;Sábado;1;05/10;;Verão;2024.0;1.0;4;12.69;43;1.0;43;2024-02-02;6;1
0025;2024-01-29;Segunda;1;0;;Verão;2024.0;1.0;5;9.58;45;1.02;45;2024-02-03;5;1
0054;2024-01-29;Segunda;2;0;;Verão;2024.0;1.0;5;9.38;37;2.16;37;2024-02-01;3;1
0045;2024-01-29;Segunda;1;0;;Verão;2024.0;1.0;18;32.25;5;1.0;5;2024-02-16;18;0
0051;2024-01-29;Segunda;1;0;;Verão;2024.0;1.0;0;17.0;1;1.0;1;2024-02-15;17;0
0086;2024-01-29;Segunda;1;0;;Verão;2024.0;1.0;14;23.03;15;1.0;15;2024-02-08;10;1
0040;2024-01-29;Segunda;1;0;;Verão;2024.0;1.0;4;5.79;15;1.0;15;;0;0
0005;2024-01-29;Segunda;1;0;;Verão;2024.0;1.0;5;4.82;15;1.0;15;2024-02-02;4;1
0133;2024-01-30;Terça;2;0;;Verão;2024.0;1.0;27;44.0;4;2.0;4;2024-02-09;10;1
0030;2024-01-30;Terça;2;0;;Verão;2024.0;1.0;5;12.9;21;2.09;21;2024-02-03;4;1
0129;2024-01-30;Terça;1;0;;Verão;2024.0;1.0;3;4.33;93;1.06;93;2024-02-03;4;1
0044;2024-01-30;Terça;1;0;;Verão;2024.0;1.0;3;4.18;103;1.0;103;2024-02-05;6;1
0120;2024-01-30;Terça;2;0;;Verão;2024.0;1.0;14;14.07;34;1.93;34;2024-02-14;15;1
0002;2024-01-30;Terça;1;0;;Verão;2024.0;1.0;49;30.45;10;1.0;10;2024-03-27;57;0
0089;2024-01-31;Quarta;1;01/03;;Verão;2024.0;1.0;7;5.91;78;1.01;78;2024-02-02;2;1
0127;2024-01-31;Quarta;1;0;;Verão;2024.0;1.0;7;11.09;35;1.1;35;2024-02-08;8;1
0132;2024-01-31;Quarta;1;0;;Verão;2024.0;1.0;9;14.14;26;1.01;26;2024-02-10;10;1
0118;2024-01-31;Quarta;1;0;;Verão;2024.0;1.0;8;10.34;38;1.01;38;2024-02-06;6;1
0010;2024-02-01;Quinta;2;0;;Verão;2024.0;2.0;5;5.97;74;2.0;74;2024-02-02;1;1
0076;2024-02-01;Quinta;1;0;;Verão;2024.0;2.0;0;92.0;1;1.0;1;2024-02-05;4;1
0061;2024-02-01;Quinta;2;0;;Verão;2024.0;2.0;8;10.91;38;1.93;38;2024-02-08;7;1
0054;2024-02-01;Quinta;1;0;;Verão;2024.0;2.0;3;9.38;38;2.16;38;2024-02-05;4;1
0134;2024-02-02;Sexta;2;0;;Verão;2024.0;2.0;10;23.15;16;2.05;16;2024-02-03;1;1
0010;2024-02-02;Sexta;2;0;;Verão;2024.0;2.0;1;5.97;75;2.0;75;2024-02-15;13;1
0099;2024-02-02;Sexta;2;0;;Verão;2024.0;2.0;7;8.71;55;1.39;55;2024-02-09;7;1
0089;2024-02-02;Sexta;1;02/03;;Verão;2024.0;2.0;2;5.91;79;1.01;79;2024-02-09;7;1
0112;2024-02-02;Sexta;1;0;;Verão;2024.0;2.0;7;15.68;25;1.05;25;2024-02-20;18;0
0005;2024-02-02;Sexta;1;04/10;;Verão;2024.0;2.0;4;4.82;16;1.0;16;2024-02-07;5;1
0004;2024-02-02;Sexta;1;06/10;;Verão;2024.0;2.0;6;12.69;44;1.0;44;2024-02-14;12;1
0025;2024-02-03;Sábado;1;0;;Verão;2024.0;2.0;5;9.58;46;1.02;46;2024-02-10;7;1
0030;2024-02-03;Sábado;2;0;;Verão;2024.0;2.0;4;12.9;22;2.09;22;2024-02-17;14;1
0134;2024-02-03;Sábado;2;0;1 vaso;Verão;2024.0;2.0;1;23.15;17;2.05;17;2024-02-16;13;1
0129;2024-02-03;Sábado;1;01/02;;Verão;2024.0;2.0;4;4.33;94;1.06;94;2024-02-05;2;1
0050;2024-02-03;Sábado;2;0;1 vaso;Verão;2024.0;2.0;12;7.8;58;2.03;58;2024-02-07;4;1
0018;2024-02-03;Sábado;2;0;;Verão;2024.0;2.0;12;16.96;13;1.67;13;2024-02-15;12;1
0129;2024-02-05;Segunda;1;0;;Verão;2024.0;2.0;2;4.33;95;1.06;95;2024-02-07;2;1
0078;2024-02-05;Segunda;2;0;;Verão;2024.0;2.0;19;20.63;17;2.0;17;2024-03-05;29;0
0076;2024-02-05;Segunda;1;0;;Verão;2024.0;2.0;4;92.0;2;1.0;2;2024-02-08;3;1
0054;2024-02-05;Segunda;2;0;;Verão;2024.0;2.0;4;9.38;39;2.16;39;2024-02-06;1;1
0063;2024-02-05;Segunda;2;0;;Verão;2024.0;2.0;10;10.54;39;1.89;39;2024-02-10;5;1
0044;2024-02-05;Segunda;1;0;;Verão;2024.0;2.0;6;4.18;104;1.0;104;2024-02-08;3;1
0056;2024-02-06;Terça;2;0;;Verão;2024.0;2.0;14;10.01;58;1.53;58;2024-02-23;17;0
0095;2024-02-06;Terça;1;0;;Verão;2024.0;2.0;15;16.5;21;1.0;21;2024-02-15;9;1
0118;2024-02-06;Terça;1;0;;Verão;2024.0;2.0;6;10.34;39;1.01;39;2024-02-16;10;1
0054;2024-02-06;Terça;1;0;;Verão;2024.0;2.0;1;9.38;40;2.16;40;2024-02-10;4;1
0129;2024-02-07;Quarta;1;0;;Verão;2024.0;2.0;2;4.33;96;1.06;96;2024-02-08;1;1
0050;2024-02-07;Quarta;1;0;;Verão;2024.0;2.0;4;7.8;59;2.03;59;2024-02-10;3;1
0005;2024-02-07;Quarta;1;05/10;;Verão;2024.0;2.0;5;4.82;17;1.0;17;2024-02-16;9;1
0127;2024-02-08;Quinta;1;0;;Verão;2024.0;2.0;8;11.09;36;1.1;36;2024-02-14;6;1
0097;2024-02-08;Quinta;3;0;;Verão;2024.0;2.0;17;10.3;54;2.05;54;2024-02-14;6;1
0129;2024-02-08;Quinta;1;01/02;;Verão;2024.0;2.0;1;4.33;97;1.06;97;2024-02-14;6;1
0086;2024-02-08;Quinta;1;0;;Verão;2024.0;2.0;10;23.03;16;1.0;16;2024-02-19;11;1
0044;2024-02-08;Quinta;1;0;;Verão;2024.0;2.0;3;4.18;105;1.0;105;2024-02-10;2;1
0061;2024-02-08;Quinta;2;0;;Verão;2024.0;2.0;7;10.91;39;1.93;39;2024-02-19;11;1
0076;2024-02-08;Quinta;1;0;;Verão;2024.0;2.0;3;92.0;3;1.0;3;2024-02-16;8;1
0089;2024-02-09;Sexta;1;0;;Verão;2024.0;2.0;7;5.91;80;1.01;80;2024-02-17;8;1
0099;2024-02-09;Sexta;1;0;;Verão;2024.0;2.0;7;8.71;56;1.39;56;2024-02-14;5;1
0133;2024-02-09;Sexta;2;0;;Verão;2024.0;2.0;10;44.0;5;2.0;5;2024-07-04;146;0
0021;2024-02-10;Sábado;2;0;;Verão;2024.0;2.0;14;16.35;28;1.66;28;2024-03-02;21;0
0063;2024-02-10;Sábado;2;0;;Verão;2024.0;2.0;5;10.54;40;1.89;40;2024-02-19;9;1
0054;2024-02-10;Sábado;3;0;;Verão;2024.0;2.0;4;9.38;41;2.16;41;2024-02-14;4;1
0132;2024-02-10;Sábado;1;0;;Verão;2024.0;2.0;10;14.14;27;1.01;27;2024-02-21;11;1
0044;2024-02-10;Sábado;1;0;;Verão;2024.0;2.0;2;4.18;106;1.0;106;2024-02-14;4;1
0081;2024-02-10;Sábado;1;0;;Verão;2024.0;2.0;16;17.92;23;1.02;23;2024-02-28;18;0
0025;2024-02-10;Sábado;1;0;;Verão;2024.0;2.0;7;9.58;47;1.02;47;2024-02-15;5;1
0050;2024-02-10;Sábado;2;0;;Verão;2024.0;2.0;3;7.8;60;2.03;60;2024-02-14;4;1
0050;2024-02-14;Quarta;2;0;;Verão;2024.0;2.0;4;7.8;61;2.03;61;2024-02-20;6;1
0099;2024-02-14;Quarta;1;0;;Verão;2024.0;2.0;5;8.71;57;1.39;57;2024-02-21;7;1
0097;2024-02-14;Quarta;2;0;;Verão;2024.0;2.0;6;10.3;55;2.05;55;2024-02-22;8;1
0054;2024-02-14;Quarta;2;0;;Verão;2024.0;2.0;4;9.38;42;2.16;42;2024-02-20;6;1
0044;2024-02-14;Quarta;1;0;;Verão;2024.0;2.0;4;4.18;107;1.0;107;2024-02-16;2;1
0120;2024-02-14;Quarta;2;0;;Verão;2024.0;2.0;15;14.07;35;1.93;35;2024-02-25;11;1
0004;2024-02-14;Quarta;1;07/10;;Verão;2024.0;2.0;12;12.69;45;1.0;45;2024-02-28;14;1
0129;2024-02-14;Quarta;1;0;;Verão;2024.0;2.0;6;4.33;98;1.06;98;2024-02-19;5;1
0127;2024-02-14;Quarta;1;0;;Verão;2024.0;2.0;6;11.09;37;1.1;37;2024-02-20;6;1
0095;2024-02-15;Quinta;1;0;;Verão;2024.0;2.0;9;16.5;22;1.0;22;2024-03-01;15;1
0010;2024-02-15;Quinta;3;0;;Verão;2024.0;2.0;13;5.97;76;2.0;76;2024-02-22;7;1
0025;2024-02-15;Quinta;1;0;;Verão;2024.0;2.0;5;9.58;48;1.02;48;2024-02-21;6;1
0051;2024-02-15;Quinta;1;0;;Verão;2024.0;2.0;17;17.0;2;1.0;2;;0;0
0018;2024-02-15;Quinta;1;0;;Verão;2024.0;2.0;12;16.96;14;1.67;14;2024-02-22;7;1
0044;2024-02-16;Sexta;1;0;;Verão;2024.0;2.0;2;4.18;108;1.0;108;2024-02-19;3;1
0005;2024-02-16;Sexta;1;06/10;;Verão;2024.0;2.0;9;4.82;18;1.0;18;2024-02-22;6;1
0118;2024-02-16;Sexta;1;0;;Verão;2024.0;2.0;10;10.34;40;1.01;40;2024-02-23;7;1
0134;2024-02-16;Sexta;2;0;;Verão;2024.0;2.0;13;23.15;18;2.05;18;2024-03-04;17;0
0045;2024-02-16;Sexta;1;0;;Verão;2024.0;2.0;18;32.25;6;1.0;6;2024-03-18;31;0
0076;2024-02-16;Sexta;1;0;;Verão;2024.0;2.0;8;92.0;4;1.0;4;2025-03-25;403;0
0089;2024-02-17;Sábado;1;0;;Verão;2024.0;2.0;8;5.91;81;1.01;81;2024-03-01;13;1
0006;2024-02-17;Sábado;1;0;;Verão;2024.0;2.0;0;;1;1.0;1;;0;0
0030;2024-02-17;Sábado;2;0;;Verão;2024.0;2.0;14;12.9;23;2.09;23;2024-03-05;17;0
0129;2024-02-19;Segunda;1;0;;Verão;2024.0;2.0;5;4.33;99;1.06;99;2024-02-22;3;1
0086;2024-02-19;Segunda;1;0;;Verão;2024.0;2.0;11;23.03;17;1.0;17;2024-03-04;14;1
0044;2024-02-19;Segunda;1;0;;Verão;2024.0;2.0;3;4.18;109;1.0;109;2024-02-22;3;1
0061;2024-02-19;Segunda;2;0;;Verão;2024.0;2.0;11;10.91;40;1.93;40;2024-02-25;6;1
0063;2024-02-19;Segunda;2;0;;Verão;2024.0;2.0;9;10.54;41;1.89;41;2024-02-27;8;1
0112;2024-02-20;Terça;1;0;;Verão;2024.0;2.0;18;15.68;26;1.05;26;2024-02-29;9;1
0054;2024-02-20;Terça;2;0;;Verão;2024.0;2.0;6;9.38;43;2.16;43;2024-02-25;5;1
0050;2024-02-20;Terça;2;0;;Verão;2024.0;2.0;6;7.8;62;2.03;62;2024-02-27;7;1
0127;2024-02-20;Terça;1;0;;Verão;2024.0;2.0;6;11.09;38;1.1;38;2024-02-27;7;1
0025;2024-02-21;Quarta;1;0;;Verão;2024.0;2.0;6;9.58;49;1.02;49;2024-02-27;6;1
0099;2024-02-21;Quarta;2;0;;Verão;2024.0;2.0;7;8.71;58;1.39;58;2024-02-29;8;1
0132;2024-02-21;Quarta;1;0;;Verão;2024.0;2.0;11;14.14;28;1.01;28;2024-03-02;10;1
0044;2024-02-22;Quinta;1;0;;Verão;2024.0;2.0;3;4.18;110;1.0;110;2024-02-23;1;1
0097;2024-02-22;Quinta;3;0;;Verão;2024.0;2.0;8;10.3;56;2.05;56;2024-02-25;3;1
0005;2024-02-22;Quinta;1;07/10;;Verão;2024.0;2.0;6;4.82;19;1.0;19;2024-02-25;3;1
0018;2024-02-22;Quinta;2;0;;Verão;2024.0;2.0;7;16.96;15;1.67;15;2024-03-04;11;1
0010;2024-02-22;Quinta;2;0;;Verão;2024.0;2.0;7;5.97;77;2.0;77;2024-02-23;1;1
0129;2024-02-22;Quinta;1;0;;Verão;2024.0;2.0;3;4.33;100;1.06;100;2024-02-25;3;1
0010;2024-02-23;Sexta;2;0;;Verão;2024.0;2.0;1;5.97;78;2.0;78;2024-02-29;6;1
0118;2024-02-23;Sexta;1;0;;Verão;2024.0;2.0;7;10.34;41;1.01;41;2024-03-01;7;1
0056;2024-02-23;Sexta;2;0;;Verão;2024.0;2.0;17;10.01;59;1.53;59;2024-03-06;12;1
0044;2024-02-23;Sexta;1;0;;Verão;2024.0;2.0;1;4.18;111;1.0;111;2024-02-27;4;1
0054;2024-02-25;Segunda;2;0;;Verão;2024.0;2.0;5;9.38;44;2.16;44;2024-02-29;4;1
0088;2024-02-25;Segunda;1;0;;Verão;2024.0;2.0;0;;1;1.0;1;;0;0
0129;2024-02-25;Segunda;1;0;;Verão;2024.0;2.0;3;4.33;101;1.06;101;2024-02-29;4;1
0120;2024-02-25;Segunda;2;0;;Verão;2024.0;2.0;11;14.07;36;1.93;36;2024-03-07;11;1
0061;2024-02-25;Segunda;2;0;;Verão;2024.0;2.0;6;10.91;41;1.93;41;2024-03-04;8;1
0005;2024-02-25;Segunda;1;08/10;;Verão;2024.0;2.0;3;4.82;20;1.0;20;2024-03-01;5;1
0097;2024-02-25;Segunda;2;0;;Verão;2024.0;2.0;3;10.3;57;2.05;57;2024-03-13;17;0
0049;2024-02-27;Terça;1;0;;Verão;2024.0;2.0;34;23.72;20;1.0;20;2024-03-18;20;0
0025;2024-02-27;Terça;1;0;;Verão;2024.0;2.0;6;9.58;50;1.02;50;2024-03-11;13;1
0044;2024-02-27;Terça;1;0;;Verão;2024.0;2.0;4;4.18;112;1.0;112;2024-02-29;2;1
0115;2024-02-27;Terça;1;0;;Verão;2024.0;2.0;0;;1;1.0;1;;0;0
0063;2024-02-27;Terça;2;0;;Verão;2024.0;2.0;8;10.54;42;1.89;42;2024-03-02;4;1
0127;2024-02-27;Terça;1;0;;Verão;2024.0;2.0;7;11.09;39;1.1;39;2024-03-04;6;1
0050;2024-02-27;Terça;2;0;;Verão;2024.0;2.0;7;7.8;63;2.03;63;2024-03-07;9;1
0004;2024-02-28;Quarta;1;08/10;;Verão;2024.0;2.0;14;12.69;46;1.0;46;2024-03-06;7;1
0126;2024-02-28;Quarta;1;3;;Verão;2024.0;2.0;64;21.71;18;1.0;18;2024-03-22;23;0
0081;2024-02-28;Quarta;1;0;;Verão;2024.0;2.0;18;17.92;24;1.02;24;2024-03-11;12;1
0099;2024-02-29;Quinta;1;0;;Verão;2024.0;2.0;8;8.71;59;1.39;59;2024-03-05;5;1
0112;2024-02-29;Quinta;1;0;;Verão;2024.0;2.0;9;15.68;27;1.05;27;2024-03-08;8;1
0129;2024-02-29;Quinta;1;0;;Verão;2024.0;2.0;4;4.33;102;1.06;102;2024-03-04;4;1
0014;2024-02-29;Quinta;1;0;;Verão;2024.0;2.0;0;66.71;1;1.25;1;2024-03-25;25;0
0054;2024-02-29;Quinta;1;0;;Verão;2024.0;2.0;4;9.38;45;2.16;45;2024-03-04;4;1
0044;2024-02-29;Quinta;1;0;;Verão;2024.0;2.0;2;4.18;113;1.0;113;2024-03-02;2;1
0010;2024-02-29;Quinta;2;15;;Verão;2024.0;2.0;6;5.97;79;2.0;79;2024-03-04;4;1
0005;2024-03-01;Sexta;1;09/10;;Verão;2024.0;3.0;5;4.82;21;1.0;21;2024-03-05;4;1
0095;2024-03-01;Sexta;1;0;;Verão;2024.0;3.0;15;16.5;23;1.0;23;2024-03-12;11;1
0089;2024-03-01;Sexta;1;0;;Verão;2024.0;3.0;13;5.91;82;1.01;82;2024-03-07;6;1
0125;2024-03-01;Sexta;2;0;;Verão;2024.0;3.0;46;45.88;9;2.0;9;;0;0
0118;2024-03-01;Sexta;1;0;;Verão;2024.0;3.0;7;10.34;42;1.01;42;2024-03-02;1;1
0132;2024-03-02;Sábado;1;0;;Verão;2024.0;3.0;10;14.14;29;1.01;29;2024-03-16;14;1
0021;2024-03-02;Sábado;2;0;;Verão;2024.0;3.0;21;16.35;29;1.66;29;2024-03-12;10;1
0063;2024-03-02;Sábado;2;0;;Verão;2024.0;3.0;4;10.54;43;1.89;43;2024-03-08;6;1
0118;2024-03-02;Sábado;1;0;;Verão;2024.0;3.0;1;10.34;43;1.01;43;2024-03-07;5;1
0044;2024-03-02;Sábado;1;0;;Verão;2024.0;3.0;2;4.18;114;1.0;114;2024-03-05;3;1
0127;2024-03-04;Segunda;1;0;;Verão;2024.0;3.0;6;11.09;40;1.1;40;2024-03-11;7;1
0129;2024-03-04;Segunda;1;0;;Verão;2024.0;3.0;4;4.33;103;1.06;103;2024-03-06;2;1
0054;2024-03-04;Segunda;3;0;;Verão;2024.0;3.0;4;9.38;46;2.16;46;2024-03-09;5;1
0010;2024-03-04;Segunda;2;0;;Verão;2024.0;3.0;4;5.97;80;2.0;80;2024-03-08;4;1
0061;2024-03-04;Segunda;2;0;;Verão;2024.0;3.0;8;10.91;42;1.93;42;2024-03-11;7;1
0134;2024-03-04;Segunda;4;0;;Verão;2024.0;3.0;17;23.15;19;2.05;19;2024-03-19;15;1
0018;2024-03-04;Segunda;2;0;;Verão;2024.0;3.0;11;16.96;16;1.67;16;2024-03-15;11;1
0086;2024-03-04;Segunda;1;0;;Verão;2024.0;3.0;14;23.03;18;1.0;18;2024-03-11;7;1
0030;2024-03-05;Terça;2;0;;Verão;2024.0;3.0;17;12.9;24;2.09;24;2024-03-08;3;1
0078;2024-03-05;Terça;2;0;;Verão;2024.0;3.0;29;20.63;18;2.0;18;2024-03-20;15;1
0099;2024-03-05;Terça;2;0;;Verão;2024.0;3.0;5;8.71;60;1.39;60;2024-03-14;9;1
0005;2024-03-05;Terça;1;0;;Verão;2024.0;3.0;4;4.82;22;1.0;22;2024-03-09;4;1
0044;2024-03-05;Terça;1;0;;Verão;2024.0;3.0;3;4.18;115;1.0;115;2024-03-07;2;1
0056;2024-03-06;Quarta;2;0;;Verão;2024.0;3.0;12;10.01;60;1.53;60;2024-04-01;26;0
0129;2024-03-06;Quarta;1;0;;Verão;2024.0;3.0;2;4.33;104;1.06;104;2024-03-11;5;1
0004;2024-03-06;Quarta;1;09/10;;Verão;2024.0;3.0;7;12.69;47;1.0;47;2024-03-13;7;1
0044;2024-03-07;Quinta;1;0;;Verão;2024.0;3.0;2;4.18;116;1.0;116;2024-03-09;2;1
0089;2024-03-07;Quinta;1;0;;Verão;2024.0;3.0;6;5.91;83;1.01;83;2024-03-11;4;1
0118;2024-03-07;Quinta;1;0;;Verão;2024.0;3.0;5;10.34;44;1.01;44;2024-03-14;7;1
0050;2024-03-07;Quinta;2;0;;Verão;2024.0;3.0;9;7.8;64;2.03;64;2024-03-16;9;1
0120;2024-03-07;Quinta;2;0;;Verão;2024.0;3.0;11;14.07;37;1.93;37;2024-03-21;14;1
0030;2024-03-08;Sexta;2;0;;Verão;2024.0;3.0;3;12.9;25;2.09;25;2024-03-16;8;1
0010;2024-03-08;Sexta;2;11/05;;Verão;2024.0;3.0;4;5.97;81;2.0;81;2024-03-11;3;1
0063;2024-03-08;Sexta;2;0;;Verão;2024.0;3.0;6;10.54;44;1.89;44;2024-03-14;6;1
0112;2024-03-08;Sexta;1;0;;Verão;2024.0;3.0;8;15.68;28;1.05;28;2024-03-19;11;1
0044;2024-03-09;Sábado;1;0;;Verão;2024.0;3.0;2;4.18;117;1.0;117;2024-03-12;3;1
0005;2024-03-09;Sábado;1;01/10;;Verão;2024.0;3.0;4;4.82;23;1.0;23;2024-03-13;4;1
0054;2024-03-09;Sábado;3;0;;Verão;2024.0;3.0;5;9.38;47;2.16;47;2024-03-16;7;1
0089;2024-03-11;Segunda;1;0;;Verão;2024.0;3.0;4;5.91;84;1.01;84;2024-03-16;5;1
0061;2024-03-11;Segunda;2;0;;Verão;2024.0;3.0;7;10.91;43;1.93;43;2024-03-18;7;1
0127;2024-03-11;Segunda;1;0;;Verão;2024.0;3.0;7;11.09;41;1.1;41;2024-03-18;7;1
0081;2024-03-11;Segunda;1;0;;Verão;2024.0;3.0;12;17.92;25;1.02;25;2024-03-26;15;1
0010;2024-03-11;Segunda;2;02/15;;Verão;2024.0;3.0;3;5.97;82;2.0;82;2024-03-13;2;1
0129;2024-03-11;Segunda;2;0;;Verão;2024.0;3.0;5;4.33;105;1.06;105;2024-03-16;5;1
0025;2024-03-11;Segunda;1;0;;Verão;2024.0;3.0;13;9.58;51;1.02;51;2024-03-15;4;1
0086;2024-03-11;Segunda;1;0;;Verão;2024.0;3.0;7;23.03;19;1.0;19;2024-03-19;8;1
0007;2024-03-12;Terça;1;0;vaso;Verão;2024.0;3.0;0;8.85;1;1.03;1;2024-04-13;32;0
0021;2024-03-12;Terça;2;0;;Verão;2024.0;3.0;10;16.35;30;1.66;30;2024-03-26;14;1
0044;2024-03-12;Terça;1;0;;Verão;2024.0;3.0;3;4.18;118;1.0;118;2024-03-14;2;1
0095;2024-03-12;Terça;1;0;;Verão;2024.0;3.0;11;16.5;24;1.0;24;2024-03-22;10;1
0010;2024-03-13;Quarta;2;04/15;;Verão;2024.0;3.0;2;5.97;83;2.0;83;2024-03-21;8;1
0097;2024-03-13;Quarta;2;0;;Verão;2024.0;3.0;17;10.3;58;2.05;58;2024-04-01;19;0
0004;2024-03-13;Quarta;1;10/10;;Verão;2024.0;3.0;7;12.69;48;1.0;48;2024-03-23;10;1
0005;2024-03-13;Quarta;1;02/10;;Verão;2024.0;3.0;4;4.82;24;1.0;24;2024-03-18;5;1
0099;2024-03-14;Quinta;2;0;;Verão;2024.0;3.0;9;8.71;61;1.39;61;2024-03-22;8;1
0118;2024-03-14;Quinta;1;0;;Verão;2024.0;3.0;7;10.34;45;1.01;45;2024-03-21;7;1
0063;2024-03-14;Quinta;2;0;;Verão;2024.0;3.0;6;10.54;45;1.89;45;2024-03-22;8;1
0044;2024-03-14;Quinta;1;0;;Verão;2024.0;3.0;2;4.18;119;1.0;119;2024-03-18;4;1
0025;2024-03-15;Sexta;1;0;;Verão;2024.0;3.0;4;9.58;52;1.02;52;2024-03-23;8;1
0018;2024-03-15;Sexta;2;0;;Verão;2024.0;3.0;11;16.96;17;1.67;17;2024-03-30;15;1
0089;2024-03-16;Sábado;1;0;;Verão;2024.0;3.0;5;5.91;85;1.01;85;2024-03-22;6;1
0054;2024-03-16;Sábado;3;0;;Verão;2024.0;3.0;7;9.38;48;2.16;48;2024-03-22;6;1
0050;2024-03-16;Sábado;2;0;;Verão;2024.0;3.0;9;7.8;65;2.03;65;2024-03-22;6;1
0132;2024-03-16;Sábado;1;0;;Verão;2024.0;3.0;14;14.14;30;1.01;30;2024-03-25;9;1
0030;2024-03-16;Sábado;2;0;;Verão;2024.0;3.0;8;12.9;26;2.09;26;2024-03-20;4;1
0129;2024-03-16;Sábado;1;0;;Verão;2024.0;3.0;5;4.33;106;1.06;106;2024-03-19;3;1
0061;2024-03-18;Segunda;2;0;;Verão;2024.0;3.0;7;10.91;44;1.93;44;2024-03-26;8;1
0127;2024-03-18;Segunda;1;0;;Verão;2024.0;3.0;7;11.09;42;1.1;42;2024-03-26;8;1
0045;2024-03-18;Segunda;1;0;;Verão;2024.0;3.0;31;32.25;7;1.0;7;2024-04-03;16;0
0049;2024-03-18;Segunda;1;0;;Verão;2024.0;3.0;20;23.72;21;1.0;21;2024-04-06;19;0
0044;2024-03-18;Segunda;1;0;;Verão;2024.0;3.0;4;4.18;120;1.0;120;2024-03-19;1;1
0005;2024-03-18;Segunda;1;03/10;;Verão;2024.0;3.0;5;4.82;25;1.0;25;2024-03-22;4;1
0093;2024-03-19;Terça;1;0;;Verão;2024.0;3.0;0;;1;1.0;1;;0;0
0086;2024-03-19;Terça;1;0;;Verão;2024.0;3.0;8;23.03;20;1.0;20;2024-03-26;7;1
0134;2024-03-19;Terça;3;0;;Verão;2024.0;3.0;15;23.15;20;2.05;20;2024-05-31;73;0
0129;2024-03-19;Terça;2;0;;Verão;2024.0;3.0;3;4.33;107;1.06;107;2024-03-23;4;1
0112;2024-03-19;Terça;1;0;;Verão;2024.0;3.0;11;15.68;29;1.05;29;2024-04-01;13;1
0044;2024-03-19;Terça;1;0;;Verão;2024.0;3.0;1;4.18;121;1.0;121;2024-03-25;6;1
0030;2024-03-20;Quarta;2;0;;Verão;2024.0;3.0;4;12.9;27;2.09;27;2024-03-25;5;1
0078;2024-03-20;Quarta;2;0;;Verão;2024.0;3.0;15;20.63;19;2.0;19;2024-04-08;19;0
0120;2024-03-21;Quinta;2;0;;Verão;2024.0;3.0;14;14.07;38;1.93;38;2024-03-30;9;1
0010;2024-03-21;Quinta;2;06/15;;Verão;2024.0;3.0;8;5.97;84;2.0;84;2024-03-22;1;1
0118;2024-03-21;Quinta;1;0;;Verão;2024.0;3.0;7;10.34;46;1.01;46;2024-04-02;12;1
0005;2024-03-22;Sexta;1;04/10;;Verão;2024.0;3.0;4;4.82;26;1.0;26;2024-03-27;5;1
0126;2024-03-22;Sexta;1;5;;Verão;2024.0;3.0;23;21.71;19;1.0;19;2024-04-05;14;1
0050;2024-03-22;Sexta;2;0;;Verão;2024.0;3.0;6;7.8;66;2.03;66;2024-03-27;5;1
0089;2024-03-22;Sexta;1;0;;Verão;2024.0;3.0;6;5.91;86;1.01;86;2024-03-27;5;1
0099;2024-03-22;Sexta;2;0;;Verão;2024.0;3.0;8;8.71;62;1.39;62;2024-04-02;11;1
0010;2024-03-22;Sexta;2;11/15;;Verão;2024.0;3.0;1;5.97;85;2.0;85;2024-04-02;11;1
0095;2024-03-22;Sexta;1;0;;Verão;2024.0;3.0;10;16.5;25;1.0;25;2024-04-02;11;1
0063;2024-03-22;Sexta;2;0;;Verão;2024.0;3.0;8;10.54;46;1.89;46;2024-03-26;4;1
0066;2024-03-22;Sexta;1;0;;Verão;2024.0;3.0;0;257.0;1;1.0;1;2024-12-04;257;0
0054;2024-03-22;Sexta;2;0;;Verão;2024.0;3.0;6;9.38;49;2.16;49;2024-03-23;1;1
0025;2024-03-23;Sábado;1;0;;Verão;2024.0;3.0;8;9.58;53;1.02;53;2024-03-28;5;1
0004;2024-03-23;Sábado;1;01/10;;Verão;2024.0;3.0;10;12.69;49;1.0;49;2024-04-10;18;0
0129;2024-03-23;Sábado;1;0;;Verão;2024.0;3.0;4;4.33;108;1.06;108;2024-03-26;3;1
0054;2024-03-23;Sábado;3;0;;Verão;2024.0;3.0;1;9.38;50;2.16;50;2024-04-01;9;1
0132;2024-03-25;Segunda;1;0;;Verão;2024.0;3.0;9;14.14;31;1.01;31;2024-04-02;8;1
0044;2024-03-25;Segunda;1;0;;Verão;2024.0;3.0;6;4.18;122;1.0;122;2024-03-26;1;1
0030;2024-03-25;Segunda;2;0;;Verão;2024.0;3.0;5;12.9;28;2.09;28;2024-04-27;33;0
0014;2024-03-25;Segunda;1;0;Vaso;Verão;2024.0;3.0;25;66.71;2;1.25;2;2024-08-07;135;0
0016;2024-03-26;Terça;2;04/15;;Verão;2024.0;3.0;82;82.0;2;2.0;2;;0;0
0081;2024-03-26;Terça;1;0;;Verão;2024.0;3.0;15;17.92;26;1.02;26;2024-04-09;14;1
0127;2024-03-26;Terça;1;0;;Verão;2024.0;3.0;8;11.09;43;1.1;43;2024-04-03;8;1
0021;2024-03-26;Terça;2;0;;Verão;2024.0;3.0;14;16.35;31;1.66;31;2024-04-15;20;0
0129;2024-03-26;Terça;1;0;;Verão;2024.0;3.0;3;4.33;109;1.06;109;2024-03-30;4;1
0063;2024-03-26;Terça;2;0;;Verão;2024.0;3.0;4;10.54;47;1.89;47;2024-04-08;13;1
0061;2024-03-26;Terça;2;0;;Verão;2024.0;3.0;8;10.91;45;1.93;45;2024-04-05;10;1
0086;2024-03-26;Terça;1;0;;Verão;2024.0;3.0;7;23.03;21;1.0;21;2024-04-08;13;1
0044;2024-03-26;Terça;1;0;;Verão;2024.0;3.0;1;4.18;123;1.0;123;2024-03-30;4;1
0050;2024-03-27;Quarta;2;0;;Verão;2024.0;3.0;5;7.8;67;2.03;67;2024-04-05;9;1
0046;2024-03-27;Quarta;2;0;;Verão;2024.0;3.0;121;131.0;5;2.0;5;2024-11-18;236;0
0005;2024-03-27;Quarta;1;05/10;;Verão;2024.0;3.0;5;4.82;27;1.0;27;2024-04-02;6;1
0089;2024-03-27;Quarta;1;0;;Verão;2024.0;3.0;5;5.91;87;1.01;87;2024-04-02;6;1
0002;2024-03-27;Quarta;1;0;;Verão;2024.0;3.0;57;30.45;11;1.0;11;2024-04-15;19;0
0024;2024-03-27;Quarta;1;0;Vaso;Verão;2024.0;3.0;0;28.39;1;1.16;1;2024-12-24;272;0
0025;2024-03-28;Quinta;1;0;;Verão;2024.0;3.0;5;9.58;54;1.02;54;2024-04-01;4;1
0120;2024-03-30;Sexta;2;0;;Verão;2024.0;3.0;9;14.07;39;1.93;39;2024-04-12;13;1
0018;2024-03-30;Sexta;2;0;;Verão;2024.0;3.0;15;16.96;18;1.67;18;2024-04-10;11;1
0129;2024-03-30;Sexta;1;0;;Verão;2024.0;3.0;4;4.33;110;1.06;110;2024-04-04;5;1
0044;2024-03-30;Sexta;1;0;;Verão;2024.0;3.0;4;4.18;124;1.0;124;2024-04-01;2;1
0097;2024-04-01;Segunda;2;0;;Inverno;2024.0;4.0;19;10.3;59;2.05;59;2024-04-04;3;1
0112;2024-04-01;Segunda;1;0;;Inverno;2024.0;4.0;13;15.68;30;1.05;30;2024-04-10;9;1
0056;2024-04-01;Segunda;2;0;;Inverno;2024.0;4.0;26;10.01;61;1.53;61;2024-04-25;24;0
0025;2024-04-01;Segunda;1;0;;Inverno;2024.0;4.0;4;9.58;55;1.02;55;2024-04-08;7;1
0054;2024-04-01;Segunda;2;0;;Inverno;2024.0;4.0;9;9.38;51;2.16;51;2024-04-06;5;1
0044;2024-04-01;Segunda;1;0;;Inverno;2024.0;4.0;2;4.18;125;1.0;125;2024-04-03;2;1
0089;2024-04-02;Terça;1;0;;Inverno;2024.0;4.0;6;5.91;88;1.01;88;2024-04-05;3;1
0132;2024-04-02;Terça;1;0;;Inverno;2024.0;4.0;8;14.14;32;1.01;32;2024-04-11;9;1
0095;2024-04-02;Terça;1;0;;Inverno;2024.0;4.0;11;16.5;26;1.0;26;2024-04-10;8;1
0010;2024-04-02;Terça;4;04/15;;Inverno;2024.0;4.0;11;5.97;86;2.0;86;2024-04-09;7;1
0099;2024-04-02;Terça;2;0;;Inverno;2024.0;4.0;11;8.71;63;1.39;63;2024-04-09;7;1
0118;2024-04-02;Terça;1;0;;Inverno;2024.0;4.0;12;10.34;47;1.01;47;2024-04-09;7;1
0026;2024-04-02;Terça;1;0;;Inverno;2024.0;4.0;182;182.0;2;1.0;2;;0;0
0005;2024-04-02;Terça;1;06/10;;Inverno;2024.0;4.0;6;4.82;28;1.0;28;2024-04-08;6;1
0045;2024-04-03;Quarta;1;0;;Inverno;2024.0;4.0;16;32.25;8;1.0;8;2024-04-20;17;0
0127;2024-04-03;Quarta;1;0;;Inverno;2024.0;4.0;8;11.09;44;1.1;44;2024-04-09;6;1
0012;2024-04-03;Quarta;1;0;;Inverno;2024.0;4.0;0;;1;1.0;1;;0;0
0044;2024-04-03;Quarta;1;0;;Inverno;2024.0;4.0;2;4.18;126;1.0;126;2024-04-05;2;1
0129;2024-04-04;Quinta;1;02/02;;Inverno;2024.0;4.0;5;4.33;111;1.06;111;2024-04-09;5;1
0097;2024-04-04;Quinta;3;0;;Inverno;2024.0;4.0;3;10.3;60;2.05;60;2024-04-15;11;1
0050;2024-04-05;Sexta;2;0;;Inverno;2024.0;4.0;9;7.8;68;2.03;68;2024-04-13;8;1
0126;2024-04-05;Sexta;1;0;;Inverno;2024.0;4.0;14;21.71;20;1.0;20;2024-04-16;11;1
0089;2024-04-05;Sexta;1;0;;Inverno;2024.0;4.0;3;5.91;89;1.01;89;2024-04-11;6;1
0061;2024-04-05;Sexta;2;0;;Inverno;2024.0;4.0;10;10.91;46;1.93;46;2024-04-16;11;1
0044;2024-04-05;Sexta;1;0;;Inverno;2024.0;4.0;2;4.18;127;1.0;127;2024-04-08;3;1
0049;2024-04-06;Sábado;1;0;;Inverno;2024.0;4.0;19;23.72;22;1.0;22;2024-05-07;31;0
0054;2024-04-06;Sábado;4;0;;Inverno;2024.0;4.0;5;9.38;52;2.16;52;2024-04-16;10;1
0044;2024-04-08;Segunda;1;0;;Inverno;2024.0;4.0;3;4.18;128;1.0;128;2024-04-10;2;1
0063;2024-04-08;Segunda;2;0;;Inverno;2024.0;4.0;13;10.54;48;1.89;48;2024-04-15;7;1
0078;2024-04-08;Segunda;2;0;;Inverno;2024.0;4.0;19;20.63;20;2.0;20;2024-04-26;18;0
0005;2024-04-08;Segunda;1;07/10;;Inverno;2024.0;4.0;6;4.82;29;1.0;29;2024-04-11;3;1
0086;2024-04-08;Segunda;1;0;;Inverno;2024.0;4.0;13;23.03;22;1.0;22;2024-04-22;14;1
0025;2024-04-08;Segunda;1;0;;Inverno;2024.0;4.0;7;9.58;56;1.02;56;2024-04-15;7;1
0129;2024-04-09;Terça;1;0;;Inverno;2024.0;4.0;5;4.33;112;1.06;112;2024-04-15;6;1
0010;2024-04-09;Terça;2;0;;Inverno;2024.0;4.0;7;5.97;87;2.0;87;2024-04-11;2;1
0099;2024-04-09;Terça;1;0;;Inverno;2024.0;4.0;7;8.71;64;1.39;64;2024-04-13;4;1
0118;2024-04-09;Terça;1;0;;Inverno;2024.0;4.0;7;10.34;48;1.01;48;2024-04-16;7;1
0081;2024-04-09;Terça;1;0;;Inverno;2024.0;4.0;14;17.92;27;1.02;27;2024-04-23;14;1
0127;2024-04-09;Terça;1;0;;Inverno;2024.0;4.0;6;11.09;45;1.1;45;2024-04-16;7;1
0112;2024-04-10;Quarta;1;0;;Inverno;2024.0;4.0;9;15.68;31;1.05;31;2024-05-02;22;0
0018;2024-04-10;Quarta;1;0;;Inverno;2024.0;4.0;11;16.96;19;1.67;19;2024-04-17;7;1
0095;2024-04-10;Quarta;2;0;;Inverno;2024.0;4.0;8;16.5;27;1.0;27;2024-04-15;5;1
0004;2024-04-10;Quarta;1;02/10;;Inverno;2024.0;4.0;18;12.69;50;1.0;50;2024-04-22;12;1
0044;2024-04-10;Quarta;1;0;;Inverno;2024.0;4.0;2;4.18;129;1.0;129;2024-04-11;1;1
0089;2024-04-11;Quinta;1;0;;Inverno;2024.0;4.0;6;5.91;90;1.01;90;2024-04-15;4;1
0010;2024-04-11;Quinta;2;04/15;;Inverno;2024.0;4.0;2;5.97;88;2.0;88;2024-04-17;6;1
0005;2024-04-11;Quinta;1;08/10;;Inverno;2024.0;4.0;3;4.82;30;1.0;30;2024-04-15;4;1
0132;2024-04-11;Quinta;1;0;;Inverno;2024.0;4.0;9;14.14;33;1.01;33;2024-04-30;19;0
0033;2024-04-11;Quinta;1;0;;Inverno;2024.0;4.0;0;14.44;1;1.0;1;2024-04-19;8;1
0044;2024-04-11;Quinta;1;0;;Inverno;2024.0;4.0;1;4.18;130;1.0;130;2024-04-15;4;1
0120;2024-04-12;Sexta;2;0;;Inverno;2024.0;4.0;13;14.07;40;1.93;40;2024-04-25;13;1
0099;2024-04-13;Sábado;1;0;;Inverno;2024.0;4.0;4;8.71;65;1.39;65;2024-04-19;6;1
0007;2024-04-13;Sábado;1;0;;Inverno;2024.0;4.0;32;8.85;2;1.03;2;2024-04-18;5;1
0050;2024-04-13;Sábado;2;0;;Inverno;2024.0;4.0;8;7.8;69;2.03;69;2024-05-02;19;0
0129;2024-04-15;Segunda;1;0;;Inverno;2024.0;4.0;6;4.33;113;1.06;113;2024-04-16;1;1
0095;2024-04-15;Segunda;1;0;;Inverno;2024.0;4.0;5;16.5;28;1.0;28;2024-04-26;11;1
0089;2024-04-15;Segunda;1;0;;Inverno;2024.0;4.0;4;5.91;91;1.01;91;2024-04-19;4;1
0005;2024-04-15;Segunda;1;0;;Inverno;2024.0;4.0;4;4.82;31;1.0;31;2024-04-19;4;1
0025;2024-04-15;Segunda;1;0;;Inverno;2024.0;4.0;7;9.58;57;1.02;57;2024-04-20;5;1
0097;2024-04-15;Segunda;1;0;;Inverno;2024.0;4.0;11;10.3;61;2.05;61;2024-04-19;4;1
0063;2024-04-15;Segunda;2;0;;Inverno;2024.0;4.0;7;10.54;49;1.89;49;2024-04-22;7;1
0021;2024-04-15;Segunda;2;0;;Inverno;2024.0;4.0;20;16.35;32;1.66;32;2024-05-04;19;0
0002;2024-04-15;Segunda;1;0;;Inverno;2024.0;4.0;19;30.45;12;1.0;12;;0;0
0044;2024-04-15;Segunda;1;0;;Inverno;2024.0;4.0;4;4.18;131;1.0;131;2024-04-19;4;1
0054;2024-04-16;Terça;3;0;;Inverno;2024.0;4.0;10;9.38;53;2.16;53;2024-04-29;13;1
0127;2024-04-16;Terça;1;0;;Inverno;2024.0;4.0;7;11.09;46;1.1;46;2024-04-24;8;1
0126;2024-04-16;Terça;1;0;;Inverno;2024.0;4.0;11;21.71;21;1.0;21;2024-05-03;17;0
0129;2024-04-16;Terça;1;01/02;;Inverno;2024.0;4.0;1;4.33;114;1.06;114;2024-04-22;6;1
0118;2024-04-16;Terça;1;0;;Inverno;2024.0;4.0;7;10.34;49;1.01;49;2024-04-24;8;1
0061;2024-04-16;Terça;2;0;;Inverno;2024.0;4.0;11;10.91;47;1.93;47;2024-04-25;9;1
0010;2024-04-17;Quarta;2;0;;Inverno;2024.0;4.0;6;5.97;89;2.0;89;2024-04-19;2;1
0018;2024-04-17;Quarta;1;0;;Inverno;2024.0;4.0;7;16.96;20;1.67;20;2024-04-25;8;1
0007;2024-04-18;Quinta;1;0;;Inverno;2024.0;4.0;5;8.85;3;1.03;3;2024-04-23;5;1
0089;2024-04-19;Sexta;1;0;;Inverno;2024.0;4.0;4;5.91;92;1.01;92;2024-04-25;6;1
0033;2024-04-19;Sexta;1;0;;Inverno;2024.0;4.0;8;14.44;2;1.0;2;2024-05-07;18;0
0044;2024-04-19;Sexta;1;0;;Inverno;2024.0;4.0;4;4.18;132;1.0;132;2024-04-22;3;1
0010;2024-04-19;Sexta;2;0;;Inverno;2024.0;4.0;2;5.97;90;2.0;90;2024-04-23;4;1
0099;2024-04-19;Sexta;1;0;;Inverno;2024.0;4.0;6;8.71;66;1.39;66;2024-04-30;11;1
0005;2024-04-19;Sexta;1;10/10;;Inverno;2024.0;4.0;4;4.82;32;1.0;32;2024-04-24;5;1
0097;2024-04-19;Sexta;2;0;;Inverno;2024.0;4.0;4;10.3;62;2.05;62;2024-04-22;3;1
0045;2024-04-20;Sábado;1;0;;Inverno;2024.0;4.0;17;32.25;9;1.0;9;2024-07-02;73;0
0025;2024-04-20;Sábado;1;0;;Inverno;2024.0;4.0;5;9.58;58;1.02;58;2024-04-30;10;1
0097;2024-04-22;Segunda;2;0;;Inverno;2024.0;4.0;3;10.3;63;2.05;63;2024-05-06;14;1
0063;2024-04-22;Segunda;2;0;;Inverno;2024.0;4.0;7;10.54;50;1.89;50;2024-04-30;8;1
0086;2024-04-22;Segunda;1;0;;Inverno;2024.0;4.0;14;23.03;23;1.0;23;2024-07-10;79;0
0129;2024-04-22;Segunda;1;0;;Inverno;2024.0;4.0;6;4.33;115;1.06;115;2024-05-06;14;1
0004;2024-04-22;Segunda;1;03/10;;Inverno;2024.0;4.0;12;12.69;51;1.0;51;2024-05-06;14;1
0044;2024-04-22;Segunda;1;0;;Inverno;2024.0;4.0;3;4.18;133;1.0;133;2024-04-26;4;1
0010;2024-04-23;Terça;2;0;;Inverno;2024.0;4.0;4;5.97;91;2.0;91;2024-04-30;7;1
0081;2024-04-23;Terça;1;0;;Inverno;2024.0;4.0;14;17.92;28;1.02;28;2024-05-06;13;1
0007;2024-04-23;Terça;1;0;;Inverno;2024.0;4.0;5;8.85;4;1.03;4;2024-04-29;6;1
0124;2024-04-23;Terça;2;0;;Inverno;2024.0;4.0;0;54.38;1;2.0;1;2024-07-23;91;0
0072;2024-04-24;Quarta;2;0;;Inverno;2024.0;4.0;0;16.1;1;1.52;1;2024-05-07;13;1
0005;2024-04-24;Quarta;1;01/10;;Inverno;2024.0;4.0;5;4.82;33;1.0;33;2024-04-29;5;1
0118;2024-04-24;Quarta;1;0;;Inverno;2024.0;4.0;8;10.34;50;1.01;50;2024-05-02;8;1
0127;2024-04-24;Quarta;1;0;;Inverno;2024.0;4.0;8;11.09;47;1.1;47;2024-05-13;19;0
0056;2024-04-25;Quinta;2;0;;Inverno;2024.0;4.0;24;10.01;62;1.53;62;2024-06-25;61;0
0018;2024-04-25;Quinta;1;0;;Inverno;2024.0;4.0;8;16.96;21;1.67;21;2024-05-21;26;0
0089;2024-04-25;Quinta;1;0;;Inverno;2024.0;4.0;6;5.91;93;1.01;93;2024-04-30;5;1
0061;2024-04-25;Quinta;2;0;;Inverno;2024.0;4.0;9;10.91;48;1.93;48;2024-05-06;11;1
0120;2024-04-25;Quinta;2;0;;Inverno;2024.0;4.0;13;14.07;41;1.93;41;2024-05-08;13;1
0044;2024-04-26;Sexta;1;0;;Inverno;2024.0;4.0;4;4.18;134;1.0;134;2024-04-29;3;1
0078;2024-04-26;Sexta;2;0;;Inverno;2024.0;4.0;18;20.63;21;2.0;21;2024-05-20;24;0
0095;2024-04-26;Sexta;1;0;;Inverno;2024.0;4.0;11;16.5;29;1.0;29;2024-05-13;17;0
0030;2024-04-27;Sábado;2;0;;Inverno;2024.0;4.0;33;12.9;29;2.09;29;2024-05-02;5;1
0007;2024-04-29;Segunda ;1;0;;Inverno;2024.0;4.0;6;8.85;5;1.03;5;2024-05-06;7;1
0005;2024-04-29;Segunda ;1;02/10;;Inverno;2024.0;4.0;5;4.82;34;1.0;34;2024-05-03;4;1
0044;2024-04-29;Segunda ;1;0;;Inverno;2024.0;4.0;3;4.18;135;1.0;135;2024-05-04;5;1
0054;2024-04-29;Segunda ;2;0;;Inverno;2024.0;4.0;13;9.38;54;2.16;54;2025-05-11;377;0
0089;2024-04-30;Terça;1;0;;Inverno;2024.0;4.0;5;5.91;94;1.01;94;2024-05-04;4;1
0010;2024-04-30;Terça;2;08/15;;Inverno;2024.0;4.0;7;5.97;92;2.0;92;2024-05-03;3;1
0099;2024-04-30;Terça;2;0;;Inverno;2024.0;4.0;11;8.71;67;1.39;67;2024-05-06;6;1
0063;2024-04-30;Terça;2;0;;Inverno;2024.0;4.0;8;10.54;51;1.89;51;2024-05-07;7;1
0025;2024-04-30;Terça;1;0;;Inverno;2024.0;4.0;10;9.58;59;1.02;59;2025-05-10;375;0
0132;2024-04-30;Terça;1;0;;Inverno;2024.0;4.0;19;14.14;34;1.01;34;2025-05-10;375;0
0050;2024-05-02;Quinta;2;0;;Inverno;2024.0;5.0;19;7.8;70;2.03;70;2025-05-10;373;0
0030;2024-05-02;Quinta;2;0;;Inverno;2024.0;5.0;5;12.9;30;2.09;30;2024-05-03;1;1
0118;2024-05-02;Quinta;1;0;;Inverno;2024.0;5.0;8;10.34;51;1.01;51;2025-05-10;373;0
0112;2024-05-02;Quinta;1;0;;Inverno;2024.0;5.0;22;15.68;32;1.05;32;2024-05-31;29;0
0010;2024-05-03;Sexta;2;08/10;;Inverno;2024.0;5.0;3;5.97;93;2.0;93;2024-05-06;3;1
0005;2024-05-03;Sexta;1;03/10;;Inverno;2024.0;5.0;4;4.82;35;1.0;35;2024-05-08;5;1
0126;2024-05-03;Sexta;1;0;;Inverno;2024.0;5.0;17;21.71;22;1.0;22;2025-05-11;373;0
0044;2024-05-04;Sábado;1;0;;Inverno;2024.0;5.0;5;4.18;136;1.0;136;2024-05-08;4;1
0089;2024-05-04;Sábado;1;0;;Inverno;2024.0;5.0;4;5.91;95;1.01;95;2025-05-10;371;0
0021;2024-05-04;Sábado;2;0;;Inverno;2024.0;5.0;19;16.35;33;1.66;33;2024-05-25;21;0
0007;2024-05-06;Segunda;1;0;;Inverno;2024.0;5.0;7;8.85;6;1.03;6;2025-05-11;370;0
0010;2024-05-06;Segunda;2;0;;Inverno;2024.0;5.0;3;5.97;94;2.0;94;2024-05-15;9;1
0099;2024-05-06;Segunda;1;0;;Inverno;2024.0;5.0;6;8.71;68;1.39;68;2024-05-18;12;1
0081;2024-05-06;Segunda;1;0;;Inverno;2024.0;5.0;13;17.92;29;1.02;29;2024-05-24;18;0
0129;2024-05-06;Segunda;1;01/02;;Inverno;2024.0;5.0;14;4.33;116;1.06;116;2025-05-11;370;0
0097;2024-05-06;Segunda;2;0;;Inverno;2024.0;5.0;14;10.3;64;2.05;64;2025-05-10;369;0
0004;2024-05-06;Segunda;1;04/10;;Inverno;2024.0;5.0;14;12.69;52;1.0;52;2024-05-17;11;1
0061;2024-05-06;Segunda;2;0;;Inverno;2024.0;5.0;11;10.91;49;1.93;49;2024-05-22;16;0
0072;2024-05-07;Terça;2;0;;Inverno;2024.0;5.0;13;16.1;2;1.52;2;2024-05-18;11;1
0023;2024-05-07;Terça;1;0;;Inverno;2024.0;5.0;291;38.88;7;1.0;7;2024-05-20;13;1
0049;2024-05-07;Terça;1;0;;Inverno;2024.0;5.0;31;23.72;23;1.0;23;2024-06-13;37;0
0033;2024-05-07;Terça;1;0;;Inverno;2024.0;5.0;18;14.44;3;1.0;3;2024-05-18;11;1
0063;2024-05-07;Terça;2;0;;Inverno;2024.0;5.0;7;10.54;52;1.89;52;2024-05-20;13;1
0044;2024-05-08;Quarta;1;0;;Inverno;2024.0;5.0;4;4.18;137;1.0;137;2025-05-10;367;0
0005;2024-05-08;Quarta;1;04/10;;Inverno;2024.0;5.0;5;4.82;36;1.0;36;2024-05-13;5;1
0120;2024-05-08;Quarta;2;0;;Inverno;2024.0;5.0;13;14.07;42;1.93;42;2024-05-17;9;1
0127;2024-05-13;Segunda;1;0;;Inverno;2024.0;5.0;19;11.09;48;1.1;48;2024-05-23;10;1
0005;2024-05-13;Segunda;1;05/10;;Inverno;2024.0;5.0;5;4.82;37;1.0;37;2024-05-17;4;1
0095;2024-05-13;Segunda;1;0;;Inverno;2024.0;5.0;17;16.5;30;1.0;30;2024-06-07;25;0
0010;2024-05-15;Quarta;2;0;;Inverno;2024.0;5.0;9;5.97;95;2.0;95;2024-05-21;6;1
0120;2024-05-17;Quinta;1;0;1 vaso devendo;Inverno;2024.0;5.0;9;14.07;43;1.93;43;2024-06-15;29;0
0099;2024-05-18;Quinta;2;0;;Inverno;2024.0;5.0;12;8.71;69;1.39;69;2024-05-28;10;1
0044;2024-05-19;Quinta;1;0;;Inverno;2024.0;5.0;6;4.18;140;1.0;140;2024-05-20;1;1
0078;2024-05-20;Quinta;2;0;;Inverno;2024.0;5.0;24;20.63;22;2.0;22;2024-06-13;24;0
0061;2024-05-22;Quinta;0;0;;Inverno;2024.0;5.0;16;10.91;50;1.93;50;2024-05-27;5;1
0005;2024-05-17;Sexta;1;06/10;;Inverno;2024.0;5.0;4;4.82;38;1.0;38;2024-05-22;5;1
0004;2024-05-17;Sexta;1;05/10;;Inverno;2024.0;5.0;11;12.69;53;1.0;53;2024-05-29;12;1
0072;2024-05-18;Sábado;2;0;;Inverno;2024.0;5.0;11;16.1;3;1.52;3;2024-05-29;11;1
0033;2024-05-18;Sábado;1;0;;Inverno;2024.0;5.0;11;14.44;4;1.0;4;2024-06-17;30;0
0063;2024-05-20;Segunda;2;0;;Inverno;2024.0;5.0;13;10.54;53;1.89;53;2024-05-27;7;1
0044;2024-05-20;Segunda;1;0;;Inverno;2024.0;5.0;1;4.18;141;1.0;141;2024-05-24;4;1
0023;2024-05-20;Segunda;1;0;;Inverno;2024.0;5.0;13;38.88;8;1.0;8;2024-06-04;15;1
0089;2024-05-21;Terça;1;0;;Inverno;2024.0;5.0;6;5.91;98;1.01;98;2024-05-27;6;1
0010;2024-05-21;Terça;2;01/15;;Inverno;2024.0;5.0;6;5.97;96;2.0;96;2024-05-28;7;1
0018;2024-05-21;Terça;1;0;;Inverno;2024.0;5.0;26;16.96;22;1.67;22;2024-09-02;104;0
0097;2024-05-22;Quarta;2;0;;Inverno;2024.0;5.0;6;10.3;67;2.05;67;2024-05-24;2;1
0005;2024-05-22;Quarta;1;07/10;;Inverno;2024.0;5.0;5;4.82;39;1.0;39;2024-05-25;3;1
0007;2024-05-23;Quinta;1;0;;Inverno;2024.0;5.0;6;8.85;9;1.03;9;2024-06-04;12;1
0097;2024-05-24;Sexta;2;0;;Inverno;2024.0;5.0;2;10.3;68;2.05;68;2024-05-28;4;1
0081;2024-05-24;Sexta;1;0;;Inverno;2024.0;5.0;18;17.92;30;1.02;30;2024-06-06;13;1
0129;2024-05-24;Sexta;1;0;;Inverno;2024.0;5.0;7;4.33;119;1.06;119;2024-05-31;7;1
0044;2024-05-24;Sexta;1;0;;Inverno;2024.0;5.0;4;4.18;142;1.0;142;2024-05-28;4;1
0005;2024-05-25;Sábado;1;08/10;;Inverno;2024.0;5.0;3;4.82;40;1.0;40;2024-05-28;3;1
0025;2024-05-25;Sábado;1;0;;Inverno;2024.0;5.0;7;9.58;62;1.02;62;2024-06-15;21;0
0021;2024-05-25;Sábado;2;0;;Inverno;2024.0;5.0;21;16.35;34;1.66;34;2024-06-15;21;0
0063;2024-05-27;Segunda;2;0;;Inverno;2024.0;5.0;7;10.54;54;1.89;54;2024-06-07;11;1
0061;2024-05-27;Segunda;2;0;;Inverno;2024.0;5.0;5;10.91;51;1.93;51;2024-06-06;10;1
0044;2024-05-28;Terça;1;0;;Inverno;2024.0;5.0;4;4.18;143;1.0;143;2024-06-06;9;1
0010;2024-05-28;Terça;2;03/15;;Inverno;2024.0;5.0;7;5.97;97;2.0;97;2024-05-29;1;1
0099;2024-05-28;Terça;2;0;;Inverno;2024.0;5.0;10;8.71;70;1.39;70;2024-07-03;36;0
0097;2024-05-28;Terça;2;0;;Inverno;2024.0;5.0;4;10.3;69;2.05;69;2024-06-07;10;1
0010;2024-05-29;Quarta;2;05/15;;Inverno;2024.0;5.0;1;5.97;98;2.0;98;2024-06-06;8;1
0072;2024-05-29;Quarta;2;0;;Inverno;2024.0;5.0;11;16.1;4;1.52;4;2024-09-18;112;0
0118;2024-05-29;Quarta;1;0;;Inverno;2024.0;5.0;11;10.34;54;1.01;54;2024-06-06;8;1
0004;2024-05-29;Quarta;1;06/10;;Inverno;2024.0;5.0;12;12.69;54;1.0;54;2024-07-02;34;0
0134;2024-05-31;Sexta;2;0;;Inverno;2024.0;5.0;73;23.15;21;2.05;21;2024-06-06;6;1
0112;2024-05-31;Sexta;1;0;;Inverno;2024.0;5.0;29;15.68;33;1.05;33;2024-06-21;21;0
0030;2024-05-03;Segunda;2;0;;Inverno;2024.0;5.0;1;12.9;31;2.09;31;2024-06-21;49;0
0007;2024-06-04;Terça;1;0;;Inverno;2024.0;6.0;12;8.85;10;1.03;10;2024-06-10;6;1
0132;2024-06-04;Terça;1;0;;Inverno;2024.0;6.0;17;14.14;37;1.01;37;2024-06-14;10;1
0023;2024-06-04;Terça;1;0;;Inverno;2024.0;6.0;15;38.88;9;1.0;9;2024-06-17;13;1
0044;2024-06-06;Quinta;1;0;;Inverno;2024.0;6.0;9;4.18;144;1.0;144;2024-06-10;4;1
0081;2024-06-06;Quinta;1;0;;Inverno;2024.0;6.0;13;17.92;31;1.02;31;2024-06-21;15;1
0082;2024-06-06;Quinta;1;0;;Inverno;2024.0;6.0;386;165.6;5;1.0;5;2025-04-26;324;0
0010;2024-06-06;Quinta;2;07/15;;Inverno;2024.0;6.0;8;5.97;99;2.0;99;2024-06-10;4;1
0118;2024-06-06;Quinta;1;0;;Inverno;2024.0;6.0;8;10.34;55;1.01;55;2024-06-14;8;1
0005;2024-06-06;Quinta;1;01/10;;Inverno;2024.0;6.0;34;4.82;43;1.0;43;2024-06-10;4;1
0061;2024-06-06;Quinta;2;0;;Inverno;2024.0;6.0;10;10.91;52;1.93;52;2024-07-01;25;0
0134;2024-06-06;Quinta;2;0;;Inverno;2024.0;6.0;6;23.15;22;2.05;22;2024-07-18;42;0
0095;2024-06-07;Sexta;1;0;;Inverno;2024.0;6.0;25;16.5;31;1.0;31;2024-08-09;63;0
0063;2024-06-07;Sexta;2;0;;Inverno;2024.0;6.0;11;10.54;55;1.89;55;2024-06-17;10;1
0126;2024-06-07;Sexta;1;0;;Inverno;2024.0;6.0;21;21.71;25;1.0;25;2024-06-22;15;1
0050;2024-06-07;Sexta;2;0;;Inverno;2024.0;6.0;17;7.8;73;2.03;73;2024-06-14;7;1
0097;2024-06-07;Sexta;2;0;;Inverno;2024.0;6.0;10;10.3;70;2.05;70;2024-06-20;13;1
0054;2024-06-08;Sábado;4;0;;Inverno;2024.0;6.0;15;9.38;57;2.16;57;2024-06-26;18;0
0044;2024-06-10;Segunda;1;0;;Inverno;2024.0;6.0;4;4.18;145;1.0;145;2024-06-14;4;1
0010;2024-06-10;Segunda;2;09/15;;Inverno;2024.0;6.0;4;5.97;100;2.0;100;2024-06-20;10;1
0005;2024-06-10;Segunda;1;02/10;;Inverno;2024.0;6.0;4;4.82;44;1.0;44;2024-06-13;3;1
0007;2024-06-10;Segunda;1;0;;Inverno;2024.0;6.0;6;8.85;11;1.03;11;2024-06-14;4;1
0089;2024-06-13;Quinta;1;0;;Inverno;2024.0;6.0;41;5.91;101;1.01;101;2024-06-25;12;1
0005;2024-06-13;Quinta;1;03/10;;Inverno;2024.0;6.0;3;4.82;45;1.0;45;2024-06-14;1;1
0049;2024-06-13;Quinta;1;0;;Inverno;2024.0;6.0;37;23.72;24;1.0;24;2024-07-27;44;0
0078;2024-06-13;Quinta;2;0;;Inverno;2024.0;6.0;24;20.63;23;2.0;23;2024-07-09;26;0
0118;2024-06-14;Sexta;1;0;;Inverno;2024.0;6.0;8;10.34;56;1.01;56;2024-06-26;12;1
0005;2024-06-14;Sexta;1;07/10;;Inverno;2024.0;6.0;1;4.82;46;1.0;46;2024-06-15;1;1
0050;2024-06-14;Sexta;2;0;;Inverno;2024.0;6.0;7;7.8;74;2.03;74;2024-06-26;12;1
0129;2024-06-14;Sexta;1;0;;Inverno;2024.0;6.0;42;4.33;122;1.06;122;2024-07-01;17;0
0132;2024-06-14;Sexta;1;0;;Inverno;2024.0;6.0;10;14.14;38;1.01;38;2024-07-03;19;0
0007;2024-06-14;Sexta;1;0;;Inverno;2024.0;6.0;4;8.85;12;1.03;12;2024-06-15;1;1
0044;2024-06-14;Sexta;1;0;;Inverno;2024.0;6.0;4;4.18;146;1.0;146;2024-06-21;7;1
0021;2024-06-15;Sábado;2;0;;Inverno;2024.0;6.0;21;16.35;35;1.66;35;2024-08-07;53;0
0007;2024-06-15;Sábado;1;0;;Inverno;2024.0;6.0;1;8.85;13;1.03;13;2024-06-22;7;1
0005;2024-06-15;Sábado;1;0;;Inverno;2024.0;6.0;1;4.82;47;1.0;47;2024-06-19;4;1
0120;2024-06-15;Sábado;2;0;;Inverno;2024.0;6.0;29;14.07;44;1.93;44;2024-07-06;21;0
0025;2024-06-15;Sábado;1;0;;Inverno;2024.0;6.0;21;9.58;63;1.02;63;2024-07-12;27;0
0023;2024-06-17;Segunda;1;0;;Inverno;2024.0;6.0;13;38.88;10;1.0;10;2024-07-25;38;0
0033;2024-06-17;Segunda;1;0;;Inverno;2024.0;6.0;30;14.44;5;1.0;5;2024-06-26;9;1
0063;2024-06-17;Segunda;2;0;;Inverno;2024.0;6.0;10;10.54;56;1.89;56;2024-06-20;3;1
0005;2024-06-19;Quarta;1;05/10;;Inverno;2024.0;6.0;4;4.82;48;1.0;48;2024-06-21;2;1
0127;2024-06-20;Quinta;1;0;;Inverno;2024.0;6.0;48;11.09;51;1.1;51;2024-07-20;30;0
0097;2024-06-20;Quinta;1;0;;Inverno;2024.0;6.0;13;10.3;71;2.05;71;2024-06-26;6;1
0010;2024-06-20;Quinta;1;15;;Inverno;2024.0;6.0;10;5.97;101;2.0;101;2024-07-01;11;1
0063;2024-06-20;Quinta;2;0;;Inverno;2024.0;6.0;3;10.54;57;1.89;57;2024-07-01;11;1
0112;2024-06-21;Sexta;1;0;;Inverno;2024.0;6.0;21;15.68;34;1.05;34;2024-07-09;18;0
0081;2024-06-21;Sexta;1;0;;Inverno;2024.0;6.0;15;17.92;32;1.02;32;2024-07-27;36;0
0005;2024-06-21;Sexta;1;06/10;;Inverno;2024.0;6.0;2;4.82;49;1.0;49;2024-06-26;5;1
0030;2024-06-21;Sexta;3;0;;Inverno;2024.0;6.0;49;12.9;32;2.09;32;2024-07-05;14;1
0044;2024-06-21;Sexta;1;0;;Inverno;2024.0;6.0;7;4.18;147;1.0;147;2024-06-26;5;1
0007;2024-06-22;Sábado;1;0;;Inverno;2024.0;6.0;7;8.85;14;1.03;14;2024-06-27;5;1
0126;2024-06-22;Sábado;1;3;;Inverno;2024.0;6.0;15;21.71;26;1.0;26;2024-07-23;31;0
0096;2024-06-22;Sábado;1;0;;Inverno;2024.0;6.0;0;;1;1.0;1;;0;0
0056;2024-06-25;Terça;2;0;;Inverno;2024.0;6.0;61;10.01;63;1.53;63;2024-07-18;23;0
0089;2024-06-25;Terça;1;0;;Inverno;2024.0;6.0;12;5.91;102;1.01;102;2024-07-02;7;1
0074;2024-06-25;Terça;2;0;;Inverno;2024.0;6.0;0;;1;2.0;1;;0;0
0097;2024-06-26;Quarta;2;0;;Inverno;2024.0;6.0;6;10.3;72;2.05;72;2024-07-01;5;1
0044;2024-06-26;Quarta;1;0;;Inverno;2024.0;6.0;5;4.18;148;1.0;148;2024-07-01;5;1
0050;2024-06-26;Quarta;2;0;;Inverno;2024.0;6.0;12;7.8;75;2.03;75;2024-07-03;7;1
0005;2024-06-26;Quarta;1;07/10;;Inverno;2024.0;6.0;5;4.82;50;1.0;50;2024-07-02;6;1
0054;2024-06-26;Quarta;2;0;;Inverno;2024.0;6.0;18;9.38;58;2.16;58;2024-07-22;26;0
0033;2024-06-26;Quarta;1;0;;Inverno;2024.0;6.0;9;14.44;6;1.0;6;2024-07-03;7;1
0047;2024-06-26;Quarta;2;0;;Inverno;2024.0;6.0;0;70.0;1;2.0;1;2024-09-04;70;0
0118;2024-06-26;Quarta;1;0;;Inverno;2024.0;6.0;12;10.34;57;1.01;57;2024-07-05;9;1
0007;2024-06-27;Quinta;1;0;;Inverno;2024.0;6.0;5;8.85;15;1.03;15;2024-07-24;27;0
0097;2024-07-01;Segunda;2;0;;Inverno;2024.0;7.0;5;10.3;73;2.05;73;2024-07-16;15;1
0044;2024-07-01;Segunda;1;0;;Inverno;2024.0;7.0;5;4.18;149;1.0;149;2024-07-05;4;1
0010;2024-07-01;Segunda;2;06/15;;Inverno;2024.0;7.0;11;5.97;102;2.0;102;2024-07-04;3;1
0063;2024-07-01;Segunda;2;0;;Inverno;2024.0;7.0;11;10.54;58;1.89;58;2024-07-05;4;1
0061;2024-07-01;Segunda;2;0;;Inverno;2024.0;7.0;25;10.91;53;1.93;53;2024-07-22;21;0
0129;2024-07-01;Segunda;1;0;;Inverno;2024.0;7.0;17;4.33;123;1.06;123;2024-07-04;3;1
0089;2024-07-02;Terça;1;0;;Inverno;2024.0;7.0;7;5.91;103;1.01;103;2024-07-25;23;0
0045;2024-07-02;Terça;1;0;;Inverno;2024.0;7.0;73;32.25;10;1.0;10;2024-07-20;18;0
0004;2024-07-02;Terça;1;08/10;;Inverno;2024.0;7.0;34;12.69;55;1.0;55;2024-07-20;18;0
0005;2024-07-02;Terça;1;09/10;;Inverno;2024.0;7.0;6;4.82;51;1.0;51;2024-07-05;3;1
0132;2024-07-03;Quarta;1;2;;Inverno;2024.0;7.0;19;14.14;39;1.01;39;2024-07-16;13;1
0050;2024-07-03;Quarta;2;0;;Inverno;2024.0;7.0;7;7.8;76;2.03;76;2024-07-10;7;1
0099;2024-07-03;Quarta;2;0;;Inverno;2024.0;7.0;36;8.71;71;1.39;71;2024-07-10;7;1
0033;2024-07-03;Quarta;1;0;;Inverno;2024.0;7.0;7;14.44;7;1.0;7;2024-07-15;12;1
0010;2024-07-04;Quinta;2;10/15;;Inverno;2024.0;7.0;3;5.97;103;2.0;103;2024-07-05;1;1
0129;2024-07-04;Quinta;1;1;;Inverno;2024.0;7.0;3;4.33;124;1.06;124;2024-07-09;5;1
0133;2024-07-04;Quinta;2;0;1 compl.;Inverno;2024.0;7.0;146;44.0;6;2.0;6;2024-07-18;14;1
0030;2024-07-05;Sexta;2;0;;Inverno;2024.0;7.0;14;12.9;33;2.09;33;2024-08-16;42;0
0010;2024-07-05;Sexta;2;12/15;;Inverno;2024.0;7.0;1;5.97;104;2.0;104;2024-07-09;4;1
0005;2024-07-05;Sexta;1;10/10;;Inverno;2024.0;7.0;3;4.82;52;1.0;52;2024-07-10;5;1
0118;2024-07-05;Sexta;1;0;;Inverno;2024.0;7.0;9;10.34;58;1.01;58;2024-07-12;7;1
0063;2024-07-05;Sexta;2;0;;Inverno;2024.0;7.0;4;10.54;59;1.89;59;2024-07-10;5;1
0044;2024-07-05;Sexta;1;0;;Inverno;2024.0;7.0;4;4.18;150;1.0;150;2024-07-10;5;1
0120;2024-07-06;Sábado;2;0;;Inverno;2024.0;7.0;21;14.07;45;1.93;45;2024-07-25;19;0
0010;2024-07-09;Terça;1;13/15;;Inverno;2024.0;7.0;4;5.97;105;2.0;105;2024-07-24;15;1
0078;2024-07-09;Terça;2;0;;Inverno;2024.0;7.0;26;20.63;24;2.0;24;2024-08-27;49;0
0129;2024-07-09;Terça;1;0;;Inverno;2024.0;7.0;5;4.33;125;1.06;125;2024-07-15;6;1
0112;2024-07-09;Terça;1;0;;Inverno;2024.0;7.0;18;15.68;35;1.05;35;2024-07-18;9;1
0005;2024-07-10;Quarta;1;01/10;;Inverno;2024.0;7.0;5;4.82;53;1.0;53;2024-07-12;2;1
0063;2024-07-10;Quarta;2;0;;Inverno;2024.0;7.0;5;10.54;60;1.89;60;2024-07-16;6;1
0099;2024-07-10;Quarta;1;0;;Inverno;2024.0;7.0;7;8.71;72;1.39;72;2024-07-22;12;1
0050;2024-07-10;Quarta;2;0;1 compl.;Inverno;2024.0;7.0;7;7.8;77;2.03;77;2024-07-17;7;1
0086;2024-07-10;Quarta;1;0;;Inverno;2024.0;7.0;79;23.03;24;1.0;24;2024-08-27;48;0
0044;2024-07-10;Quarta;1;0;;Inverno;2024.0;7.0;5;4.18;151;1.0;151;2024-07-15;5;1
0025;2024-07-12;Sexta;1;0;;Inverno;2024.0;7.0;27;9.58;64;1.02;64;2024-07-29;17;0
0118;2024-07-12;Sexta;1;0;;Inverno;2024.0;7.0;7;10.34;59;1.01;59;2024-07-25;13;1
0005;2024-07-12;Sexta;1;02/10;;Inverno;2024.0;7.0;2;4.82;54;1.0;54;2024-07-16;4;1
0033;2024-07-15;Segunda;1;0;;Inverno;2024.0;7.0;12;14.44;8;1.0;8;2024-07-26;11;1
0129;2024-07-15;Segunda;1;0;;Inverno;2024.0;7.0;6;4.33;126;1.06;126;2024-07-24;9;1
0044;2024-07-15;Segunda;1;0;;Inverno;2024.0;7.0;5;4.18;152;1.0;152;2024-07-18;3;1
0132;2024-07-16;Terça;1;0;Deve;Inverno;2024.0;7.0;13;14.14;40;1.01;40;2024-08-09;24;0
0097;2024-07-16;Terça;2;0;;Inverno;2024.0;7.0;15;10.3;74;2.05;74;2024-07-19;3;1
0063;2024-07-16;Terça;2;0;;Inverno;2024.0;7.0;6;10.54;61;1.89;61;2024-07-22;6;1
0005;2024-07-16;Terça;1;03/10;;Inverno;2024.0;7.0;4;4.82;55;1.0;55;2024-07-19;3;1
0050;2024-07-17;Quarta;2;0;;Inverno;2024.0;7.0;7;7.8;78;2.03;78;2024-07-22;5;1
0133;2024-07-18;Quinta;2;0;;Inverno;2024.0;7.0;14;44.0;7;2.0;7;2024-08-16;29;0
0056;2024-07-18;Quinta;2;0;;Inverno;2024.0;7.0;23;10.01;64;1.53;64;2024-08-13;26;0
0134;2024-07-18;Quinta;3;0;;Inverno;2024.0;7.0;42;23.15;23;2.05;23;2024-07-23;5;1
0112;2024-07-18;Quinta;1;0;;Inverno;2024.0;7.0;9;15.68;36;1.05;36;2024-08-06;19;0
0044;2024-07-18;Quinta;1;0;;Inverno;2024.0;7.0;3;4.18;153;1.0;153;2024-07-23;5;1
0097;2024-07-19;Sexta;2;0;;Inverno;2024.0;7.0;3;10.3;75;2.05;75;2024-07-25;6;1
0005;2024-07-19;Sexta;1;04/10;;Inverno;2024.0;7.0;3;4.82;56;1.0;56;2024-07-23;4;1
0045;2024-07-20;Sábado;1;0;;Inverno;2024.0;7.0;18;32.25;11;1.0;11;2024-08-19;30;0
0127;2024-07-20;Sábado;1;0;;Inverno;2024.0;7.0;30;11.09;52;1.1;52;2024-08-07;18;0
0004;2024-07-20;Sábado;1;09/10;;Inverno;2024.0;7.0;18;12.69;56;1.0;56;2024-08-14;25;0
0054;2024-07-22;Segunda;2;0;;Inverno;2024.0;7.0;26;9.38;59;2.16;59;2024-08-03;12;1
0050;2024-07-22;Segunda;2;0;;Inverno;2024.0;7.0;5;7.8;79;2.03;79;2024-08-08;17;0
0099;2024-07-22;Segunda;2;0;;Inverno;2024.0;7.0;12;8.71;73;1.39;73;2024-07-29;7;1
0063;2024-07-22;Segunda;2;0;;Inverno;2024.0;7.0;6;10.54;62;1.89;62;2024-07-31;9;1
0061;2024-07-22;Segunda;2;0;;Inverno;2024.0;7.0;21;10.91;54;1.93;54;2024-08-02;11;1
0126;2024-07-23;Terça;1;5;;Inverno;2024.0;7.0;31;21.71;27;1.0;27;2024-08-19;27;0
0134;2024-07-23;Terça;1;0;;Inverno;2024.0;7.0;5;23.15;24;2.05;24;2024-08-20;28;0
0124;2024-07-23;Terça;2;0;;Inverno;2024.0;7.0;91;54.38;2;2.0;2;2024-09-24;63;0
0005;2024-07-23;Terça;1;05/10;;Inverno;2024.0;7.0;4;4.82;57;1.0;57;2024-07-26;3;1
0044;2024-07-23;Terça;1;0;;Inverno;2024.0;7.0;5;4.18;154;1.0;154;2024-08-01;9;1
0043;2024-07-23;Terça;2;0;;Inverno;2024.0;7.0;0;;1;2.0;1;;0;0
0007;2024-07-24;Quarta;1;0;;Inverno;2024.0;7.0;27;8.85;16;1.03;16;2024-07-31;7;1
0010;2024-07-24;Quarta;2;15;;Inverno;2024.0;7.0;15;5.97;106;2.0;106;2024-07-26;2;1
0129;2024-07-24;Quarta;1;0;;Inverno;2024.0;7.0;9;4.33;127;1.06;127;2024-07-29;5;1
0097;2024-07-25;Quinta;2;0;Deve 1 vaso;Inverno;2024.0;7.0;6;10.3;76;2.05;76;2024-07-30;5;1
0089;2024-07-25;Quinta;1;0;Deve;Inverno;2024.0;7.0;23;5.91;104;1.01;104;2024-08-06;12;1
0120;2024-07-25;Quinta;2;0;;Inverno;2024.0;7.0;19;14.07;46;1.93;46;2024-08-16;22;0
0118;2024-07-25;Quinta;1;0;;Inverno;2024.0;7.0;13;10.34;60;1.01;60;2024-08-02;8;1
0023;2024-07-25;Quinta;1;0;;Inverno;2024.0;7.0;38;38.88;11;1.0;11;2024-10-14;81;0
0010;2024-07-26;Sexta;2;15;;Inverno;2024.0;7.0;2;5.97;107;2.0;107;2024-08-01;6;1
0005;2024-07-26;Sexta;1;06/10;;Inverno;2024.0;7.0;3;4.82;58;1.0;58;2024-07-30;4;1
0033;2024-07-26;Sexta;1;0;;Inverno;2024.0;7.0;11;14.44;9;1.0;9;2024-08-05;10;1
0049;2024-07-27;Sábado;1;0;;Inverno;2024.0;7.0;44;23.72;25;1.0;25;2024-09-13;48;0
0081;2024-07-27;Sábado;1;0;;Inverno;2024.0;7.0;36;17.92;33;1.02;33;2024-08-10;14;1
0025;2024-07-29;Segunda;1;0;Vaso emprestado;Inverno;2024.0;7.0;17;9.58;65;1.02;65;2024-08-12;14;1
0129;2024-07-29;Segunda;1;0;Deve;Inverno;2024.0;7.0;5;4.33;128;1.06;128;2024-08-02;4;1
0099;2024-07-29;Segunda;1;0;;Inverno;2024.0;7.0;7;8.71;74;1.39;74;2024-08-09;11;1
0097;2024-07-30;Terça;2;0;;Inverno;2024.0;7.0;5;10.3;77;2.05;77;2024-08-05;6;1
0005;2024-07-30;Terça;1;07/10;;Inverno;2024.0;7.0;4;4.82;59;1.0;59;2024-08-01;2;1
0007;2024-07-31;Quarta;1;0;;Inverno;2024.0;7.0;7;8.85;17;1.03;17;2024-08-07;7;1
0063;2024-07-31;Quarta;1;0;;Inverno;2024.0;7.0;9;10.54;63;1.89;63;2024-08-03;3;1
0005;2024-08-01;Quinta;1;08/10;;Inverno;2024.0;8.0;2;4.82;60;1.0;60;2024-08-03;2;1
0044;2024-08-01;Quinta;1;0;;Inverno;2024.0;8.0;9;4.18;155;1.0;155;2024-08-05;4;1
0010;2024-08-01;Quinta;1;04/15;;Inverno;2024.0;8.0;6;5.97;108;2.0;108;2024-08-09;8;1
0061;2024-08-02;Sexta;2;0;;Inverno;2024.0;8.0;11;10.91;55;1.93;55;2024-08-13;11;1
0129;2024-08-02;Sexta;1;02/02;;Inverno;2024.0;8.0;4;4.33;129;1.06;129;2024-08-06;4;1
0118;2024-08-02;Sexta;1;0;;Inverno;2024.0;8.0;8;10.34;61;1.01;61;2024-08-13;11;1
0005;2024-08-03;Sábado;1;09/10;;Inverno;2024.0;8.0;2;4.82;61;1.0;61;2024-08-07;4;1
0054;2024-08-03;Sábado;4;0;;Inverno;2024.0;8.0;12;9.38;60;2.16;60;2024-08-13;10;1
0063;2024-08-03;Sábado;1;0;;Inverno;2024.0;8.0;3;10.54;64;1.89;64;2024-10-22;80;0
0097;2024-08-05;Segunda;2;0;;Inverno;2024.0;8.0;6;10.3;78;2.05;78;2024-08-08;3;1
0033;2024-08-05;Segunda;1;0;;Inverno;2024.0;8.0;10;14.44;10;1.0;10;2024-08-15;10;1
0044;2024-08-05;Segunda;1;0;;Inverno;2024.0;8.0;4;4.18;156;1.0;156;2024-08-09;4;1
0089;2024-08-06;Terça;1;0;;Inverno;2024.0;8.0;12;5.91;105;1.01;105;2024-08-09;3;1
0129;2024-08-06;Terça;1;0;Deve;Inverno;2024.0;8.0;4;4.33;130;1.06;130;2024-08-14;8;1
0112;2024-08-06;Terça;1;0;;Inverno;2024.0;8.0;19;15.68;37;1.05;37;2024-08-22;16;0
0007;2024-08-07;Quarta;1;0;;Inverno;2024.0;8.0;7;8.85;18;1.03;18;2024-08-12;5;1
0005;2024-08-07;Quarta;1;0;;Inverno;2024.0;8.0;4;4.82;62;1.0;62;2024-08-10;3;1
0014;2024-08-07;Quarta;1;0;;Inverno;2024.0;8.0;135;66.71;3;1.25;3;2024-09-26;50;0
0127;2024-08-07;Quarta;1;0;;Inverno;2024.0;8.0;18;11.09;53;1.1;53;2024-08-19;12;1
0021;2024-08-07;Quarta;1;0;;Inverno;2024.0;8.0;53;16.35;36;1.66;36;2024-08-22;15;1
0097;2024-08-08;Quinta;2;0;;Inverno;2024.0;8.0;3;10.3;79;2.05;79;2024-08-14;6;1
0050;2024-08-08;Quinta;3;0;;Inverno;2024.0;8.0;17;7.8;80;2.03;80;2024-08-21;13;1
0085;2024-08-08;Quinta;1;0;;Inverno;2024.0;8.0;507;507.0;2;1.0;2;;0;0
0132;2024-08-09;Sexta;1;0;;Inverno;2024.0;8.0;24;14.14;41;1.01;41;2024-08-22;13;1
0089;2024-08-09;Sexta;3;0;;Inverno;2024.0;8.0;3;5.91;106;1.01;106;2024-08-10;1;1
0099;2024-08-09;Sexta;2;0;;Inverno;2024.0;8.0;11;8.71;75;1.39;75;2024-08-20;11;1
0044;2024-08-09;Sexta;1;0;;Inverno;2024.0;8.0;4;4.18;157;1.0;157;2024-08-13;4;1
0010;2024-08-09;Sexta;2;08/15;;Inverno;2024.0;8.0;8;5.97;109;2.0;109;2024-08-14;5;1
0095;2024-08-09;Sexta;0;0;;Inverno;2024.0;8.0;63;16.5;32;1.0;32;2024-08-22;13;1
0089;2024-08-10;Sábado;1;0;;Inverno;2024.0;8.0;1;5.91;107;1.01;107;2024-08-12;2;1
0005;2024-08-10;Sábado;1;01/10;;Inverno;2024.0;8.0;3;4.82;63;1.0;63;2024-08-14;4;1
0081;2024-08-10;Sábado;1;0;;Inverno;2024.0;8.0;14;17.92;34;1.02;34;2024-08-27;17;0
0007;2024-08-12;Segunda;1;0;;Inverno;2024.0;8.0;5;8.85;19;1.03;19;2024-08-19;7;1
0089;2024-08-12;Segunda;1;0;;Inverno;2024.0;8.0;2;5.91;108;1.01;108;2024-08-17;5;1
0025;2024-08-12;Segunda;1;0;;Inverno;2024.0;8.0;14;9.58;66;1.02;66;2024-08-24;12;1
0056;2024-08-13;Terça;2;0;;Inverno;2024.0;8.0;26;10.01;65;1.53;65;2024-09-12;30;0
0054;2024-08-13;Terça;3;0;;Inverno;2024.0;8.0;10;9.38;61;2.16;61;2024-08-24;11;1
0118;2024-08-13;Terça;1;0;;Inverno;2024.0;8.0;11;10.34;62;1.01;62;2024-08-22;9;1
0061;2024-08-13;Terça;2;0;;Inverno;2024.0;8.0;11;10.91;56;1.93;56;2024-08-22;9;1
0044;2024-08-13;Terça;1;0;;Inverno;2024.0;8.0;4;4.18;158;1.0;158;2024-08-19;6;1
0010;2024-08-14;Quarta;2;10/15;;Inverno;2024.0;8.0;5;5.97;110;2.0;110;2024-08-20;6;1
0097;2024-08-14;Quarta;2;0;;Inverno;2024.0;8.0;6;10.3;80;2.05;80;2024-08-21;7;1
0004;2024-08-14;Quarta;1;10/10;;Inverno;2024.0;8.0;25;12.69;57;1.0;57;2024-09-05;22;0
0005;2024-08-14;Quarta;1;02/10;;Inverno;2024.0;8.0;4;4.82;64;1.0;64;2024-08-20;6;1
0129;2024-08-14;Quarta;1;01/02;;Inverno;2024.0;8.0;8;4.33;131;1.06;131;2024-08-20;6;1
0033;2024-08-15;Quinta;1;0;;Inverno;2024.0;8.0;10;14.44;11;1.0;11;2024-08-26;11;1
0030;2024-08-16;Sexta;2;0;;Inverno;2024.0;8.0;42;12.9;34;2.09;34;2024-08-26;10;1
0120;2024-08-16;Sexta;2;0;;Inverno;2024.0;8.0;22;14.07;47;1.93;47;2024-09-03;18;0
0133;2024-08-16;Sexta;2;0;;Inverno;2024.0;8.0;29;44.0;8;2.0;8;2024-10-21;66;0
0089;2024-08-17;Sábado;1;0;;Inverno;2024.0;8.0;5;5.91;109;1.01;109;2024-08-31;14;1
0045;2024-08-19;Segunda;1;0;;Inverno;2024.0;8.0;30;32.25;12;1.0;12;2024-09-11;23;0
0007;2024-08-19;Segunda;1;0;;Inverno;2024.0;8.0;7;8.85;20;1.03;20;2024-08-24;5;1
0044;2024-08-19;Segunda;1;0;;Inverno;2024.0;8.0;6;4.18;159;1.0;159;2024-08-21;2;1
0127;2024-08-19;Segunda;1;0;;Inverno;2024.0;8.0;12;11.09;54;1.1;54;2024-08-31;12;1
0126;2024-08-19;Segunda;1;7;;Inverno;2024.0;8.0;27;21.71;28;1.0;28;2024-08-27;8;1
0010;2024-08-20;Terça;2;12/15;;Inverno;2024.0;8.0;6;5.97;111;2.0;111;2024-08-28;8;1
0129;2024-08-20;Terça;1;2;;Inverno;2024.0;8.0;6;4.33;132;1.06;132;2024-08-26;6;1
0099;2024-08-20;Terça;2;0;;Inverno;2024.0;8.0;11;8.71;76;1.39;76;2024-09-11;22;0
0134;2024-08-20;Terça;2;0;;Inverno;2024.0;8.0;28;23.15;25;2.05;25;2024-09-23;34;0
0005;2024-08-20;Terça;1;03/10;;Inverno;2024.0;8.0;6;4.82;65;1.0;65;2024-08-24;4;1
0050;2024-08-21;Quarta;2;0;;Inverno;2024.0;8.0;13;7.8;81;2.03;81;2024-08-29;8;1
0097;2024-08-21;Quarta;2;0;;Inverno;2024.0;8.0;7;10.3;81;2.05;81;2024-09-30;40;0
0044;2024-08-21;Quarta;1;0;;Inverno;2024.0;8.0;2;4.18;160;1.0;160;2024-08-26;5;1
0112;2024-08-22;Quinta;1;0;;Inverno;2024.0;8.0;16;15.68;38;1.05;38;2024-09-03;12;1
0095;2024-08-22;Quinta;1;0;;Inverno;2024.0;8.0;13;16.5;33;1.0;33;2024-09-06;15;1
0118;2024-08-22;Quinta;1;0;;Inverno;2024.0;8.0;9;10.34;63;1.01;63;2024-09-13;22;0
0132;2024-08-22;Quinta;1;0;Deve 1;Inverno;2024.0;8.0;13;14.14;42;1.01;42;2024-09-03;12;1
0061;2024-08-22;Quinta;2;0;;Inverno;2024.0;8.0;9;10.91;57;1.93;57;2024-09-03;12;1
0021;2024-08-22;Quinta;2;0;;Inverno;2024.0;8.0;15;16.35;37;1.66;37;2024-10-05;44;0
0007;2024-08-24;Sábado;1;0;;Inverno;2024.0;8.0;5;8.85;21;1.03;21;2024-08-30;6;1
0005;2024-08-24;Sábado;1;04/10;;Inverno;2024.0;8.0;4;4.82;66;1.0;66;2024-08-29;5;1
0025;2024-08-24;Sábado;1;0;;Inverno;2024.0;8.0;12;9.58;67;1.02;67;2024-09-03;10;1
0054;2024-08-24;Sábado;3;0;;Inverno;2024.0;8.0;11;9.38;62;2.16;62;2024-09-06;13;1
0075;2024-08-24;Sábado;2;0;;Inverno;2024.0;8.0;0;11.06;1;1.24;1;2025-01-09;138;0
0044;2024-08-26;Segunda;1;0;;Inverno;2024.0;8.0;5;4.18;161;1.0;161;2024-08-30;4;1
0030;2024-08-26;Segunda;2;0;;Inverno;2024.0;8.0;10;12.9;35;2.09;35;2024-08-30;4;1
0033;2024-08-26;Segunda;1;0;;Inverno;2024.0;8.0;11;14.44;12;1.0;12;2024-09-06;11;1
0129;2024-08-26;Segunda;1;1;;Inverno;2024.0;8.0;6;4.33;133;1.06;133;2024-09-02;7;1
0126;2024-08-27;Terça;1;8;;Inverno;2024.0;8.0;8;21.71;29;1.0;29;2024-09-13;17;0
0086;2024-08-27;Terça;1;0;;Inverno;2024.0;8.0;48;23.03;25;1.0;25;2024-10-01;35;0
0081;2024-08-27;Terça;1;0;;Inverno;2024.0;8.0;17;17.92;35;1.02;35;2024-09-11;15;1
0078;2024-08-27;Terça;2;0;;Inverno;2024.0;8.0;49;20.63;25;2.0;25;2024-09-16;20;0
0010;2024-08-28;Quarta;2;02/15;;Inverno;2024.0;8.0;8;5.97;112;2.0;112;2024-09-11;14;1
0050;2024-08-29;Quinta;3;0;;Inverno;2024.0;8.0;8;7.8;82;2.03;82;2024-09-10;12;1
0005;2024-08-29;Quinta;1;05/10;;Inverno;2024.0;8.0;5;4.82;67;1.0;67;2024-09-03;5;1
0007;2024-08-30;Sexta;1;0;;Inverno;2024.0;8.0;6;8.85;22;1.03;22;2024-08-31;1;1
0044;2024-08-30;Sexta;1;0;;Inverno;2024.0;8.0;4;4.18;162;1.0;162;2024-09-04;5;1
0030;2024-08-30;Sexta;2;0;;Inverno;2024.0;8.0;4;12.9;36;2.09;36;2024-09-04;5;1
0007;2024-08-31;Sábado;2;0;;Inverno;2024.0;8.0;1;8.85;23;1.03;23;2024-09-04;4;1
0127;2024-08-31;Sábado;1;0;;Inverno;2024.0;8.0;12;11.09;55;1.1;55;2024-09-10;10;1
0089;2024-08-31;Sábado;1;0;;Inverno;2024.0;8.0;14;5.91;110;1.01;110;2024-09-06;6;1
0129;2024-09-02;Segunda;1;1;;Verão;2024.0;9.0;7;4.33;134;1.06;134;2024-09-06;4;1
0018;2024-09-02;Segunda;1;0;;Verão;2024.0;9.0;104;16.96;23;1.67;23;2024-09-16;14;1
0025;2024-09-03;Terça;1;0;;Verão;2024.0;9.0;10;9.58;68;1.02;68;2024-09-12;9;1
0061;2024-09-03;Terça;2;0;;Verão;2024.0;9.0;12;10.91;58;1.93;58;2024-09-17;14;1
0120;2024-09-03;Terça;2;0;;Verão;2024.0;9.0;18;14.07;48;1.93;48;2024-09-18;15;1
0132;2024-09-03;Terça;1;1;;Verão;2024.0;9.0;12;14.14;43;1.01;43;2024-09-13;10;1
0112;2024-09-03;Terça;1;0;;Verão;2024.0;9.0;12;15.68;39;1.05;39;2024-09-18;15;1
0005;2024-09-03;Terça;1;06/10;;Verão;2024.0;9.0;5;4.82;68;1.0;68;2024-09-06;3;1
0044;2024-09-04;Quarta;1;0;;Verão;2024.0;9.0;5;4.18;163;1.0;163;2024-09-06;2;1
0069;2024-09-04;Quarta;2;0;;Verão;2024.0;9.0;0;15.65;1;1.05;1;2024-10-15;41;0
0030;2024-09-04;Quarta;2;0;;Verão;2024.0;9.0;5;12.9;37;2.09;37;2024-09-09;5;1
0047;2024-09-04;Quarta;2;0;;Verão;2024.0;9.0;70;70.0;2;2.0;2;;0;0
0007;2024-09-04;Quarta;1;0;;Verão;2024.0;9.0;4;8.85;24;1.03;24;2024-09-13;9;1
0004;2024-09-05;Quinta;1;01/10;;Verão;2024.0;9.0;22;12.69;58;1.0;58;2024-10-07;32;0
0089;2024-09-06;Sexta;1;0;;Verão;2024.0;9.0;6;5.91;111;1.01;111;2024-09-11;5;1
0095;2024-09-06;Sexta;1;0;;Verão;2024.0;9.0;15;16.5;34;1.0;34;2024-09-21;15;1
0054;2024-09-06;Sexta;1;0;;Verão;2024.0;9.0;13;9.38;63;2.16;63;2024-09-13;7;1
0129;2024-09-06;Sexta;1;2;;Verão;2024.0;9.0;4;4.33;135;1.06;135;2024-09-09;3;1
0044;2024-09-06;Sexta;1;0;;Verão;2024.0;9.0;2;4.18;164;1.0;164;2024-09-11;5;1
0005;2024-09-06;Sexta;1;07/10;;Verão;2024.0;9.0;3;4.82;69;1.0;69;2024-09-10;4;1
0033;2024-09-06;Sexta;1;0;;Verão;2024.0;9.0;11;14.44;13;1.0;13;2024-09-17;11;1
0129;2024-09-09;Segunda;1;0;;Verão;2024.0;9.0;3;4.33;136;1.06;136;2024-09-13;4;1
0030;2024-09-09;Segunda;2;0;;Verão;2024.0;9.0;5;12.9;38;2.09;38;2024-09-25;16;0
0127;2024-09-10;Terça;1;0;;Verão;2024.0;9.0;10;11.09;56;1.1;56;2024-09-11;1;1
0005;2024-09-10;Terça;1;08/10;;Verão;2024.0;9.0;4;4.82;70;1.0;70;2024-09-14;4;1
0050;2024-09-10;Terça;2;0;;Verão;2024.0;9.0;12;7.8;83;2.03;83;2024-09-18;8;1
0045;2024-09-11;Quarta;1;0;;Verão;2024.0;9.0;23;32.25;13;1.0;13;2024-10-04;23;0
0081;2024-09-11;Quarta;1;0;;Verão;2024.0;9.0;15;17.92;36;1.02;36;2024-09-27;16;0
0044;2024-09-11;Quarta;1;0;;Verão;2024.0;9.0;5;4.18;165;1.0;165;2024-09-16;5;1
0010;2024-09-11;Quarta;2;06/15;;Verão;2024.0;9.0;14;5.97;113;2.0;113;2024-09-18;7;1
0099;2024-09-11;Quarta;2;0;;Verão;2024.0;9.0;22;8.71;77;1.39;77;2024-09-21;10;1
0089;2024-09-11;Quarta;1;0;;Verão;2024.0;9.0;5;5.91;112;1.01;112;2024-09-18;7;1
0127;2024-09-11;Quarta;1;0;;Verão;2024.0;9.0;1;11.09;57;1.1;57;2024-09-16;5;1
0025;2024-09-12;Quinta;1;0;;Verão;2024.0;9.0;9;9.58;69;1.02;69;2024-09-14;2;1
0056;2024-09-12;Quinta;2;0;;Verão;2024.0;9.0;30;10.01;66;1.53;66;2024-10-03;21;0
0049;2024-09-13;Sexta;1;0;;Verão;2024.0;9.0;48;23.72;26;1.0;26;2024-10-08;25;0
0007;2024-09-13;Sexta;1;0;;Verão;2024.0;9.0;9;8.85;25;1.03;25;2024-09-18;5;1
0054;2024-09-13;Sexta;2;0;;Verão;2024.0;9.0;7;9.38;64;2.16;64;2024-10-01;18;0
0129;2024-09-13;Sexta;1;0;;Verão;2024.0;9.0;4;4.33;137;1.06;137;2024-09-16;3;1
0132;2024-09-13;Sexta;1;0;;Verão;2024.0;9.0;10;14.14;44;1.01;44;2024-09-27;14;1
0118;2024-09-13;Sexta;1;0;;Verão;2024.0;9.0;22;10.34;64;1.01;64;2024-09-24;11;1
0130;2024-09-13;Sexta;1;0;;Verão;2024.0;9.0;0;21.0;1;1.0;1;2024-09-17;4;1
0126;2024-09-13;Sexta;1;9;;Verão;2024.0;9.0;17;21.71;30;1.0;30;2024-09-30;17;0
0135;2024-09-14;Sábado;2;0;;Verão;2024.0;9.0;0;;1;2.0;1;;0;0
0005;2024-09-14;Sábado;1;09/10;;Verão;2024.0;9.0;4;4.82;71;1.0;71;2024-09-19;5;1
0025;2024-09-14;Sábado;1;0;;Verão;2024.0;9.0;2;9.58;70;1.02;70;2024-09-23;9;1
0127;2024-09-16;Segunda;1;0;;Verão;2024.0;9.0;5;11.09;58;1.1;58;2024-09-23;7;1
0044;2024-09-16;Segunda;1;0;;Verão;2024.0;9.0;5;4.18;166;1.0;166;2024-09-18;2;1
0078;2024-09-16;Segunda;2;0;;Verão;2024.0;9.0;20;20.63;26;2.0;26;2024-09-26;10;1
0129;2024-09-16;Segunda;1;1;;Verão;2024.0;9.0;3;4.33;138;1.06;138;2024-09-20;4;1
0018;2024-09-16;Segunda;1;0;;Verão;2024.0;9.0;14;16.96;24;1.67;24;;0;0
0061;2024-09-17;Terça;2;0;;Verão;2024.0;9.0;14;10.91;59;1.93;59;2024-09-30;13;1
0033;2024-09-17;Terça;1;0;;Verão;2024.0;9.0;11;14.44;14;1.0;14;2024-09-30;13;1
0130;2024-09-17;Terça;1;0;;Verão;2024.0;9.0;4;21.0;2;1.0;2;2024-10-25;38;0
0112;2024-09-18;Quarta;1;0;;Verão;2024.0;9.0;15;15.68;40;1.05;40;2024-10-05;17;0
0010;2024-09-18;Quarta;2;0;;Verão;2024.0;9.0;7;5.97;114;2.0;114;2024-09-20;2;1
0044;2024-09-18;Quarta;1;0;;Verão;2024.0;9.0;2;4.18;167;1.0;167;2024-09-23;5;1
0120;2024-09-18;Quarta;1;0;;Verão;2024.0;9.0;15;14.07;49;1.93;49;2024-09-27;9;1
0050;2024-09-18;Quarta;2;0;;Verão;2024.0;9.0;8;7.8;84;2.03;84;2024-09-26;8;1
0089;2024-09-18;Quarta;1;0;;Verão;2024.0;9.0;7;5.91;113;1.01;113;2024-09-24;6;1
0072;2024-09-18;Quarta;2;0;;Verão;2024.0;9.0;112;16.1;5;1.52;5;2024-10-02;14;1
0007;2024-09-18;Quarta;1;0;;Verão;2024.0;9.0;5;8.85;26;1.03;26;2024-09-26;8;1
0005;2024-09-19;Quinta;1;10/10;;Verão;2024.0;9.0;5;4.82;72;1.0;72;2024-09-23;4;1
0010;2024-09-20;Sexta;2;10/15;;Verão;2024.0;9.0;2;5.97;115;2.0;115;2024-09-25;5;1
0129;2024-09-20;Sexta;1;2;;Verão;2024.0;9.0;4;4.33;139;1.06;139;2024-09-25;5;1
0095;2024-09-21;Sábado;1;0;;Verão;2024.0;9.0;15;16.5;35;1.0;35;2024-10-09;18;0
0099;2024-09-21;Sábado;2;0;;Verão;2024.0;9.0;10;8.71;78;1.39;78;2024-09-30;9;1
0134;2024-09-23;Segunda;3;0;;Verão;2024.0;9.0;34;23.15;26;2.05;26;2025-03-14;172;0
0127;2024-09-23;Segunda;1;0;;Verão;2024.0;9.0;7;11.09;59;1.1;59;2024-09-30;7;1
0025;2024-09-23;Segunda;1;0;;Verão;2024.0;9.0;9;9.58;71;1.02;71;2024-09-28;5;1
0005;2024-09-23;Segunda;1;0;;Verão;2024.0;9.0;4;4.82;73;1.0;73;2024-09-27;4;1
0044;2024-09-23;Segunda;1;0;;Verão;2024.0;9.0;5;4.18;168;1.0;168;2024-09-26;3;1
0089;2024-09-24;Terça;1;0;;Verão;2024.0;9.0;6;5.91;114;1.01;114;2024-09-28;4;1
0124;2024-09-24;Terça;2;0;;Verão;2024.0;9.0;63;54.38;3;2.0;3;2024-10-28;34;0
0118;2024-09-24;Terça;1;0;;Verão;2024.0;9.0;11;10.34;65;1.01;65;2024-10-03;9;1
0073;2024-09-24;Terça;1;0;;Verão;2024.0;9.0;0;15.86;1;2.25;1;2024-09-25;1;1
0073;2024-09-25;Quarta;3;0;;Verão;2024.0;9.0;1;15.86;2;2.25;2;2024-11-08;44;0
0010;2024-09-25;Quarta;0;0;Tickets;Verão;2024.0;9.0;5;5.97;116;2.0;116;2024-10-08;13;1
0030;2024-09-25;Quarta;2;0;;Verão;2024.0;9.0;16;12.9;39;2.09;39;2024-10-05;10;1
0129;2024-09-25;Quarta;1;0;;Verão;2024.0;9.0;5;4.33;140;1.06;140;2024-09-28;3;1
0131;2024-09-25;Quarta;1;0;;Verão;2024.0;9.0;0;23.0;1;1.0;1;2024-10-18;23;0
0078;2024-09-26;Quinta;2;0;;Verão;2024.0;9.0;10;20.63;27;2.0;27;2024-10-15;19;0
0050;2024-09-26;Quinta;2;0;;Verão;2024.0;9.0;8;7.8;85;2.03;85;2024-10-04;8;1
0136;2024-09-26;Quinta;2;0;;Verão;2024.0;9.0;0;;1;2.0;1;;0;0
0007;2024-09-26;Quinta;1;0;;Verão;2024.0;9.0;8;8.85;27;1.03;27;2024-10-03;7;1
0014;2024-09-26;Quinta;1;0;;Verão;2024.0;9.0;50;66.71;4;1.25;4;2024-12-18;83;0
0044;2024-09-26;Quinta;1;0;;Verão;2024.0;9.0;3;4.18;169;1.0;169;2024-10-01;5;1
0120;2024-09-27;Sexta;2;0;;Verão;2024.0;9.0;9;14.07;50;1.93;50;2024-10-15;18;0
0132;2024-09-27;Sexta;1;0;Deve;Verão;2024.0;9.0;14;14.14;45;1.01;45;2024-10-10;13;1
0005;2024-09-27;Sexta;1;02/10;;Verão;2024.0;9.0;4;4.82;74;1.0;74;2024-10-01;4;1
0081;2024-09-27;Sexta;1;0;;Verão;2024.0;9.0;16;17.92;37;1.02;37;2024-10-15;18;0
0089;2024-09-28;Sábado;1;0;;Verão;2024.0;9.0;4;5.91;115;1.01;115;2024-10-03;5;1
0025;2024-09-28;Sábado;3;0;;Verão;2024.0;9.0;5;9.58;72;1.02;72;2024-10-14;16;0
0129;2024-09-28;Sábado;1;2;;Verão;2024.0;9.0;3;4.33;141;1.06;141;2024-10-03;5;1
0127;2024-09-30;Segunda;1;0;;Verão;2024.0;9.0;7;11.09;60;1.1;60;2024-10-02;2;1
0126;2024-09-30;Segunda;1;10;;Verão;2024.0;9.0;17;21.71;31;1.0;31;2024-10-08;8;1
0033;2024-09-30;Segunda;1;0;;Verão;2024.0;9.0;13;14.44;15;1.0;15;2024-10-10;10;1
0099;2024-09-30;Segunda;2;0;;Verão;2024.0;9.0;9;8.71;79;1.39;79;2024-10-04;4;1
0061;2024-09-30;Segunda;2;0;;Verão;2024.0;9.0;13;10.91;60;1.93;60;2024-10-10;10;1
0097;2024-09-30;Segunda;2;0;;Verão;2024.0;9.0;40;10.3;82;2.05;82;2024-10-10;10;1
0054;2024-10-01;Terça;2;0;;Verão;2024.0;10.0;18;9.38;65;2.16;65;2024-10-07;6;1
0086;2024-10-01;Terça;1;0;;Verão;2024.0;10.0;35;23.03;26;1.0;26;2024-10-29;28;0
0044;2024-10-01;Terça;1;0;;Verão;2024.0;10.0;5;4.18;170;1.0;170;2024-10-10;9;1
0005;2024-10-01;Terça;1;03/10;;Verão;2024.0;10.0;4;4.82;75;1.0;75;2024-10-04;3;1
0127;2024-10-02;Quarta;1;0;;Verão;2024.0;10.0;2;11.09;61;1.1;61;2024-10-09;7;1
0072;2024-10-02;Quarta;1;0;;Verão;2024.0;10.0;14;16.1;6;1.52;6;2024-10-14;12;1
0007;2024-10-03;Quinta;1;0;;Verão;2024.0;10.0;7;8.85;28;1.03;28;2024-10-10;7;1
0118;2024-10-03;Quinta;1;0;;Verão;2024.0;10.0;9;10.34;66;1.01;66;2024-10-15;12;1
0129;2024-10-03;Quinta;1;0;;Verão;2024.0;10.0;5;4.33;142;1.06;142;2024-10-07;4;1
0056;2024-10-03;Quinta;2;0;;Verão;2024.0;10.0;21;10.01;67;1.53;67;2024-10-22;19;0
0089;2024-10-03;Quinta;1;0;;Verão;2024.0;10.0;5;5.91;116;1.01;116;2024-10-11;8;1
0045;2024-10-04;Sexta;1;0;;Verão;2024.0;10.0;23;32.25;14;1.0;14;2024-10-28;24;0
0050;2024-10-04;Sexta;2;0;;Verão;2024.0;10.0;8;7.8;86;2.03;86;2024-10-14;10;1
0099;2024-10-04;Sexta;1;0;;Verão;2024.0;10.0;4;8.71;80;1.39;80;2024-10-11;7;1
0005;2024-10-04;Sexta;1;04/10;;Verão;2024.0;10.0;3;4.82;76;1.0;76;2024-10-11;7;1
0021;2024-10-05;Sábado;1;0;;Verão;2024.0;10.0;44;16.35;38;1.66;38;2024-11-01;27;0
0030;2024-10-05;Sábado;2;0;;Verão;2024.0;10.0;10;12.9;40;2.09;40;2024-10-16;11;1
0112;2024-10-05;Sábado;1;0;;Verão;2024.0;10.0;17;15.68;41;1.05;41;2024-10-23;18;0
0054;2024-10-07;Segunda;4;0;;Verão;2024.0;10.0;6;9.38;66;2.16;66;2024-10-21;14;1
0004;2024-10-07;Segunda;1;03/10;;Verão;2024.0;10.0;32;12.69;59;1.0;59;2024-10-21;14;1
0129;2024-10-07;Segunda;1;02/02;;Verão;2024.0;10.0;4;4.33;143;1.06;143;2024-10-11;4;1
0126;2024-10-08;Terça;1;11;;Verão;2024.0;10.0;8;21.71;32;1.0;32;2024-10-16;8;1
0010;2024-10-08;Terça;1;0;;Verão;2024.0;10.0;13;5.97;117;2.0;117;2024-10-09;1;1
0049;2024-10-08;Terça;1;0;;Verão;2024.0;10.0;25;23.72;27;1.0;27;2024-11-21;44;0
0095;2024-10-09;Quarta;1;0;;Verão;2024.0;10.0;18;16.5;36;1.0;36;2024-10-24;15;1
0127;2024-10-09;Quarta;1;0;;Verão;2024.0;10.0;7;11.09;62;1.1;62;2024-10-10;1;1
0048;2024-10-09;Quarta;1;0;;Verão;2024.0;10.0;0;;1;1.0;1;;0;0
0010;2024-10-09;Quarta;2;15;;Verão;2024.0;10.0;1;5.97;118;2.0;118;2024-10-14;5;1
0132;2024-10-10;Quinta;1;0;;Verão;2024.0;10.0;13;14.14;46;1.01;46;2024-10-25;15;1
0097;2024-10-10;Quinta;2;0;;Verão;2024.0;10.0;10;10.3;83;2.05;83;2024-10-24;14;1
0044;2024-10-10;Quinta;1;0;;Verão;2024.0;10.0;9;4.18;171;1.0;171;2024-10-16;6;1
0007;2024-10-10;Quinta;1;0;;Verão;2024.0;10.0;7;8.85;29;1.03;29;2024-10-16;6;1
0061;2024-10-10;Quinta;2;0;;Verão;2024.0;10.0;10;10.91;61;1.93;61;2024-10-18;8;1
0127;2024-10-10;Quinta;1;0;;Verão;2024.0;10.0;1;11.09;63;1.1;63;2024-10-16;6;1
0033;2024-10-10;Quinta;1;0;;Verão;2024.0;10.0;10;14.44;16;1.0;16;2024-10-22;12;1
0089;2024-10-11;Sexta;1;0;;Verão;2024.0;10.0;8;5.91;117;1.01;117;2024-10-18;7;1
0129;2024-10-11;Sexta;1;1;;Verão;2024.0;10.0;4;4.33;144;1.06;144;2024-10-14;3;1
0099;2024-10-11;Sexta;1;0;;Verão;2024.0;10.0;7;8.71;81;1.39;81;2024-10-24;13;1
0005;2024-10-11;Sexta;1;06/10;;Verão;2024.0;10.0;7;4.82;77;1.0;77;2024-10-16;5;1
0072;2024-10-14;Segunda;3;0;;Verão;2024.0;10.0;12;16.1;7;1.52;7;2024-10-26;12;1
0050;2024-10-14;Segunda;2;0;;Verão;2024.0;10.0;10;7.8;87;2.03;87;2024-10-23;9;1
0023;2024-10-14;Segunda;1;0;;Verão;2024.0;10.0;81;38.88;12;1.0;12;2024-10-21;7;1
0010;2024-10-14;Segunda;2;02/15;;Verão;2024.0;10.0;5;5.97;119;2.0;119;2024-10-17;3;1
0129;2024-10-14;Segunda;1;02/02;;Verão;2024.0;10.0;3;4.33;145;1.06;145;2024-10-18;4;1
0025;2024-10-14;Segunda;1;0;;Verão;2024.0;10.0;16;9.58;73;1.02;73;2024-10-22;8;1
0081;2024-10-15;Terça;1;0;;Verão;2024.0;10.0;18;17.92;38;1.02;38;2024-11-02;18;0
0078;2024-10-15;Terça;2;0;;Verão;2024.0;10.0;19;20.63;28;2.0;28;2024-11-05;21;0
0120;2024-10-15;Terça;2;0;;Verão;2024.0;10.0;18;14.07;51;1.93;51;2024-10-29;14;1
0069;2024-10-15;Terça;1;0;;Verão;2024.0;10.0;41;15.65;2;1.05;2;2024-10-30;15;1
0118;2024-10-15;Terça;1;0;;Verão;2024.0;10.0;12;10.34;67;1.01;67;2024-10-23;8;1
0127;2024-10-16;Quarta;1;0;;Verão;2024.0;10.0;6;11.09;64;1.1;64;2024-10-23;7;1
0126;2024-10-16;Quarta;1;1;;Verão;2024.0;10.0;8;21.71;33;1.0;33;2024-11-01;16;0
0030;2024-10-16;Quarta;2;0;;Verão;2024.0;10.0;11;12.9;41;2.09;41;2024-10-19;3;1
0005;2024-10-16;Quarta;1;07/10;;Verão;2024.0;10.0;5;4.82;78;1.0;78;2024-10-21;5;1
0044;2024-10-16;Quarta;1;0;;Verão;2024.0;10.0;6;4.18;172;1.0;172;2024-10-21;5;1
0007;2024-10-16;Quarta;1;0;;Verão;2024.0;10.0;6;8.85;30;1.03;30;2024-10-23;7;1
0010;2024-10-17;Quinta;2;05/10;;Verão;2024.0;10.0;3;5.97;120;2.0;120;2024-10-22;5;1
0089;2024-10-18;Sexta;1;0;;Verão;2024.0;10.0;7;5.91;118;1.01;118;2024-10-24;6;1
0129;2024-10-18;Sexta;1;0;;Verão;2024.0;10.0;4;4.33;146;1.06;146;2024-10-21;3;1
0131;2024-10-18;Sexta;1;0;;Verão;2024.0;10.0;23;23.0;2;1.0;2;;0;0
0061;2024-10-18;Sexta;2;0;;Verão;2024.0;10.0;8;10.91;62;1.93;62;2024-10-28;10;1
0092;2024-10-19;Sábado;2;0;;Verão;2024.0;10.0;0;;1;2.0;1;;0;0
0030;2024-10-19;Sábado;2;0;;Verão;2024.0;10.0;3;12.9;42;2.09;42;2024-10-30;11;1
0044;2024-10-21;Segunda;1;0;;Verão;2024.0;10.0;5;4.18;173;1.0;173;2024-10-24;3;1
0133;2024-10-21;Segunda;2;0;;Verão;2024.0;10.0;66;44.0;9;2.0;9;2025-01-04;75;0
0023;2024-10-21;Segunda;1;0;;Verão;2024.0;10.0;7;38.88;13;1.0;13;2024-11-11;21;0
0129;2024-10-21;Segunda;1;2;;Verão;2024.0;10.0;3;4.33;147;1.06;147;2024-10-24;3;1
0004;2024-10-21;Segunda;1;04/10;;Verão;2024.0;10.0;14;12.69;60;1.0;60;2024-10-28;7;1
0005;2024-10-21;Segunda;1;08/10;;Verão;2024.0;10.0;5;4.82;79;1.0;79;2024-10-24;3;1
0054;2024-10-21;Segunda;4;0;;Verão;2024.0;10.0;14;9.38;67;2.16;67;2024-11-02;12;1
0015;2024-10-22;Terça;1;0;;Verão;2024.0;10.0;0;12.0;1;1.0;1;2024-10-30;8;1
0033;2024-10-22;Terça;1;0;;Verão;2024.0;10.0;12;14.44;17;1.0;17;2024-11-05;14;1
0063;2024-10-22;Terça;1;0;;Verão;2024.0;10.0;80;10.54;65;1.89;65;2024-10-25;3;1
0010;2024-10-22;Terça;1;10/15;;Verão;2024.0;10.0;5;5.97;121;2.0;121;2024-11-01;10;1
0025;2024-10-22;Terça;1;0;;Verão;2024.0;10.0;8;9.58;74;1.02;74;2024-10-31;9;1
0056;2024-10-22;Terça;2;0;;Verão;2024.0;10.0;19;10.01;68;1.53;68;2024-11-12;21;0
0050;2024-10-23;Quarta;3;0;;Verão;2024.0;10.0;9;7.8;88;2.03;88;2024-10-30;7;1
0118;2024-10-23;Quarta;1;0;;Verão;2024.0;10.0;8;10.34;68;1.01;68;2024-11-01;9;1
0127;2024-10-23;Quarta;1;0;;Verão;2024.0;10.0;7;11.09;65;1.1;65;2024-11-01;9;1
0007;2024-10-23;Quarta;1;0;;Verão;2024.0;10.0;7;8.85;31;1.03;31;2024-10-30;7;1
0112;2024-10-23;Quarta;1;0;;Verão;2024.0;10.0;18;15.68;42;1.05;42;;0;0
0095;2024-10-24;Quinta;1;0;;Verão;2024.0;10.0;15;16.5;37;1.0;37;2024-11-05;12;1
0099;2024-10-24;Quinta;1;0;;Verão;2024.0;10.0;13;8.71;82;1.39;82;2024-11-01;8;1
0097;2024-10-24;Quinta;2;0;;Verão;2024.0;10.0;14;10.3;84;2.05;84;2024-12-19;56;0
0089;2024-10-24;Quinta;1;0;;Verão;2024.0;10.0;6;5.91;119;1.01;119;2024-11-01;8;1
0129;2024-10-24;Quinta;1;1;;Verão;2024.0;10.0;3;4.33;148;1.06;148;2024-10-28;4;1
0044;2024-10-24;Quinta;1;0;;Verão;2024.0;10.0;3;4.18;174;1.0;174;2024-10-29;5;1
0005;2024-10-24;Quinta;1;09/10;;Verão;2024.0;10.0;3;4.82;80;1.0;80;2024-10-30;6;1
0063;2024-10-25;Sexta;1;0;;Verão;2024.0;10.0;3;10.54;66;1.89;66;2024-10-30;5;1
0130;2024-10-25;Sexta;1;0;;Verão;2024.0;10.0;38;21.0;3;1.0;3;;0;0
0132;2024-10-25;Sexta;1;0;;Verão;2024.0;10.0;15;14.14;47;1.01;47;2024-12-07;43;0
0072;2024-10-26;Sábado;1;0;;Verão;2024.0;10.0;12;16.1;8;1.52;8;2024-10-30;4;1
0129;2024-10-28;Segunda;1;02/02;;Verão;2024.0;10.0;4;4.33;149;1.06;149;2024-10-31;3;1
0045;2024-10-28;Segunda;1;0;;Verão;2024.0;10.0;24;32.25;15;1.0;15;2024-12-27;60;0
0004;2024-10-28;Segunda;1;05/10;;Verão;2024.0;10.0;7;12.69;61;1.0;61;2024-11-07;10;1
0061;2024-10-28;Segunda;2;0;;Verão;2024.0;10.0;10;10.91;63;1.93;63;2024-11-06;9;1
0124;2024-10-28;Segunda;2;0;;Verão;2024.0;10.0;34;54.38;4;2.0;4;2024-12-03;36;0
0120;2024-10-29;Terça;2;0;;Verão;2024.0;10.0;14;14.07;52;1.93;52;2024-11-12;14;1
0044;2024-10-29;Terça;1;0;;Verão;2024.0;10.0;5;4.18;175;1.0;175;2024-11-06;8;1
0086;2024-10-29;Terça;1;0;;Verão;2024.0;10.0;28;23.03;27;1.0;27;2024-11-23;25;0
0015;2024-10-30;Quarta;1;0;;Verão;2024.0;10.0;8;12.0;2;1.0;2;2024-11-05;6;1
0069;2024-10-30;Quarta;1;0;;Verão;2024.0;10.0;15;15.65;3;1.05;3;2024-11-25;26;0
0007;2024-10-30;Quarta;1;0;;Verão;2024.0;10.0;7;8.85;32;1.03;32;2024-11-08;9;1
0072;2024-10-30;Quarta;1;0;;Verão;2024.0;10.0;4;16.1;9;1.52;9;2024-11-01;2;1
0050;2024-10-30;Quarta;2;0;;Verão;2024.0;10.0;7;7.8;89;2.03;89;2024-11-06;7;1
0005;2024-10-30;Quarta;1;10/10;;Verão;2024.0;10.0;6;4.82;81;1.0;81;2024-11-04;5;1
0063;2024-10-30;Quarta;1;0;;Verão;2024.0;10.0;5;10.54;67;1.89;67;2024-12-14;45;0
0030;2024-10-30;Quarta;2;0;;Verão;2024.0;10.0;11;12.9;43;2.09;43;2024-11-02;3;1
0129;2024-10-31;Quinta;1;1;;Verão;2024.0;10.0;3;4.33;150;1.06;150;2024-11-02;2;1
0025;2024-10-31;Quinta;1;0;;Verão;2024.0;10.0;9;9.58;75;1.02;75;2024-11-11;11;1
0089;2024-11-01;Sexta;1;0;;Verão;2024.0;11.0;8;5.91;120;1.01;120;2024-11-07;6;1
0127;2024-11-01;Sexta;1;0;;Verão;2024.0;11.0;9;11.09;66;1.1;66;2024-11-18;17;0
0010;2024-11-01;Sexta;4;09/15;;Verão;2024.0;11.0;10;5.97;122;2.0;122;2024-11-08;7;1
0118;2024-11-01;Sexta;1;0;;Verão;2024.0;11.0;9;10.34;69;1.01;69;2024-11-19;18;0
0099;2024-11-01;Sexta;2;0;;Verão;2024.0;11.0;8;8.71;83;1.39;83;2024-11-14;13;1
0072;2024-11-01;Sexta;1;0;;Verão;2024.0;11.0;2;16.1;10;1.52;10;2024-11-04;3;1
0021;2024-11-01;Sexta;1;0;;Verão;2024.0;11.0;27;16.35;39;1.66;39;2024-11-14;13;1
0126;2024-11-01;Sexta;1;3;;Verão;2024.0;11.0;16;21.71;34;1.0;34;2024-11-26;25;0
0054;2024-11-02;Sábado;2;0;;Verão;2024.0;11.0;12;9.38;68;2.16;68;2024-11-19;17;0
0030;2024-11-02;Sábado;2;0;;Verão;2024.0;11.0;3;12.9;44;2.09;44;2024-11-07;5;1
0129;2024-11-02;Sábado;1;2;;Verão;2024.0;11.0;2;4.33;151;1.06;151;2024-11-06;4;1
0081;2024-11-02;Sábado;1;0;;Verão;2024.0;11.0;18;17.92;39;1.02;39;2024-11-18;16;0
0072;2024-11-04;Segunda;1;0;;Verão;2024.0;11.0;3;16.1;11;1.52;11;2024-12-24;50;0
0005;2024-11-04;Segunda;1;01/10;;Verão;2024.0;11.0;5;4.82;82;1.0;82;2024-11-08;4;1
0095;2024-11-05;Terça;1;0;;Verão;2024.0;11.0;12;16.5;38;1.0;38;2024-11-18;13;1
0078;2024-11-05;Terça;2;0;;Verão;2024.0;11.0;21;20.63;29;2.0;29;2024-11-26;21;0
0033;2024-11-05;Terça;1;0;;Verão;2024.0;11.0;14;14.44;18;1.0;18;2024-11-14;9;1
0015;2024-11-05;Terça;1;0;;Verão;2024.0;11.0;6;12.0;3;1.0;3;2024-11-23;18;0
0129;2024-11-06;Quarta;1;0;;Verão;2024.0;11.0;4;4.33;152;1.06;152;2024-11-08;2;1
0044;2024-11-06;Quarta;1;0;;Verão;2024.0;11.0;8;4.18;176;1.0;176;2024-11-08;2;1
0050;2024-11-06;Quarta;3;0;;Verão;2024.0;11.0;7;7.8;90;2.03;90;2024-11-18;12;1
0061;2024-11-06;Quarta;2;0;;Verão;2024.0;11.0;9;10.91;64;1.93;64;2024-11-14;8;1
0004;2024-11-07;Quinta;1;06/10;;Verão;2024.0;11.0;10;12.69;62;1.0;62;2024-11-26;19;0
0030;2024-11-07;Quinta;2;0;;Verão;2024.0;11.0;5;12.9;45;2.09;45;2024-11-11;4;1
0089;2024-11-07;Quinta;1;0;;Verão;2024.0;11.0;6;5.91;121;1.01;121;2024-11-14;7;1
0007;2024-11-08;Sexta;1;0;;Verão;2024.0;11.0;9;8.85;33;1.03;33;2024-11-21;13;1
0010;2024-11-08;Sexta;2;16;;Verão;2024.0;11.0;7;5.97;123;2.0;123;2024-11-22;14;1
0005;2024-11-08;Sexta;1;02/10;;Verão;2024.0;11.0;4;4.82;83;1.0;83;2024-11-14;6;1
0129;2024-11-08;Sexta;1;01/02;;Verão;2024.0;11.0;2;4.33;153;1.06;153;2024-11-12;4;1
0073;2024-11-08;Sexta;2;0;;Verão;2024.0;11.0;44;15.86;3;2.25;3;2024-11-13;5;1
0044;2024-11-08;Sexta;1;0;;Verão;2024.0;11.0;2;4.18;177;1.0;177;2024-11-14;6;1
0025;2024-11-11;Segunda;1;0;;Verão;2024.0;11.0;11;9.58;76;1.02;76;2024-11-16;5;1
0030;2024-11-11;Segunda;2;0;;Verão;2024.0;11.0;4;12.9;46;2.09;46;2024-11-16;5;1
0023;2024-11-11;Segunda;1;0;;Verão;2024.0;11.0;21;38.88;14;1.0;14;2024-12-23;42;0
0056;2024-11-12;Terça;2;0;;Verão;2024.0;11.0;21;10.01;69;1.53;69;2024-12-04;22;0
0129;2024-11-12;Terça;1;2;;Verão;2024.0;11.0;4;4.33;154;1.06;154;2024-11-16;4;1
0120;2024-11-12;Terça;2;0;;Verão;2024.0;11.0;14;14.07;53;1.93;53;2024-11-23;11;1
0073;2024-11-13;Quarta;3;0;;Verão;2024.0;11.0;5;15.86;4;2.25;4;2024-11-25;12;1
0061;2024-11-14;Quinta;2;0;;Verão;2024.0;11.0;8;10.91;65;1.93;65;2024-11-25;11;1
0053;2024-11-14;Quinta;1;0;;Verão;2024.0;11.0;0;8.14;1;1.0;1;2024-11-25;11;1
0005;2024-11-14;Quinta;1;03/10;;Verão;2024.0;11.0;6;4.82;84;1.0;84;2024-11-18;4;1
0044;2024-11-14;Quinta;1;0;;Verão;2024.0;11.0;6;4.18;178;1.0;178;2024-11-23;9;1
0021;2024-11-14;Quinta;1;0;;Verão;2024.0;11.0;13;16.35;40;1.66;40;2024-11-30;16;0
0099;2024-11-14;Quinta;1;0;;Verão;2024.0;11.0;13;8.71;84;1.39;84;2024-11-22;8;1
0089;2024-11-14;Quinta;1;0;;Verão;2024.0;11.0;7;5.91;122;1.01;122;2024-12-13;29;0
0033;2024-11-14;Quinta;1;0;;Verão;2024.0;11.0;9;14.44;19;1.0;19;2024-12-11;27;0
0129;2024-11-16;Sábado;1;1;;Verão;2024.0;11.0;4;4.33;155;1.06;155;2024-11-18;2;1
0025;2024-11-16;Sábado;1;0;;Verão;2024.0;11.0;5;9.58;77;1.02;77;2024-12-03;17;0
0030;2024-11-16;Sábado;2;0;;Verão;2024.0;11.0;5;12.9;47;2.09;47;2024-11-21;5;1
0095;2024-11-18;Segunda;1;0;;Verão;2024.0;11.0;13;16.5;39;1.0;39;2024-12-14;26;0
0046;2024-11-18;Segunda;2;0;;Verão;2024.0;11.0;236;131.0;6;2.0;6;;0;0
0081;2024-11-18;Segunda;1;0;;Verão;2024.0;11.0;16;17.92;40;1.02;40;2024-12-05;17;0
0050;2024-11-18;Segunda;3;0;;Verão;2024.0;11.0;12;7.8;91;2.03;91;2024-11-25;7;1
0129;2024-11-18;Segunda;1;2;;Verão;2024.0;11.0;2;4.33;156;1.06;156;2024-11-23;5;1
0127;2024-11-18;Segunda;1;0;;Verão;2024.0;11.0;17;11.09;67;1.1;67;2024-11-28;10;1
0005;2024-11-18;Segunda;1;04/10;;Verão;2024.0;11.0;4;4.82;85;1.0;85;2024-11-22;4;1
0118;2024-11-19;Terça;1;0;;Verão;2024.0;11.0;18;10.34;70;1.01;70;2024-11-28;9;1
0054;2024-11-19;Terça;2;0;;Verão;2024.0;11.0;17;9.38;69;2.16;69;;0;0
0007;2024-11-21;Quinta;1;0;;Verão;2024.0;11.0;13;8.85;34;1.03;34;2024-11-30;9;1
0049;2024-11-21;Quinta;1;0;;Verão;2024.0;11.0;44;23.72;28;1.0;28;2024-12-14;23;0
0030;2024-11-21;Quinta;3;0;;Verão;2024.0;11.0;5;12.9;48;2.09;48;2024-11-27;6;1
0099;2024-11-22;Sexta;2;0;;Verão;2024.0;11.0;8;8.71;85;1.39;85;2024-11-28;6;1
0005;2024-11-22;Sexta;1;05/10;;Verão;2024.0;11.0;4;4.82;86;1.0;86;2024-11-27;5;1
0010;2024-11-22;Sexta;2;04/16;;Verão;2024.0;11.0;14;5.97;124;2.0;124;2024-11-27;5;1
0129;2024-11-23;Sábado;1;1;;Verão;2024.0;11.0;5;4.33;157;1.06;157;2024-11-25;2;1
0120;2024-11-23;Sábado;1;0;;Verão;2024.0;11.0;11;14.07;54;1.93;54;2024-12-12;19;0
0086;2024-11-23;Sábado;1;0;;Verão;2024.0;11.0;25;23.03;28;1.0;28;2024-12-05;12;1
0015;2024-11-23;Sábado;1;0;;Verão;2024.0;11.0;18;12.0;4;1.0;4;2025-01-11;49;0
0044;2024-11-23;Sábado;1;0;;Verão;2024.0;11.0;9;4.18;179;1.0;179;2024-11-26;3;1
0073;2024-11-25;Segunda;3;0;;Verão;2024.0;11.0;12;15.86;5;2.25;5;2024-12-10;15;1
0053;2024-11-25;Segunda;1;0;;Verão;2024.0;11.0;11;8.14;2;1.0;2;2024-12-11;16;0
0050;2024-11-25;Segunda;2;0;;Verão;2024.0;11.0;7;7.8;92;2.03;92;2024-12-10;15;1
0129;2024-11-25;Segunda;1;2;;Verão;2024.0;11.0;2;4.33;158;1.06;158;2024-11-28;3;1
0069;2024-11-25;Segunda;1;0;;Verão;2024.0;11.0;26;15.65;4;1.05;4;2024-12-07;12;1
0061;2024-11-25;Segunda;2;0;;Verão;2024.0;11.0;11;10.91;66;1.93;66;2024-12-03;8;1
0078;2024-11-26;Terça;2;0;;Verão;2024.0;11.0;21;20.63;30;2.0;30;2024-12-10;14;1
0004;2024-11-26;Terça;1;07/10;;Verão;2024.0;11.0;19;12.69;63;1.0;63;2024-12-04;8;1
0126;2024-11-26;Terça;1;0;;Verão;2024.0;11.0;25;21.71;35;1.0;35;2025-02-11;77;0
0044;2024-11-26;Terça;1;0;;Verão;2024.0;11.0;3;4.18;180;1.0;180;2024-12-06;10;1
0005;2024-11-27;Quarta;1;06/10;;Verão;2024.0;11.0;5;4.82;87;1.0;87;2024-12-04;7;1
0010;2024-11-27;Quarta;2;15;;Verão;2024.0;11.0;5;5.97;125;2.0;125;2024-12-05;8;1
0030;2024-11-27;Quarta;3;0;;Verão;2024.0;11.0;6;12.9;49;2.09;49;2024-12-03;6;1
0118;2024-11-28;Quinta;1;0;;Verão;2024.0;11.0;9;10.34;71;1.01;71;2024-12-13;15;1
0129;2024-11-28;Quinta;1;1;;Verão;2024.0;11.0;3;4.33;159;1.06;159;2024-12-03;5;1
0127;2024-11-28;Quinta;1;0;;Verão;2024.0;11.0;10;11.09;68;1.1;68;2024-12-07;9;1
0099;2024-11-28;Quinta;1;0;;Verão;2024.0;11.0;6;8.71;86;1.39;86;2024-12-07;9;1
0021;2024-11-30;Sábado;1;0;;Verão;2024.0;11.0;16;16.35;41;1.66;41;2024-12-14;14;1
0007;2024-11-30;Sábado;1;0;;Verão;2024.0;11.0;9;8.85;35;1.03;35;2024-12-13;13;1
0124;2024-12-03;Terça;2;0;;Verão;2024.0;12.0;36;54.38;5;2.0;5;2025-01-17;45;0
0025;2024-12-03;Terça;1;0;;Verão;2024.0;12.0;17;9.58;78;1.02;78;2024-12-09;6;1
0061;2024-12-03;Terça;2;0;;Verão;2024.0;12.0;8;10.91;67;1.93;67;2024-12-11;8;1
0030;2024-12-03;Terça;3;0;Deve 1 vaso;Verão;2024.0;12.0;6;12.9;50;2.09;50;2024-12-07;4;1
0129;2024-12-03;Terça;1;1;;Verão;2024.0;12.0;5;4.33;160;1.06;160;2024-12-06;3;1
0004;2024-12-04;Quarta;1;08/10;;Verão;2024.0;12.0;8;12.69;64;1.0;64;2024-12-26;22;0
0056;2024-12-04;Quarta;2;0;;Verão;2024.0;12.0;22;10.01;70;1.53;70;2024-12-23;19;0
0066;2024-12-04;Quarta;1;0;;Verão;2024.0;12.0;257;257.0;2;1.0;2;;0;0
0005;2024-12-04;Quarta;1;08/10;;Verão;2024.0;12.0;7;4.82;88;1.0;88;2024-12-09;5;1
0081;2024-12-05;Quinta;1;0;;Verão;2024.0;12.0;17;17.92;41;1.02;41;2024-12-28;23;0
0010;2024-12-05;Quinta;2;10/15;;Verão;2024.0;12.0;8;5.97;126;2.0;126;2024-12-12;7;1
0086;2024-12-05;Quinta;1;0;;Verão;2024.0;12.0;12;23.03;29;1.0;29;2025-01-27;53;0
0129;2024-12-06;Sexta;1;2;;Verão;2024.0;12.0;3;4.33;161;1.06;161;2024-12-09;3;1
0044;2024-12-06;Sexta;1;0;;Verão;2024.0;12.0;10;4.18;181;1.0;181;2024-12-11;5;1
0099;2024-12-07;Sábado;2;0;;Verão;2024.0;12.0;9;8.71;87;1.39;87;2024-12-16;9;1
0030;2024-12-07;Sábado;2;0;;Verão;2024.0;12.0;4;12.9;51;2.09;51;2024-12-14;7;1
0132;2024-12-07;Sábado;1;0;;Verão;2024.0;12.0;43;14.14;48;1.01;48;2024-12-20;13;1
0127;2024-12-07;Sábado;1;0;;Verão;2024.0;12.0;9;11.09;69;1.1;69;2024-12-20;13;1
0069;2024-12-07;Sábado;1;0;;Verão;2024.0;12.0;12;15.65;5;1.05;5;2024-12-16;9;1
0005;2024-12-09;Segunda;1;09/10;;Verão;2024.0;12.0;5;4.82;89;1.0;89;2024-12-12;3;1
0025;2024-12-09;Segunda;1;0;;Verão;2024.0;12.0;6;9.58;79;1.02;79;2024-12-11;2;1
0129;2024-12-09;Segunda;1;1;;Verão;2024.0;12.0;3;4.33;162;1.06;162;2024-12-12;3;1
0073;2024-12-10;Terça;2;0;;Verão;2024.0;12.0;15;15.86;6;2.25;6;2024-12-17;7;1
0050;2024-12-10;Terça;3;0;;Verão;2024.0;12.0;15;7.8;93;2.03;93;2024-12-17;7;1
0078;2024-12-10;Terça;2;0;;Verão;2024.0;12.0;14;20.63;31;2.0;31;2024-12-19;9;1
0061;2024-12-11;Quarta;2;0;;Verão;2024.0;12.0;8;10.91;68;1.93;68;2024-12-19;8;1
0044;2024-12-11;Quarta;1;0;;Verão;2024.0;12.0;5;4.18;182;1.0;182;2024-12-15;4;1
0025;2024-12-11;Quarta;1;0;;Verão;2024.0;12.0;2;9.58;80;1.02;80;2024-12-27;16;0
0053;2024-12-11;Quarta;1;0;;Verão;2024.0;12.0;16;8.14;3;1.0;3;2024-12-15;4;1
0033;2024-12-11;Quarta;1;0;;Verão;2024.0;12.0;27;14.44;20;1.0;20;2025-01-15;35;0
0010;2024-12-12;Quinta;2;02/15;;Verão;2024.0;12.0;7;5.97;127;2.0;127;2024-12-17;5;1
0120;2024-12-12;Quinta;2;0;;Verão;2024.0;12.0;19;14.07;55;1.93;55;2024-12-28;16;0
0005;2024-12-12;Quinta;1;10;;Verão;2024.0;12.0;3;4.82;90;1.0;90;2024-12-17;5;1
0129;2024-12-12;Quinta;1;2;;Verão;2024.0;12.0;3;4.33;163;1.06;163;2024-12-15;3;1
0089;2024-12-13;Sexta;1;0;;Verão;2024.0;12.0;29;5.91;123;1.01;123;2024-12-19;6;1
0007;2024-12-13;Sexta;1;0;;Verão;2024.0;12.0;13;8.85;36;1.03;36;2024-12-27;14;1
0118;2024-12-13;Sexta;1;0;;Verão;2024.0;12.0;15;10.34;72;1.01;72;2024-12-31;18;0
0049;2024-12-14;Sábado;1;0;;Verão;2024.0;12.0;23;23.72;29;1.0;29;2025-01-21;38;0
0095;2024-12-14;Sábado;1;0;;Verão;2024.0;12.0;26;16.5;40;1.0;40;2024-12-27;13;1
0063;2024-12-14;Sábado;1;0;;Verão;2024.0;12.0;45;10.54;68;1.89;68;2025-01-03;20;0
0021;2024-12-14;Sábado;1;0;;Verão;2024.0;12.0;14;16.35;42;1.66;42;2024-12-30;16;0
0030;2024-12-14;Sábado;2;0;;Verão;2024.0;12.0;7;12.9;52;2.09;52;2024-12-27;13;1
0038;2024-12-14;Sábado;1;0;;Verão;2024.0;12.0;0;18.62;1;1.14;1;2024-12-28;14;1
0129;2024-12-15;Domingo;1;1;;Verão;2024.0;12.0;3;4.33;164;1.06;164;2024-12-16;1;1
0053;2024-12-15;Domingo;1;0;;Verão;2024.0;12.0;4;8.14;4;1.0;4;2024-12-18;3;1
0044;2024-12-15;Domingo;1;0;;Verão;2024.0;12.0;4;4.18;183;1.0;183;2024-12-18;3;1
0069;2024-12-16;Segunda;1;0;;Verão;2024.0;12.0;9;15.65;6;1.05;6;2024-12-23;7;1
0099;2024-12-16;Segunda;2;0;;Verão;2024.0;12.0;9;8.71;88;1.39;88;2024-12-28;12;1
0129;2024-12-16;Segunda;1;2;;Verão;2024.0;12.0;1;4.33;165;1.06;165;2024-12-20;4;1
0010;2024-12-17;Terça;2;02/15;;Verão;2024.0;12.0;5;5.97;128;2.0;128;2024-12-27;10;1
0073;2024-12-17;Terça;2;0;;Verão;2024.0;12.0;7;15.86;7;2.25;7;2025-01-13;27;0
0005;2024-12-17;Terça;1;01/10;;Verão;2024.0;12.0;5;4.82;91;1.0;91;2024-12-20;3;1
0050;2024-12-17;Terça;3;0;;Verão;2024.0;12.0;7;7.8;94;2.03;94;2024-12-27;10;1
0044;2024-12-18;Quarta;1;0;;Verão;2024.0;12.0;3;4.18;184;1.0;184;2024-12-20;2;1
0053;2024-12-18;Quarta;1;0;;Verão;2024.0;12.0;3;8.14;5;1.0;5;2024-12-24;6;1
0014;2024-12-18;Quarta;2;0;;Verão;2024.0;12.0;83;66.71;5;1.25;5;2025-04-11;114;0
0078;2024-12-19;Quinta;2;0;;Verão;2024.0;12.0;9;20.63;32;2.0;32;2024-12-28;9;1
0089;2024-12-19;Quinta;1;0;;Verão;2024.0;12.0;6;5.91;124;1.01;124;2024-12-23;4;1
0061;2024-12-19;Quinta;1;0;;Verão;2024.0;12.0;8;10.91;69;1.93;69;2024-12-30;11;1
0062;2024-12-19;Quinta;1;0;;Verão;2024.0;12.0;0;;1;1.0;1;;0;0
0097;2024-12-19;Quinta;2;0;;Verão;2024.0;12.0;56;10.3;85;2.05;85;2025-03-27;98;0
0132;2024-12-20;Sexta;1;0;;Verão;2024.0;12.0;13;14.14;49;1.01;49;2025-01-02;13;1
0044;2024-12-20;Sexta;1;0;;Verão;2024.0;12.0;2;4.18;185;1.0;185;2024-12-23;3;1
0127;2024-12-20;Sexta;1;0;;Verão;2024.0;12.0;13;11.09;70;1.1;70;2024-12-30;10;1
0129;2024-12-20;Sexta;1;1;;Verão;2024.0;12.0;4;4.33;166;1.06;166;2024-12-23;3;1
0005;2024-12-20;Sexta;1;02/10;;Verão;2024.0;12.0;3;4.82;92;1.0;92;2024-12-24;4;1
0089;2024-12-23;Segunda;1;0;;Verão;2024.0;12.0;4;5.91;125;1.01;125;2024-12-28;5;1
0044;2024-12-23;Segunda;1;0;;Verão;2024.0;12.0;3;4.18;186;1.0;186;2024-12-27;4;1
0056;2024-12-23;Segunda;2;0;;Verão;2024.0;12.0;19;10.01;71;1.53;71;2025-01-13;21;0
0069;2024-12-23;Segunda;1;0;;Verão;2024.0;12.0;7;15.65;7;1.05;7;2025-01-02;10;1
0023;2024-12-23;Segunda;1;0;;Verão;2024.0;12.0;42;38.88;15;1.0;15;2025-02-08;47;0
0129;2024-12-23;Segunda;1;2;;Verão;2024.0;12.0;3;4.33;167;1.06;167;2024-12-26;3;1
0024;2024-12-24;Terça;1;0;;Verão;2024.0;12.0;272;28.39;2;1.16;2;2025-01-06;13;1
0053;2024-12-24;Terça;1;0;;Verão;2024.0;12.0;6;8.14;6;1.0;6;2025-01-06;13;1
0072;2024-12-24;Terça;1;0;;Verão;2024.0;12.0;50;16.1;12;1.52;12;2024-12-31;7;1
0005;2024-12-24;Terça;1;03/10;;Verão;2024.0;12.0;4;4.82;93;1.0;93;2024-12-30;6;1
0129;2024-12-26;Quinta;1;1;;Verão;2024.0;12.0;3;4.33;168;1.06;168;2024-12-31;5;1
0004;2024-12-26;Quinta;1;09/10;;Verão;2024.0;12.0;22;12.69;65;1.0;65;2025-01-21;26;0
0044;2024-12-27;Sexta;1;0;;Verão;2024.0;12.0;4;4.18;187;1.0;187;2024-12-30;3;1
0095;2024-12-27;Sexta;1;0;;Verão;2024.0;12.0;13;16.5;41;1.0;41;2025-01-06;10;1
0050;2024-12-27;Sexta;3;0;;Verão;2024.0;12.0;10;7.8;95;2.03;95;2025-01-04;8;1
0010;2024-12-27;Sexta;2;10/15;;Verão;2024.0;12.0;10;5.97;129;2.0;129;2024-12-30;3;1
0007;2024-12-27;Sexta;1;0;;Verão;2024.0;12.0;14;8.85;37;1.03;37;2025-01-09;13;1
0030;2024-12-27;Sexta;2;0;;Verão;2024.0;12.0;13;12.9;53;2.09;53;2025-01-11;15;1
0025;2024-12-27;Sexta;1;0;;Verão;2024.0;12.0;16;9.58;81;1.02;81;2025-01-04;8;1
0045;2024-12-27;Sexta;1;0;;Verão;2024.0;12.0;60;32.25;16;1.0;16;2025-02-14;49;0
0099;2024-12-28;Sábado;1;0;;Verão;2024.0;12.0;12;8.71;89;1.39;89;2025-01-04;7;1
0081;2024-12-28;Sábado;1;0;;Verão;2024.0;12.0;23;17.92;42;1.02;42;2025-01-11;14;1
0089;2024-12-28;Sábado;1;0;;Verão;2024.0;12.0;5;5.91;126;1.01;126;2025-01-04;7;1
0078;2024-12-28;Sábado;2;0;;Verão;2024.0;12.0;9;20.63;33;2.0;33;2025-01-16;19;0
0120;2024-12-28;Sábado;2;0;;Verão;2024.0;12.0;16;14.07;56;1.93;56;2025-01-11;14;1
0038;2024-12-28;Sábado;1;0;;Verão;2024.0;12.0;14;18.62;2;1.14;2;2025-01-10;13;1
0005;2024-12-30;Segunda;1;04/10;;Verão;2024.0;12.0;6;4.82;94;1.0;94;2025-01-04;5;1
0010;2024-12-30;Segunda;2;0;;Verão;2024.0;12.0;3;5.97;130;2.0;130;2025-01-06;7;1
0127;2024-12-30;Segunda;1;0;;Verão;2024.0;12.0;10;11.09;71;1.1;71;2025-01-04;5;1
0061;2024-12-30;Segunda;2;0;;Verão;2024.0;12.0;11;10.91;70;1.93;70;2025-01-23;24;0
0044;2024-12-30;Segunda;1;0;;Verão;2024.0;12.0;3;4.18;188;1.0;188;2025-01-16;17;0
0021;2024-12-30;Segunda;1;0;;Verão;2024.0;12.0;16;16.35;43;1.66;43;2025-01-11;12;1
0118;2024-12-31;Terça;1;0;;Verão;2024.0;12.0;18;10.34;73;1.01;73;2025-01-09;9;1
0072;2024-12-31;Terça;1;0;;Verão;2024.0;12.0;7;16.1;13;1.52;13;2025-01-04;4;1
0129;2024-12-31;Terça;1;2;;Verão;2024.0;12.0;5;4.33;169;1.06;169;2025-01-04;4;1
0132;2025-01-02;Quinta;1;1;;Verão;2025.0;1.0;13;14.14;50;1.01;50;2025-01-15;13;1
0069;2025-01-02;Quinta;1;0;;Verão;2025.0;1.0;10;15.65;8;1.05;8;2025-01-27;25;0
0063;2025-01-03;Sexta;1;0;;Verão;2025.0;1.0;20;10.54;69;1.89;69;2025-01-16;13;1
0005;2025-01-04;Sexta;1;05/10;;Verão;2025.0;1.0;5;4.82;95;1.0;95;2025-01-07;3;1
0133;2025-01-04;Sábado;2;0;;Verão;2025.0;1.0;75;44.0;10;2.0;10;;0;0
0025;2025-01-04;Sábado;1;0;;Verão;2025.0;1.0;8;9.58;82;1.02;82;2025-01-14;10;1
0089;2025-01-04;Sábado;1;0;;Verão;2025.0;1.0;7;5.91;127;1.01;127;2025-01-07;3;1
0099;2025-01-04;Sábado;1;0;;Verão;2025.0;1.0;7;8.71;90;1.39;90;2025-01-10;6;1
0127;2025-01-04;Sábado;1;0;;Verão;2025.0;1.0;5;11.09;72;1.1;72;2025-01-11;7;1
0050;2025-01-04;Sábado;1;0;;Verão;2025.0;1.0;8;7.8;96;2.03;96;2025-01-11;7;1
0072;2025-01-04;Sábado;1;0;;Verão;2025.0;1.0;4;16.1;14;1.52;14;2025-01-06;2;1
0129;2025-01-04;Sábado;1;1;;Verão;2025.0;1.0;4;4.33;170;1.06;170;2025-01-06;2;1
0024;2025-01-06;Segunda;1;0;;Verão;2025.0;1.0;13;28.39;3;1.16;3;2025-01-23;17;0
0072;2025-01-06;Segunda;1;0;;Verão;2025.0;1.0;2;16.1;15;1.52;15;2025-01-08;2;1
0095;2025-01-06;Segunda;1;0;;Verão;2025.0;1.0;10;16.5;42;1.0;42;2025-01-17;11;1
0010;2025-01-06;Segunda;1;15;;Verão;2025.0;1.0;7;5.97;131;2.0;131;2025-01-16;10;1
0129;2025-01-06;Segunda;1;2;;Verão;2025.0;1.0;2;4.33;171;1.06;171;2025-01-10;4;1
0053;2025-01-06;Segunda;1;0;;Verão;2025.0;1.0;13;8.14;7;1.0;7;2025-01-10;4;1
0089;2025-01-07;Terça;1;0;;Verão;2025.0;1.0;3;5.91;128;1.01;128;2025-01-15;8;1
0005;2025-01-07;Terça;1;06/10;;Verão;2025.0;1.0;3;4.82;96;1.0;96;2025-01-11;4;1
0072;2025-01-08;Quarta;1;0;;Verão;2025.0;1.0;2;16.1;16;1.52;16;2025-01-23;15;1
0118;2025-01-09;Quinta;1;0;;Verão;2025.0;1.0;9;10.34;74;1.01;74;2025-01-17;8;1
0075;2025-01-09;Quinta;2;0;;Verão;2025.0;1.0;138;11.06;2;1.24;2;2025-02-03;25;0
0007;2025-01-09;Quinta;1;0;;Verão;2025.0;1.0;13;8.85;38;1.03;38;2025-01-17;8;1
0129;2025-01-10;Sexta;1;0;;Verão;2025.0;1.0;4;4.33;172;1.06;172;2025-01-13;3;1
0038;2025-01-10;Sexta;1;0;;Verão;2025.0;1.0;13;18.62;3;1.14;3;2025-01-14;4;1
0099;2025-01-10;Sexta;1;0;;Verão;2025.0;1.0;6;8.71;91;1.39;91;2025-01-15;5;1
0053;2025-01-10;Sexta;1;0;;Verão;2025.0;1.0;4;8.14;8;1.0;8;;0;0
0127;2025-01-11;Sábado;1;0;;Verão;2025.0;1.0;7;11.09;73;1.1;73;2025-01-20;9;1
0015;2025-01-11;Sábado;1;0;;Verão;2025.0;1.0;49;12.0;5;1.0;5;2025-01-28;17;0
0050;2025-01-11;Sábado;2;0;;Verão;2025.0;1.0;7;7.8;97;2.03;97;2025-01-20;9;1
0081;2025-01-11;Sábado;1;0;;Verão;2025.0;1.0;14;17.92;43;1.02;43;2025-01-27;16;0
0120;2025-01-11;Sábado;2;0;;Verão;2025.0;1.0;14;14.07;57;1.93;57;2025-01-23;12;1
0030;2025-01-11;Sábado;2;0;;Verão;2025.0;1.0;15;12.9;54;2.09;54;2025-01-16;5;1
0005;2025-01-11;Sábado;1;07/10;;Verão;2025.0;1.0;4;4.82;97;1.0;97;2025-01-15;4;1
0021;2025-01-11;Sábado;1;0;;Verão;2025.0;1.0;12;16.35;44;1.66;44;2025-01-13;2;1
0073;2025-01-13;Segunda;2;0;;Verão;2025.0;1.0;27;15.86;8;2.25;8;;0;0
0011;2025-01-13;Segunda;1;0;;Verão;2025.0;1.0;0;;1;1.0;1;;0;0
0129;2025-01-13;Segunda;1;2;;Verão;2025.0;1.0;3;4.33;173;1.06;173;2025-01-17;4;1
0056;2025-01-13;Segunda;2;0;;Verão;2025.0;1.0;21;10.01;72;1.53;72;;0;0
0021;2025-01-13;Segunda;1;0;;Verão;2025.0;1.0;2;16.35;45;1.66;45;2025-01-20;7;1
0025;2025-01-14;Terça;1;0;;Verão;2025.0;1.0;10;9.58;83;1.02;83;2025-01-21;7;1
0038;2025-01-14;Terça;1;0;;Verão;2025.0;1.0;4;18.62;4;1.14;4;2025-03-27;72;0
0132;2025-01-15;Quarta;1;2;;Verão;2025.0;1.0;13;14.14;51;1.01;51;2025-01-27;12;1
0089;2025-01-15;Quarta;1;0;;Verão;2025.0;1.0;8;5.91;129;1.01;129;2025-01-20;5;1
0099;2025-01-15;Quarta;2;0;;Verão;2025.0;1.0;5;8.71;92;1.39;92;2025-01-24;9;1
0005;2025-01-15;Quarta;1;08/10;;Verão;2025.0;1.0;4;4.82;98;1.0;98;2025-01-20;5;1
0033;2025-01-15;Quarta;1;0;;Verão;2025.0;1.0;35;14.44;21;1.0;21;2025-01-29;14;1
0010;2025-01-16;Quinta;4;04/15;;Verão;2025.0;1.0;10;5.97;132;2.0;132;2025-01-21;5;1
0044;2025-01-16;Quinta;1;0;;Verão;2025.0;1.0;17;4.18;189;1.0;189;2025-01-20;4;1
0030;2025-01-16;Quinta;2;0;;Verão;2025.0;1.0;5;12.9;55;2.09;55;2025-01-25;9;1
0078;2025-01-16;Quinta;2;0;;Verão;2025.0;1.0;19;20.63;34;2.0;34;2025-01-24;8;1
0063;2025-01-16;Quinta;1;0;;Verão;2025.0;1.0;13;10.54;70;1.89;70;;0;0
0095;2025-01-17;Sexta;1;0;;Verão;2025.0;1.0;11;16.5;43;1.0;43;2025-01-29;12;1
0124;2025-01-17;Sexta;2;0;;Verão;2025.0;1.0;45;54.38;6;2.0;6;2025-03-18;60;0
0118;2025-01-17;Sexta;1;0;;Verão;2025.0;1.0;8;10.34;75;1.01;75;2025-01-25;8;1
0129;2025-01-17;Sexta;1;1;;Verão;2025.0;1.0;4;4.33;174;1.06;174;2025-01-20;3;1
0007;2025-01-17;Sexta;1;0;;Verão;2025.0;1.0;8;8.85;39;1.03;39;2025-01-25;8;1
0127;2025-01-20;Segunda;1;0;;Verão;2025.0;1.0;9;11.09;74;1.1;74;2025-01-28;8;1
0005;2025-01-20;Segunda;1;09/10;;Verão;2025.0;1.0;5;4.82;99;1.0;99;2025-01-21;1;1
0129;2025-01-20;Segunda;1;2;;Verão;2025.0;1.0;3;4.33;175;1.06;175;2025-01-23;3;1
0050;2025-01-20;Segunda;2;0;;Verão;2025.0;1.0;9;7.8;98;2.03;98;2025-01-24;4;1
0089;2025-01-20;Segunda;1;0;;Verão;2025.0;1.0;5;5.91;130;1.01;130;2025-01-30;10;1
0021;2025-01-20;Segunda;1;0;;Verão;2025.0;1.0;7;16.35;46;1.66;46;2025-01-27;7;1
0044;2025-01-20;Segunda;1;0;;Verão;2025.0;1.0;4;4.18;190;1.0;190;2025-01-24;4;1
0049;2025-01-21;Terça;1;0;;Verão;2025.0;1.0;38;23.72;30;1.0;30;2025-02-06;16;0
0025;2025-01-21;Terça;1;0;;Verão;2025.0;1.0;7;9.58;84;1.02;84;2025-01-27;6;1
0004;2025-01-21;Terça;1;10;;Verão;2025.0;1.0;26;12.69;66;1.0;66;2025-01-27;6;1
0010;2025-01-21;Terça;2;08/15;;Verão;2025.0;1.0;5;5.97;133;2.0;133;2025-01-27;6;1
0005;2025-01-21;Terça;1;10;;Verão;2025.0;1.0;1;4.82;100;1.0;100;2025-01-25;4;1
0120;2025-01-23;Quinta;2;0;;Verão;2025.0;1.0;12;14.07;58;1.93;58;2025-02-05;13;1
0024;2025-01-23;Quinta;1;0;;Verão;2025.0;1.0;17;28.39;4;1.16;4;2025-01-28;5;1
0129;2025-01-23;Quinta;1;1;;Verão;2025.0;1.0;3;4.33;176;1.06;176;2025-01-27;4;1
0072;2025-01-23;Quinta;1;0;;Verão;2025.0;1.0;15;16.1;17;1.52;17;2025-01-28;5;1
0061;2025-01-23;Quinta;2;0;;Verão;2025.0;1.0;24;10.91;71;1.93;71;2025-01-31;8;1
0099;2025-01-24;Sexta;2;0;;Verão;2025.0;1.0;9;8.71;93;1.39;93;2025-01-31;7;1
0050;2025-01-24;Sexta;2;0;;Verão;2025.0;1.0;4;7.8;99;2.03;99;2025-01-31;7;1
0044;2025-01-24;Sexta;1;0;;Verão;2025.0;1.0;4;4.18;191;1.0;191;2025-01-27;3;1
0078;2025-01-24;Sexta;2;0;;Verão;2025.0;1.0;8;20.63;35;2.0;35;2025-02-22;29;0
0007;2025-01-25;Sábado;1;0;;Verão;2025.0;1.0;8;8.85;40;1.03;40;2025-02-03;9;1
0118;2025-01-25;Sábado;1;0;;Verão;2025.0;1.0;8;10.34;76;1.01;76;2025-02-11;17;0
0005;2025-01-25;Sábado;1;01/10;;Verão;2025.0;1.0;4;4.82;101;1.0;101;2025-01-28;3;1
0030;2025-01-25;Sábado;2;0;;Verão;2025.0;1.0;9;12.9;56;2.09;56;2025-02-08;14;1
0129;2025-01-27;Segunda;1;2;;Verão;2025.0;1.0;4;4.33;177;1.06;177;2025-01-30;3;1
0132;2025-01-27;Segunda;1;1;;Verão;2025.0;1.0;12;14.14;52;1.01;52;2025-02-06;10;1
0086;2025-01-27;Segunda;1;0;;Verão;2025.0;1.0;53;23.03;30;1.0;30;2025-03-25;57;0
0069;2025-01-27;Segunda;1;0;;Verão;2025.0;1.0;25;15.65;9;1.05;9;2025-03-19;51;0
0010;2025-01-27;Segunda;2;10/15;;Verão;2025.0;1.0;6;5.97;134;2.0;134;2025-01-28;1;1
0081;2025-01-27;Segunda;1;0;;Verão;2025.0;1.0;16;17.92;44;1.02;44;2025-02-12;16;0
0025;2025-01-27;Segunda;1;0;;Verão;2025.0;1.0;6;9.58;85;1.02;85;2025-02-14;18;0
0004;2025-01-27;Segunda;1;01/10;;Verão;2025.0;1.0;6;12.69;67;1.0;67;2025-02-12;16;0
0021;2025-01-27;Segunda;1;0;;Verão;2025.0;1.0;7;16.35;47;1.66;47;2025-02-03;7;1
0044;2025-01-27;Segunda;1;0;;Verão;2025.0;1.0;3;4.18;192;1.0;192;2025-01-31;4;1
0127;2025-01-28;Terça;1;0;;Verão;2025.0;1.0;8;11.09;75;1.1;75;2025-02-04;7;1
0015;2025-01-28;Terça;1;0;;Verão;2025.0;1.0;17;12.0;6;1.0;6;2025-02-04;7;1
0010;2025-01-28;Terça;2;10/15;;Verão;2025.0;1.0;1;5.97;135;2.0;135;2025-02-06;9;1
0024;2025-01-28;Terça;1;0;;Verão;2025.0;1.0;5;28.39;5;1.16;5;2025-02-06;9;1
0005;2025-01-28;Terça;1;02/10;;Verão;2025.0;1.0;3;4.82;102;1.0;102;2025-01-31;3;1
0072;2025-01-28;Terça;1;0;;Verão;2025.0;1.0;5;16.1;18;1.52;18;2025-02-05;8;1
0095;2025-01-29;Quarta;1;0;;Verão;2025.0;1.0;12;16.5;44;1.0;44;2025-02-07;9;1
0033;2025-01-29;Quarta;1;0;;Verão;2025.0;1.0;14;14.44;22;1.0;22;2025-02-10;12;1
0129;2025-01-30;Quinta;1;1;;Verão;2025.0;1.0;3;4.33;178;1.06;178;2025-02-06;7;1
0089;2025-01-30;Quinta;1;0;;Verão;2025.0;1.0;10;5.91;131;1.01;131;2025-02-04;5;1
0050;2025-01-31;Sexta;2;0;;Verão;2025.0;1.0;7;7.8;100;2.03;100;2025-02-08;8;1
0099;2025-01-31;Sexta;1;0;;Verão;2025.0;1.0;7;8.71;94;1.39;94;2025-02-11;11;1
0044;2025-01-31;Sexta;1;0;;Verão;2025.0;1.0;4;4.18;193;1.0;193;2025-02-03;3;1
0061;2025-01-31;Sexta;1;0;;Verão;2025.0;1.0;8;10.91;72;1.93;72;2025-02-11;11;1
0005;2025-01-31;Sexta;1;03/10;;Verão;2025.0;1.0;3;4.82;103;1.0;103;2025-02-05;5;1
0007;2025-02-03;Segunda;1;0;;Verão;2025.0;2.0;9;8.85;41;1.03;41;2025-02-11;8;1
0021;2025-02-03;Segunda;1;0;;Verão;2025.0;2.0;7;16.35;48;1.66;48;2025-02-13;10;1
0075;2025-02-03;Segunda;1;0;;Verão;2025.0;2.0;25;11.06;3;1.24;3;2025-02-05;2;1
0044;2025-02-03;Segunda;1;0;;Verão;2025.0;2.0;3;4.18;194;1.0;194;2025-02-06;3;1
0089;2025-02-04;Terça;1;0;;Verão;2025.0;2.0;5;5.91;132;1.01;132;2025-02-10;6;1
0127;2025-02-04;Terça;1;0;;Verão;2025.0;2.0;7;11.09;76;1.1;76;2025-02-20;16;0
0015;2025-02-04;Terça;1;0;;Verão;2025.0;2.0;7;12.0;7;1.0;7;2025-02-10;6;1
0072;2025-02-05;Quarta;1;0;;Verão;2025.0;2.0;8;16.1;19;1.52;19;2025-02-28;23;0
0075;2025-02-05;Quarta;2;0;;Verão;2025.0;2.0;2;11.06;4;1.24;4;2025-02-15;10;1
0005;2025-02-05;Quarta;1;04/10;;Verão;2025.0;2.0;5;4.82;104;1.0;104;2025-02-07;2;1
0120;2025-02-05;Quarta;2;0;;Verão;2025.0;2.0;13;14.07;59;1.93;59;2025-02-20;15;1
0044;2025-02-06;Quinta;1;0;;Verão;2025.0;2.0;3;4.18;195;1.0;195;2025-02-08;2;1
0024;2025-02-06;Quinta;1;0;;Verão;2025.0;2.0;9;28.39;6;1.16;6;2025-02-10;4;1
0049;2025-02-06;Quinta;1;0;;Verão;2025.0;2.0;16;23.72;31;1.0;31;2025-03-13;35;0
0010;2025-02-06;Quinta;2;12/15;;Verão;2025.0;2.0;9;5.97;136;2.0;136;2025-02-13;7;1
0132;2025-02-06;Quinta;1;2;;Verão;2025.0;2.0;10;14.14;53;1.01;53;2025-02-19;13;1
0129;2025-02-06;Quinta;1;1;;Verão;2025.0;2.0;7;4.33;179;1.06;179;2025-02-14;8;1
0005;2025-02-07;Sexta;1;05/10;;Verão;2025.0;2.0;2;4.82;105;1.0;105;2025-02-11;4;1
0095;2025-02-07;Sexta;1;0;;Verão;2025.0;2.0;9;16.5;45;1.0;45;2025-02-17;10;1
0050;2025-02-08;Sábado;2;0;;Verão;2025.0;2.0;8;7.8;101;2.03;101;2025-02-15;7;1
0030;2025-02-08;Sábado;2;0;;Verão;2025.0;2.0;14;12.9;57;2.09;57;2025-03-13;33;0
0044;2025-02-08;Sábado;2;0;;Verão;2025.0;2.0;2;4.18;196;1.0;196;2025-02-11;3;1
0023;2025-02-08;Sábado;1;0;;Verão;2025.0;2.0;47;38.88;16;1.0;16;2025-02-19;11;1
0024;2025-02-10;Segunda;1;0;;Verão;2025.0;2.0;4;28.39;7;1.16;7;2025-02-19;9;1
0015;2025-02-10;Segunda;1;0;;Verão;2025.0;2.0;6;12.0;8;1.0;8;2025-02-15;5;1
0033;2025-02-10;Segunda;1;0;;Verão;2025.0;2.0;12;14.44;23;1.0;23;2025-02-21;11;1
0119;2025-02-10;Segunda;1;0;;Verão;2025.0;2.0;0;15.0;1;1.0;1;2025-02-14;4;1
0089;2025-02-10;Segunda;1;0;;Verão;2025.0;2.0;6;5.91;133;1.01;133;2025-02-17;7;1
0061;2025-02-11;Terça;2;0;;Verão;2025.0;2.0;11;10.91;73;1.93;73;2025-02-20;9;1
0126;2025-02-11;Terça;1;0;;Verão;2025.0;2.0;77;21.71;36;1.0;36;;0;0
0099;2025-02-11;Terça;2;0;;Verão;2025.0;2.0;11;8.71;95;1.39;95;2025-02-21;10;1
0118;2025-02-11;Terça;1;0;;Verão;2025.0;2.0;17;10.34;77;1.01;77;2025-02-20;9;1
0005;2025-02-11;Terça;1;06/10;;Verão;2025.0;2.0;4;4.82;106;1.0;106;2025-02-14;3;1
0007;2025-02-11;Terça;1;0;;Verão;2025.0;2.0;8;8.85;42;1.03;42;2025-02-19;8;1
0044;2025-02-11;Terça;1;0;;Verão;2025.0;2.0;3;4.18;197;1.0;197;2025-02-15;4;1
0081;2025-02-12;Quarta;1;0;;Verão;2025.0;2.0;16;17.92;45;1.02;45;2025-02-28;16;0
0004;2025-02-12;Quarta;1;02/10;;Verão;2025.0;2.0;16;12.69;68;1.0;68;2025-02-25;13;1
0010;2025-02-13;Quinta;2;15;;Verão;2025.0;2.0;7;5.97;137;2.0;137;2025-02-18;5;1
0021;2025-02-13;Quinta;1;0;;Verão;2025.0;2.0;10;16.35;49;1.66;49;2025-03-11;26;0
0119;2025-02-14;Sexta;1;0;;Verão;2025.0;2.0;4;15.0;2;1.0;2;2025-02-17;3;1
0129;2025-02-14;Sexta;1;0;;Verão;2025.0;2.0;8;4.33;180;1.06;180;2025-02-17;3;1
0025;2025-02-14;Sexta;1;0;;Verão;2025.0;2.0;18;9.58;86;1.02;86;2025-02-22;8;1
0045;2025-02-14;Sexta;1;0;;Verão;2025.0;2.0;49;32.25;17;1.0;17;2025-03-14;28;0
0005;2025-02-14;Sexta;1;07/10;;Verão;2025.0;2.0;3;4.82;107;1.0;107;2025-02-19;5;1
0050;2025-02-15;Sábado;2;0;;Verão;2025.0;2.0;7;7.8;102;2.03;102;2025-02-24;9;1
0075;2025-02-15;Sábado;2;0;;Verão;2025.0;2.0;10;11.06;5;1.24;5;2025-02-18;3;1
0015;2025-02-15;Sábado;1;0;;Verão;2025.0;2.0;5;12.0;9;1.0;9;2025-02-21;6;1
0044;2025-02-15;Sábado;1;0;;Verão;2025.0;2.0;4;4.18;198;1.0;198;2025-02-17;2;1
0129;2025-02-17;Segunda;1;2;;Verão;2025.0;2.0;3;4.33;181;1.06;181;2025-02-22;5;1
0119;2025-02-17;Segunda;1;0;;Verão;2025.0;2.0;3;15.0;3;1.0;3;2025-02-21;4;1
0089;2025-02-17;Segunda;1;0;;Verão;2025.0;2.0;7;5.91;134;1.01;134;2025-02-27;10;1
0095;2025-02-17;Segunda;1;0;;Verão;2025.0;2.0;10;16.5;46;1.0;46;2025-02-28;11;1
0044;2025-02-17;Segunda;1;0;;Verão;2025.0;2.0;2;4.18;199;1.0;199;2025-02-24;7;1
0075;2025-02-18;Terça;1;0;;Verão;2025.0;2.0;3;11.06;6;1.24;6;2025-02-24;6;1
0010;2025-02-18;Terça;1;01/15;;Verão;2025.0;2.0;5;5.97;138;2.0;138;2025-02-28;10;1
0005;2025-02-19;Quarta;1;08/10;;Verão;2025.0;2.0;5;4.82;108;1.0;108;2025-02-22;3;1
0132;2025-02-19;Quarta;1;1;;Verão;2025.0;2.0;13;14.14;54;1.01;54;2025-02-28;9;1
0023;2025-02-19;Quarta;1;0;;Verão;2025.0;2.0;11;38.88;17;1.0;17;2025-03-12;21;0
0007;2025-02-19;Quarta;1;0;;Verão;2025.0;2.0;8;8.85;43;1.03;43;2025-03-05;14;1
0024;2025-02-19;Quarta;1;0;;Verão;2025.0;2.0;9;28.39;8;1.16;8;2025-02-24;5;1
0127;2025-02-20;Quinta;1;0;;Verão;2025.0;2.0;16;11.09;77;1.1;77;2025-03-10;18;0
0061;2025-02-20;Quinta;2;0;;Verão;2025.0;2.0;9;10.91;74;1.93;74;2025-03-13;21;0
0120;2025-02-20;Quinta;2;0;;Verão;2025.0;2.0;15;14.07;60;1.93;60;2025-02-27;7;1
0118;2025-02-20;Quinta;1;0;;Verão;2025.0;2.0;9;10.34;78;1.01;78;2025-02-27;7;1
0099;2025-02-21;Sexta;2;0;;Verão;2025.0;2.0;10;8.71;96;1.39;96;2025-03-08;15;1
0119;2025-02-21;Sexta;1;0;;Verão;2025.0;2.0;4;15.0;4;1.0;4;2025-04-11;49;0
0033;2025-02-21;Sexta;1;0;;Verão;2025.0;2.0;11;14.44;24;1.0;24;2025-02-25;4;1
0015;2025-02-21;Sexta;1;0;;Verão;2025.0;2.0;6;12.0;10;1.0;10;2025-02-28;7;1
0078;2025-02-22;Sábado;2;0;;Verão;2025.0;2.0;29;20.63;36;2.0;36;2025-03-12;18;0
0025;2025-02-22;Sábado;1;0;;Verão;2025.0;2.0;8;9.58;87;1.02;87;2025-03-06;12;1
0005;2025-02-22;Sábado;1;09/10;;Verão;2025.0;2.0;3;4.82;109;1.0;109;2025-02-26;4;1
0129;2025-02-22;Sábado;1;0;;Verão;2025.0;2.0;5;4.33;182;1.06;182;2025-02-28;6;1
0024;2025-02-24;Segunda;1;0;;Verão;2025.0;2.0;5;28.39;9;1.16;9;2025-03-06;10;1
0044;2025-02-24;Segunda;1;0;;Verão;2025.0;2.0;7;4.18;200;1.0;200;2025-02-28;4;1
0050;2025-02-24;Segunda;2;0;;Verão;2025.0;2.0;9;7.8;103;2.03;103;2025-03-05;9;1
0075;2025-02-24;Segunda;2;0;;Verão;2025.0;2.0;6;11.06;7;1.24;7;2025-03-05;9;1
0033;2025-02-25;Terça;1;0;;Verão;2025.0;2.0;4;14.44;25;1.0;25;2025-03-06;9;1
0004;2025-02-25;Terça;1;03/10;;Verão;2025.0;2.0;13;12.69;69;1.0;69;2025-03-20;23;0
0005;2025-02-26;Quarta;1;01/10;;Verão;2025.0;2.0;4;4.82;110;1.0;110;2025-03-05;7;1
0120;2025-02-27;Quinta;1;0;;Verão;2025.0;2.0;7;14.07;61;1.93;61;2025-03-28;29;0
0089;2025-02-27;Quinta;1;0;;Verão;2025.0;2.0;10;5.91;135;1.01;135;2025-03-11;12;1
0118;2025-02-27;Quinta;1;0;;Verão;2025.0;2.0;7;10.34;79;1.01;79;2025-03-03;4;1
0015;2025-02-28;Sexta;1;0;;Verão;2025.0;2.0;7;12.0;11;1.0;11;2025-03-05;5;1
0081;2025-02-28;Sexta;1;0;;Verão;2025.0;2.0;16;17.92;46;1.02;46;2025-03-18;18;0
0095;2025-02-28;Sexta;1;0;;Verão;2025.0;2.0;11;16.5;47;1.0;47;2025-03-07;7;1
0010;2025-02-28;Sexta;2;13/15;;Verão;2025.0;2.0;10;5.97;139;2.0;139;2025-03-06;6;1
0129;2025-02-28;Sexta;1;1;;Verão;2025.0;2.0;6;4.33;183;1.06;183;2025-03-03;3;1
0132;2025-02-28;Sexta;1;2;;Verão;2025.0;2.0;9;14.14;55;1.01;55;2025-03-14;14;1
0052;2025-02-28;Sexta;1;0;;Verão;2025.0;2.0;0;18.67;1;1.0;1;2025-04-10;41;0
0072;2025-02-28;Sexta;1;0;;Verão;2025.0;2.0;23;16.1;20;1.52;20;2025-03-05;5;1
0044;2025-02-28;Sexta;1;0;;Verão;2025.0;2.0;4;4.18;201;1.0;201;2025-03-08;8;1
0080;2025-02-28;Sexta;2;0;;Verão;2025.0;2.0;0;;1;2.0;1;;0;0
0118;2025-03-03;Segunda;1;0;;Verão;2025.0;3.0;4;10.34;80;1.01;80;2025-03-13;10;1
0129;2025-03-03;Segunda;1;2;;Verão;2025.0;3.0;3;4.33;184;1.06;184;2025-03-05;2;1
0129;2025-03-05;Quarta;1;0;;Verão;2025.0;3.0;2;4.33;185;1.06;185;2025-03-08;3;1
0072;2025-03-05;Quarta;2;0;;Verão;2025.0;3.0;5;16.1;21;1.52;21;2025-03-14;9;1
0050;2025-03-05;Quarta;2;0;;Verão;2025.0;3.0;9;7.8;104;2.03;104;2025-03-14;9;1
0015;2025-03-05;Quarta;1;0;;Verão;2025.0;3.0;5;12.0;12;1.0;12;2025-03-10;5;1
0075;2025-03-05;Quarta;2;0;;Verão;2025.0;3.0;9;11.06;8;1.24;8;2025-03-15;10;1
0005;2025-03-05;Quarta;1;02/10;;Verão;2025.0;3.0;7;4.82;111;1.0;111;2025-03-08;3;1
0007;2025-03-05;Quarta;1;0;;Verão;2025.0;3.0;14;8.85;44;1.03;44;2025-03-15;10;1
0025;2025-03-06;Quinta;1;0;;Verão;2025.0;3.0;12;9.58;88;1.02;88;2025-03-14;8;1
0010;2025-03-06;Quinta;2;05/15;;Verão;2025.0;3.0;6;5.97;140;2.0;140;2025-03-14;8;1
0024;2025-03-06;Quinta;1;0;;Verão;2025.0;3.0;10;28.39;10;1.16;10;2025-03-15;9;1
0033;2025-03-06;Quinta;1;0;;Verão;2025.0;3.0;9;14.44;26;1.0;26;2025-03-25;19;0
0095;2025-03-07;Sexta;1;0;;Verão;2025.0;3.0;7;16.5;48;1.0;48;2025-03-19;12;1
0005;2025-03-08;Sábado;1;03/10;;Verão;2025.0;3.0;3;4.82;112;1.0;112;2025-03-12;4;1
0099;2025-03-08;Sábado;1;0;;Verão;2025.0;3.0;15;8.71;97;1.39;97;2025-03-15;7;1
0129;2025-03-08;Sábado;1;2;;Verão;2025.0;3.0;3;4.33;186;1.06;186;2025-03-11;3;1
0044;2025-03-08;Sábado;1;0;;Verão;2025.0;3.0;8;4.18;202;1.0;202;2025-03-11;3;1
0127;2025-03-10;Segunda;1;0;;Verão;2025.0;3.0;18;11.09;78;1.1;78;2025-03-24;14;1
0015;2025-03-10;Segunda;1;0;;Verão;2025.0;3.0;5;12.0;13;1.0;13;2025-04-03;24;0
0129;2025-03-11;Terça;1;1;;Verão;2025.0;3.0;3;4.33;187;1.06;187;2025-03-14;3;1
0060;2025-03-11;Terça;1;0;;Verão;2025.0;3.0;0;98.0;1;1.5;1;2025-06-17;98;0
0044;2025-03-11;Terça;1;0;;Verão;2025.0;3.0;3;4.18;203;1.0;203;2025-03-12;1;1
0089;2025-03-11;Terça;1;0;;Verão;2025.0;3.0;12;5.91;136;1.01;136;2025-03-15;4;1
0021;2025-03-11;Terça;1;0;;Verão;2025.0;3.0;26;16.35;50;1.66;50;2025-04-09;29;0
0023;2025-03-12;Quarta;1;0;;Verão;2025.0;3.0;21;38.88;18;1.0;18;2025-04-15;34;0
0078;2025-03-12;Quarta;2;0;;Verão;2025.0;3.0;18;20.63;37;2.0;37;2025-03-29;17;0
0005;2025-03-12;Quarta;1;04/10;;Verão;2025.0;3.0;4;4.82;113;1.0;113;2025-03-18;6;1
0044;2025-03-12;Quarta;1;0;;Verão;2025.0;3.0;1;4.18;204;1.0;204;2025-03-20;8;1
0061;2025-03-13;Quinta;2;0;;Verão;2025.0;3.0;21;10.91;75;1.93;75;2025-03-31;18;0
0030;2025-03-13;Quinta;2;0;;Verão;2025.0;3.0;33;12.9;58;2.09;58;2025-03-18;5;1
0118;2025-03-13;Quinta;1;0;;Verão;2025.0;3.0;10;10.34;81;1.01;81;2025-03-20;7;1
0049;2025-03-13;Quinta;1;0;;Verão;2025.0;3.0;35;23.72;32;1.0;32;2025-04-22;40;0
0045;2025-03-14;Sexta;1;0;;Verão;2025.0;3.0;28;32.25;18;1.0;18;2025-05-02;49;0
0025;2025-03-14;Sexta;1;0;;Verão;2025.0;3.0;8;9.58;89;1.02;89;2025-04-07;24;0
0129;2025-03-14;Sexta;1;2;;Verão;2025.0;3.0;3;4.33;188;1.06;188;2025-03-18;4;1
0050;2025-03-14;Sexta;2;0;;Verão;2025.0;3.0;9;7.8;105;2.03;105;2025-03-18;4;1
0132;2025-03-14;Sexta;1;1;;Verão;2025.0;3.0;14;14.14;56;1.01;56;2025-03-24;10;1
0010;2025-03-14;Sexta;1;15;;Verão;2025.0;3.0;8;5.97;141;2.0;141;2025-03-18;4;1
0134;2025-03-14;Sexta;1;0;;Verão;2025.0;3.0;172;23.15;27;2.05;27;2025-04-22;39;0
0072;2025-03-14;Sexta;0;0;;Verão;2025.0;3.0;9;16.1;22;1.52;22;2025-03-28;14;1
0089;2025-03-15;Sábado;1;0;;Verão;2025.0;3.0;4;5.91;137;1.01;137;2025-03-20;5;1
0099;2025-03-15;Sábado;1;0;;Verão;2025.0;3.0;7;8.71;98;1.39;98;2025-03-21;6;1
0075;2025-03-15;Sábado;1;0;;Verão;2025.0;3.0;10;11.06;9;1.24;9;2025-03-20;5;1
0024;2025-03-15;Sábado;1;0;;Verão;2025.0;3.0;9;28.39;11;1.16;11;2025-03-20;5;1
0007;2025-03-15;Sábado;1;0;;Verão;2025.0;3.0;10;8.85;45;1.03;45;2025-03-25;10;1
0030;2025-03-18;Terça;2;0;;Verão;2025.0;3.0;5;12.9;59;2.09;59;2025-03-29;11;1
0050;2025-03-18;Terça;2;0;;Verão;2025.0;3.0;4;7.8;106;2.03;106;2025-04-08;21;0
0081;2025-03-18;Terça;1;0;;Verão;2025.0;3.0;18;17.92;47;1.02;47;2025-04-01;14;1
0010;2025-03-18;Terça;2;0;;Verão;2025.0;3.0;4;5.97;142;2.0;142;2025-03-20;2;1
0124;2025-03-18;Terça;2;0;;Verão;2025.0;3.0;60;54.38;7;2.0;7;2025-05-08;51;0
0005;2025-03-18;Terça;1;05/10;;Verão;2025.0;3.0;6;4.82;114;1.0;114;2025-03-21;3;1
0129;2025-03-18;Terça;1;2;;Verão;2025.0;3.0;4;4.33;189;1.06;189;2025-03-20;2;1
0069;2025-03-19;Quarta;1;0;;Verão;2025.0;3.0;51;15.65;10;1.05;10;2025-03-29;10;1
0071;2025-03-19;Quarta;1;0;;Verão;2025.0;3.0;0;;1;1.0;1;;0;0
0095;2025-03-19;Quarta;1;0;;Verão;2025.0;3.0;12;16.5;49;1.0;49;2025-03-27;8;1
0024;2025-03-20;Quinta;1;0;;Verão;2025.0;3.0;5;28.39;12;1.16;12;2025-03-31;11;1
0075;2025-03-20;Quinta;1;0;;Verão;2025.0;3.0;5;11.06;10;1.24;10;2025-03-27;7;1
0010;2025-03-20;Quinta;2;15;;Verão;2025.0;3.0;2;5.97;143;2.0;143;2025-04-02;13;1
0129;2025-03-20;Quinta;1;1;;Verão;2025.0;3.0;2;4.33;190;1.06;190;2025-03-24;4;1
0118;2025-03-20;Quinta;1;0;;Verão;2025.0;3.0;7;10.34;82;1.01;82;2025-03-28;8;1
0004;2025-03-20;Quinta;1;04/10;;Verão;2025.0;3.0;23;12.69;70;1.0;70;2025-04-15;26;0
0044;2025-03-20;Quinta;1;0;;Verão;2025.0;3.0;8;4.18;205;1.0;205;2025-03-28;8;1
0089;2025-03-20;Quinta;1;0;;Verão;2025.0;3.0;5;5.91;138;1.01;138;2025-03-28;8;1
0005;2025-03-21;Sexta;1;06/10;;Verão;2025.0;3.0;3;4.82;115;1.0;115;2025-03-26;5;1
0099;2025-03-21;Sexta;2;0;;Verão;2025.0;3.0;6;8.71;99;1.39;99;2025-03-29;8;1
0132;2025-03-24;Segunda;1;2;;Verão;2025.0;3.0;10;14.14;57;1.01;57;2025-04-02;9;1
0129;2025-03-24;Segunda;1;02/04;;Verão;2025.0;3.0;4;4.33;191;1.06;191;2025-03-29;5;1
0127;2025-03-24;Segunda;1;0;;Verão;2025.0;3.0;14;11.09;79;1.1;79;2025-04-03;10;1
0007;2025-03-25;Terça;1;0;;Verão;2025.0;3.0;10;8.85;46;1.03;46;2025-04-01;7;1
0076;2025-03-25;Terça;1;0;;Verão;2025.0;3.0;403;92.0;5;1.0;5;2025-05-06;42;0
0086;2025-03-25;Terça;1;0;;Verão;2025.0;3.0;57;23.03;31;1.0;31;2025-04-02;8;1
0033;2025-03-25;Terça;1;0;;Verão;2025.0;3.0;19;14.44;27;1.0;27;2025-04-14;20;0
0005;2025-03-26;Quarta;1;07/10;;Verão;2025.0;3.0;5;4.82;116;1.0;116;2025-03-28;2;1
0083;2025-03-26;Quarta;1;0;;Verão;2025.0;3.0;0;;1;1.0;1;;0;0
0075;2025-03-27;Quinta;1;0;;Verão;2025.0;3.0;7;11.06;11;1.24;11;2025-03-29;2;1
0097;2025-03-27;Quinta;2;0;;Verão;2025.0;3.0;98;10.3;86;2.05;86;2025-04-26;30;0
0038;2025-03-27;Quinta;1;0;;Verão;2025.0;3.0;72;18.62;5;1.14;5;2025-04-22;26;0
0095;2025-03-27;Quinta;1;0;;Verão;2025.0;3.0;8;16.5;50;1.0;50;2025-04-07;11;1
0118;2025-03-28;Sexta;1;0;;Verão;2025.0;3.0;8;10.34;83;1.01;83;2025-04-04;7;1
0044;2025-03-28;Sexta;1;0;;Verão;2025.0;3.0;8;4.18;206;1.0;206;2025-04-02;5;1
0072;2025-03-28;Sexta;2;0;;Verão;2025.0;3.0;14;16.1;23;1.52;23;2025-04-09;12;1
0089;2025-03-28;Sexta;1;0;;Verão;2025.0;3.0;8;5.91;139;1.01;139;2025-04-02;5;1
0120;2025-03-28;Sexta;2;02/05;;Verão;2025.0;3.0;29;14.07;62;1.93;62;2025-04-10;13;1
0005;2025-03-28;Sexta;1;08/10;;Verão;2025.0;3.0;2;4.82;117;1.0;117;2025-04-01;4;1
0069;2025-03-29;Sábado;1;0;;Verão;2025.0;3.0;10;15.65;11;1.05;11;2025-03-31;2;1
0075;2025-03-29;Sábado;1;0;;Verão;2025.0;3.0;2;11.06;12;1.24;12;2025-04-05;7;1
0099;2025-03-29;Sábado;2;0;;Verão;2025.0;3.0;8;8.71;100;1.39;100;2025-04-17;19;0
0078;2025-03-29;Sábado;2;0;;Verão;2025.0;3.0;17;20.63;38;2.0;38;2025-04-05;7;1
0129;2025-03-29;Sábado;1;02/02;;Verão;2025.0;3.0;5;4.33;192;1.06;192;2025-04-01;3;1
0030;2025-03-29;Sábado;2;0;;Verão;2025.0;3.0;11;12.9;60;2.09;60;2025-04-07;9;1
0061;2025-03-31;Segunda;2;0;;Verão;2025.0;3.0;18;10.91;76;1.93;76;2025-04-08;8;1
0069;2025-03-31;Segunda;1;0;;Verão;2025.0;3.0;2;15.65;12;1.05;12;2025-04-01;1;1
0024;2025-03-31;Segunda;1;0;;Verão;2025.0;3.0;11;28.39;13;1.16;13;2025-04-08;8;1
0007;2025-04-01;Terça;1;01/03;;Inverno;2025.0;4.0;7;8.85;47;1.03;47;2025-04-07;6;1
0081;2025-04-01;Terça;1;0;;Inverno;2025.0;4.0;14;17.92;48;1.02;48;2025-04-16;15;1
0129;2025-04-01;Terça;1;01/02;;Inverno;2025.0;4.0;3;4.33;193;1.06;193;2025-04-04;3;1
0069;2025-04-01;Terça;1;0;;Inverno;2025.0;4.0;1;15.65;13;1.05;13;2025-04-02;1;1
0005;2025-04-01;Terça;1;11;;Inverno;2025.0;4.0;4;4.82;118;1.0;118;2025-04-04;3;1
0044;2025-04-02;Quarta;1;0;;Inverno;2025.0;4.0;5;4.18;207;1.0;207;2025-04-04;2;1
0010;2025-04-02;Quarta;2;15;;Inverno;2025.0;4.0;13;5.97;144;2.0;144;2025-04-09;7;1
0069;2025-04-02;Quarta;1;0;;Inverno;2025.0;4.0;1;15.65;14;1.05;14;2025-04-07;5;1
0132;2025-04-02;Quarta;1;1;;Inverno;2025.0;4.0;9;14.14;58;1.01;58;2025-04-05;3;1
0089;2025-04-02;Quarta;1;0;;Inverno;2025.0;4.0;5;5.91;140;1.01;140;2025-04-08;6;1
0086;2025-04-02;Quarta;1;0;;Inverno;2025.0;4.0;8;23.03;32;1.0;32;;0;0
0127;2025-04-03;Quinta;1;0;;Inverno;2025.0;4.0;10;11.09;80;1.1;80;2025-04-22;19;0
0068;2025-04-03;Quinta;2;0;;Inverno;2025.0;4.0;0;;1;2.0;1;;0;0
0015;2025-04-03;Quinta;1;0;;Inverno;2025.0;4.0;24;12.0;14;1.0;14;2025-04-08;5;1
0118;2025-04-04;Sexta;1;0;;Inverno;2025.0;4.0;7;10.34;84;1.01;84;2025-04-30;26;0
0129;2025-04-04;Sexta;1;2;;Inverno;2025.0;4.0;3;4.33;194;1.06;194;2025-04-07;3;1
0044;2025-04-04;Sexta;1;0;;Inverno;2025.0;4.0;2;4.18;208;1.0;208;2025-04-10;6;1
0005;2025-04-04;Sexta;1;10;;Inverno;2025.0;4.0;3;4.82;119;1.0;119;2025-04-08;4;1
0078;2025-04-05;Sábado;2;0;;Inverno;2025.0;4.0;7;20.63;39;2.0;39;2025-04-17;12;1
0075;2025-04-05;Sábado;1;0;;Inverno;2025.0;4.0;7;11.06;13;1.24;13;2025-04-08;3;1
0132;2025-04-05;Sábado;1;1;;Inverno;2025.0;4.0;3;14.14;59;1.01;59;2025-04-14;9;1
0069;2025-04-07;Segunda;1;0;;Inverno;2025.0;4.0;5;15.65;15;1.05;15;2025-04-16;9;1
0007;2025-04-07;Segunda;1;02/03;;Inverno;2025.0;4.0;6;8.85;48;1.03;48;2025-04-25;18;0
0129;2025-04-07;Segunda;1;1;;Inverno;2025.0;4.0;3;4.33;195;1.06;195;2025-04-10;3;1
0025;2025-04-07;Segunda;1;0;;Inverno;2025.0;4.0;24;9.58;90;1.02;90;2025-04-17;10;1
0095;2025-04-07;Segunda;1;0;;Inverno;2025.0;4.0;11;16.5;51;1.0;51;2025-04-17;10;1
0030;2025-04-07;Segunda;2;0;;Inverno;2025.0;4.0;9;12.9;61;2.09;61;2025-04-11;4;1
0075;2025-04-08;Terça;1;0;;Inverno;2025.0;4.0;3;11.06;14;1.24;14;2025-04-11;3;1
0024;2025-04-08;Terça;2;0;;Inverno;2025.0;4.0;8;28.39;14;1.16;14;2025-04-17;9;1
0015;2025-04-08;Terça;1;0;;Inverno;2025.0;4.0;5;12.0;15;1.0;15;2025-04-28;20;0
0050;2025-04-08;Terça;2;0;;Inverno;2025.0;4.0;21;7.8;107;2.03;107;2025-04-14;6;1
0027;2025-04-08;Terça;2;0;;Inverno;2025.0;4.0;0;32.0;1;1.5;1;2025-05-10;32;0
0005;2025-04-08;Terça;1;01/10;;Inverno;2025.0;4.0;4;4.82;120;1.0;120;2025-04-15;7;1
0061;2025-04-08;Terça;1;0;;Inverno;2025.0;4.0;8;10.91;77;1.93;77;2025-04-17;9;1
0089;2025-04-08;Terça;1;0;;Inverno;2025.0;4.0;6;5.91;141;1.01;141;;0;0
0072;2025-04-09;Quarta;2;0;;Inverno;2025.0;4.0;12;16.1;24;1.52;24;2025-04-22;13;1
0021;2025-04-09;Quarta;1;0;;Inverno;2025.0;4.0;29;16.35;51;1.66;51;2025-04-17;8;1
0010;2025-04-09;Quarta;2;05/10;;Inverno;2025.0;4.0;7;5.97;145;2.0;145;2025-04-14;5;1
0017;2025-04-10;Quinta;1;0;;Inverno;2025.0;4.0;0;10.5;1;1.33;1;2025-04-23;13;1
0044;2025-04-10;Quinta;1;0;;Inverno;2025.0;4.0;6;4.18;209;1.0;209;2025-04-29;19;0
0052;2025-04-10;Quinta;1;0;;Inverno;2025.0;4.0;41;18.67;2;1.0;2;2025-04-23;13;1
0129;2025-04-10;Quinta;1;2;;Inverno;2025.0;4.0;3;4.33;196;1.06;196;2025-04-14;4;1
0120;2025-04-10;Quinta;2;0;;Inverno;2025.0;4.0;13;14.07;63;1.93;63;2025-05-07;27;0
0075;2025-04-11;Sexta;1;0;;Inverno;2025.0;4.0;3;11.06;15;1.24;15;2025-04-14;3;1
0119;2025-04-11;Sexta;1;0;;Inverno;2025.0;4.0;49;15.0;5;1.0;5;;0;0
0030;2025-04-11;Sexta;2;0;;Inverno;2025.0;4.0;4;12.9;62;2.09;62;2025-05-02;21;0
0014;2025-04-11;Sexta;2;0;;Inverno;2025.0;4.0;114;66.71;6;1.25;6;2025-05-27;46;0
0010;2025-04-14;Segunda;2;07/15;;Inverno;2025.0;4.0;5;5.97;146;2.0;146;2025-04-16;2;1
0075;2025-04-14;Segunda;1;0;;Inverno;2025.0;4.0;3;11.06;16;1.24;16;2025-04-17;3;1
0132;2025-04-14;Segunda;2;0;;Inverno;2025.0;4.0;9;14.14;60;1.01;60;2025-04-28;14;1
0129;2025-04-14;Segunda;1;1;;Inverno;2025.0;4.0;4;4.33;197;1.06;197;2025-04-17;3;1
0050;2025-04-14;Segunda;2;0;;Inverno;2025.0;4.0;6;7.8;108;2.03;108;2025-04-25;11;1
0033;2025-04-14;Segunda;1;0;;Inverno;2025.0;4.0;20;14.44;28;1.0;28;2025-04-25;11;1
0004;2025-04-15;Terça;1;05/10;;Inverno;2025.0;4.0;26;12.69;71;1.0;71;2025-05-08;23;0
0023;2025-04-15;Terça;1;0;;Inverno;2025.0;4.0;34;38.88;19;1.0;19;2025-04-25;10;1
0005;2025-04-15;Terça;1;03/10;;Inverno;2025.0;4.0;7;4.82;121;1.0;121;2025-04-22;7;1
0069;2025-04-16;Quarta;1;0;;Inverno;2025.0;4.0;9;15.65;16;1.05;16;2025-04-17;1;1
0010;2025-04-16;Quarta;2;10/15;;Inverno;2025.0;4.0;2;5.97;147;2.0;147;2025-04-25;9;1
0081;2025-04-16;Quarta;1;0;;Inverno;2025.0;4.0;15;17.92;49;1.02;49;2025-05-02;16;0
0024;2025-04-17;Quinta;2;0;;Inverno;2025.0;4.0;9;28.39;15;1.16;15;2025-04-30;13;1
0075;2025-04-17;Quinta;2;0;;Inverno;2025.0;4.0;3;11.06;17;1.24;17;2025-04-23;6;1
0095;2025-04-17;Quinta;1;0;;Inverno;2025.0;4.0;10;16.5;52;1.0;52;2025-04-28;11;1
0099;2025-04-17;Quinta;2;0;;Inverno;2025.0;4.0;19;8.71;101;1.39;101;2025-05-02;15;1
0025;2025-04-17;Quinta;1;0;;Inverno;2025.0;4.0;10;9.58;91;1.02;91;2025-04-25;8;1
0078;2025-04-17;Quinta;2;0;;Inverno;2025.0;4.0;12;20.63;40;2.0;40;2025-05-01;14;1
0129;2025-04-17;Quinta;1;0;;Inverno;2025.0;4.0;3;4.33;198;1.06;198;2025-04-22;5;1
0069;2025-04-17;Quinta;1;0;;Inverno;2025.0;4.0;1;15.65;17;1.05;17;2025-04-23;6;1
0021;2025-04-17;Quinta;1;0;;Inverno;2025.0;4.0;8;16.35;52;1.66;52;2025-04-26;9;1
0061;2025-04-17;Quinta;2;0;;Inverno;2025.0;4.0;9;10.91;78;1.93;78;2025-04-30;13;1
0134;2025-04-22;Terça;1;0;;Inverno;2025.0;4.0;39;23.15;28;2.05;28;2025-05-01;9;1
0129;2025-04-22;Terça;1;1;;Inverno;2025.0;4.0;5;4.33;199;1.06;199;2025-04-26;4;1
0072;2025-04-22;Terça;2;0;;Inverno;2025.0;4.0;13;16.1;25;1.52;25;2025-05-09;17;0
0049;2025-04-22;Terça;1;0;;Inverno;2025.0;4.0;40;23.72;33;1.0;33;;0;0
0127;2025-04-22;Terça;1;0;;Inverno;2025.0;4.0;19;11.09;81;1.1;81;2025-05-26;34;0
0038;2025-04-22;Terça;1;0;;Inverno;2025.0;4.0;26;18.62;6;1.14;6;2025-04-26;4;1
0005;2025-04-22;Terça;1;0;;Inverno;2025.0;4.0;7;4.82;122;1.0;122;2025-04-24;2;1
0052;2025-04-23;Quarta;1;0;;Inverno;2025.0;4.0;13;18.67;3;1.0;3;2025-04-25;2;1
0017;2025-04-23;Quarta;2;0;;Inverno;2025.0;4.0;13;10.5;2;1.33;2;2025-05-01;8;1
0069;2025-04-23;Quarta;1;0;;Inverno;2025.0;4.0;6;15.65;18;1.05;18;2025-06-09;47;0
0075;2025-04-23;Quarta;1;0;;Inverno;2025.0;4.0;6;11.06;18;1.24;18;2025-04-26;3;1
0005;2025-04-24;Quinta;1;05/10;;Inverno;2025.0;4.0;2;4.82;123;1.0;123;2025-04-28;4;1
0023;2025-04-25;Sexta;1;0;;Inverno;2025.0;4.0;10;38.88;20;1.0;20;2025-05-06;11;1
0033;2025-04-25;Sexta;1;0;;Inverno;2025.0;4.0;11;14.44;29;1.0;29;2025-05-06;11;1
0052;2025-04-25;Sexta;1;0;;Inverno;2025.0;4.0;2;18.67;4;1.0;4;;0;0
0050;2025-04-25;Sexta;2;0;;Inverno;2025.0;4.0;11;7.8;109;2.03;109;2025-04-30;5;1
0010;2025-04-25;Sexta;2;15;;Inverno;2025.0;4.0;9;5.97;148;2.0;148;2025-05-07;12;1
0007;2025-04-25;Sexta;2;0;;Inverno;2025.0;4.0;18;8.85;49;1.03;49;2025-05-02;7;1
0025;2025-04-25;Sexta;1;0;;Inverno;2025.0;4.0;8;9.58;92;1.02;92;2025-05-26;31;0
0082;2025-04-26;Sábado;1;0;;Inverno;2025.0;4.0;324;165.6;6;1.0;6;;0;0
0075;2025-04-26;Sábado;1;0;;Inverno;2025.0;4.0;3;11.06;19;1.24;19;2025-04-30;4;1
0097;2025-04-26;Sábado;1;0;;Inverno;2025.0;4.0;30;10.3;87;2.05;87;2025-06-18;53;0
0129;2025-04-26;Sábado;1;2;;Inverno;2025.0;4.0;4;4.33;200;1.06;200;2025-04-29;3;1
0038;2025-04-26;Sábado;1;0;;Inverno;2025.0;4.0;4;18.62;7;1.14;7;2025-05-06;10;1
0021;2025-04-26;Sábado;2;0;;Inverno;2025.0;4.0;9;16.35;53;1.66;53;2025-05-10;14;1
0132;2025-04-28;Segunda;1;2;;Inverno;2025.0;4.0;14;14.14;61;1.01;61;2025-05-13;15;1
0095;2025-04-28;Segunda;1;0;;Inverno;2025.0;4.0;11;16.5;53;1.0;53;2025-06-10;43;0
0015;2025-04-28;Segunda;1;0;;Inverno;2025.0;4.0;20;12.0;16;1.0;16;2025-05-07;9;1
0005;2025-04-28;Segunda;1;06/10;;Inverno;2025.0;4.0;4;4.82;124;1.0;124;2025-05-02;4;1
0129;2025-04-29;Terça;1;1;;Inverno;2025.0;4.0;3;4.33;201;1.06;201;2025-05-02;3;1
0044;2025-04-29;Terça;1;0;;Inverno;2025.0;4.0;19;4.18;210;1.0;210;2025-05-02;3;1
0061;2025-04-30;Quarta;2;0;;Inverno;2025.0;4.0;13;10.91;79;1.93;79;2025-05-12;12;1
0050;2025-04-30;Quarta;2;0;;Inverno;2025.0;4.0;5;7.8;110;2.03;110;2025-05-12;12;1
0118;2025-04-30;Quarta;1;0;;Inverno;2025.0;4.0;26;10.34;85;1.01;85;2025-05-09;9;1
0075;2025-04-30;Quarta;1;0;;Inverno;2025.0;4.0;4;11.06;20;1.24;20;2025-05-16;16;0
0024;2025-04-30;Quarta;1;0;;Inverno;2025.0;4.0;13;28.39;16;1.16;16;2025-05-14;14;1
0078;2025-05-01;Quinta;2;0;;Inverno;2025.0;5.0;14;20.63;41;2.0;41;2025-05-06;5;1
0017;2025-05-01;Quinta;1;0;;Inverno;2025.0;5.0;8;10.5;3;1.33;3;;0;0
0134;2025-05-01;Quinta;1;0;;Inverno;2025.0;5.0;9;23.15;29;2.05;29;2025-05-12;11;1
0007;2025-05-02;Sexta;1;0;;Inverno;2025.0;5.0;7;8.85;50;1.03;50;2025-05-08;6;1
0044;2025-05-02;Sexta;1;0;;Inverno;2025.0;5.0;3;4.18;211;1.0;211;2025-05-05;3;1
0005;2025-05-02;Sexta;1;07/10;;Inverno;2025.0;5.0;4;4.82;125;1.0;125;2025-05-06;4;1
0045;2025-05-02;Sexta;1;0;;Inverno;2025.0;5.0;49;32.25;19;1.0;19;2025-07-04;63;0
0030;2025-05-02;Sexta;2;0;;Inverno;2025.0;5.0;21;12.9;63;2.09;63;2025-05-10;8;1
0081;2025-05-02;Sexta;1;0;;Inverno;2025.0;5.0;16;17.92;50;1.02;50;2025-05-19;17;0
0099;2025-05-02;Sexta;2;0;;Inverno;2025.0;5.0;15;8.71;102;1.39;102;2025-06-07;36;0
0129;2025-05-02;Sexta;1;2;;Inverno;2025.0;5.0;3;4.33;202;1.06;202;2025-05-06;4;1
0044;2025-05-05;Segunda;1;0;;Inverno;2025.0;5.0;3;4.18;212;1.0;212;2025-05-08;3;1
0038;2025-05-06;Terça;1;0;;Inverno;2025.0;5.0;10;18.62;8;1.14;8;2025-05-19;13;1
0033;2025-05-06;Terça;1;0;;Inverno;2025.0;5.0;11;14.44;30;1.0;30;2025-05-30;24;0
0034;2025-05-06;Terça;1;0;;Inverno;2025.0;5.0;0;;1;1.0;1;;0;0
0078;2025-05-06;Terça;2;0;;Inverno;2025.0;5.0;5;20.63;42;2.0;42;2025-05-28;22;0
0005;2025-05-06;Terça;1;08/10;;Inverno;2025.0;5.0;4;4.82;126;1.0;126;2025-05-09;3;1
0076;2025-05-06;Terça;1;0;;Inverno;2025.0;5.0;42;92.0;6;1.0;6;;0;0
0023;2025-05-06;Terça;1;0;;Inverno;2025.0;5.0;11;38.88;21;1.0;21;2025-05-16;10;1
0129;2025-05-06;Terça;1;1;;Inverno;2025.0;5.0;4;4.33;203;1.06;203;2025-05-15;9;1
0010;2025-05-07;Quarta;2;04/15;;Inverno;2025.0;5.0;12;5.97;149;2.0;149;2025-05-09;2;1
0015;2025-05-07;Quarta;1;0;;Inverno;2025.0;5.0;9;12.0;17;1.0;17;2025-05-15;8;1
0120;2025-05-07;Quarta;2;0;;Inverno;2025.0;5.0;27;14.07;64;1.93;64;2025-06-09;33;0
0007;2025-05-08;Quinta;1;0;;Inverno;2025.0;5.0;6;8.85;51;1.03;51;2025-05-13;5;1
0124;2025-05-08;Quinta;2;0;;Inverno;2025.0;5.0;51;54.38;8;2.0;8;2025-07-02;55;0
0044;2025-05-08;Quinta;1;0;;Inverno;2025.0;5.0;3;4.18;213;1.0;213;2025-05-12;4;1
0004;2025-05-08;Quinta;1;06/10;;Inverno;2025.0;5.0;23;12.69;72;1.0;72;2025-06-04;27;0
0005;2025-05-09;Sexta;1;10;;Inverno;2025.0;5.0;3;4.82;127;1.0;127;2025-05-13;4;1
0010;2025-05-09;Sexta;1;0;;Inverno;2025.0;5.0;2;5.97;150;2.0;150;2025-05-19;10;1
0118;2025-05-09;Sexta;1;0;;Inverno;2025.0;5.0;9;10.34;86;1.01;86;2025-05-19;10;1
0072;2025-05-09;Sexta;2;0;;Inverno;2025.0;5.0;17;16.1;26;1.52;26;2025-05-28;19;0
0030;2025-05-10;Sábado;2;0;;Inverno;2025.0;5.0;8;12.9;64;2.09;64;2025-05-26;16;0
0027;2025-05-10;Sábado;1;0;;Inverno;2025.0;5.0;32;32.0;2;1.5;2;;0;0
0021;2025-05-10;Sábado;2;0;;Inverno;2025.0;5.0;14;16.35;54;1.66;54;2025-06-21;42;0
0061;2025-05-12;Segunda;2;0;;Inverno;2025.0;5.0;12;10.91;80;1.93;80;2025-06-04;23;0
0134;2025-05-12;Segunda;1;0;;Inverno;2025.0;5.0;11;23.15;30;2.05;30;2025-05-16;4;1
0050;2025-05-12;Segunda;2;0;;Inverno;2025.0;5.0;12;7.8;111;2.03;111;2025-05-19;7;1
0044;2025-05-12;Segunda;1;0;;Inverno;2025.0;5.0;4;4.18;214;1.0;214;2025-05-17;5;1
0132;2025-05-13;Terça;1;1;;Inverno;2025.0;5.0;15;14.14;62;1.01;62;2025-05-28;15;1
0007;2025-05-13;Terça;1;0;;Inverno;2025.0;5.0;5;8.85;52;1.03;52;2025-05-20;7;1
0005;2025-05-13;Terça;1;01/10;;Inverno;2025.0;5.0;4;4.82;128;1.0;128;2025-05-26;13;1
0024;2025-05-14;Quarta;2;0;;Inverno;2025.0;5.0;14;28.39;17;1.16;17;2025-06-09;26;0
0129;2025-05-15;Quinta;1;1;;Inverno;2025.0;5.0;9;4.33;204;1.06;204;2025-05-19;4;1
0015;2025-05-15;Quinta;1;0;;Inverno;2025.0;5.0;8;12.0;18;1.0;18;2025-06-07;23;0
0023;2025-05-16;Sexta;1;0;;Inverno;2025.0;5.0;10;38.88;22;1.0;22;2025-05-16;0;1
0134;2025-05-16;Sexta;1;0;;Inverno;2025.0;5.0;4;23.15;31;2.05;31;2025-05-21;5;1
0023;2025-05-16;Sexta;1;0;;Inverno;2025.0;5.0;0;38.88;23;1.0;23;2025-07-09;54;0
0036;2025-05-16;Sexta;1;0;1 vaso;Inverno;2025.0;5.0;0;14.83;1;1.0;1;2025-05-27;11;1
0075;2025-05-16;Sexta;1;0;;Inverno;2025.0;5.0;16;11.06;21;1.24;21;2025-05-17;1;1
0075;2025-05-17;Sábado;1;0;;Inverno;2025.0;5.0;1;11.06;22;1.24;22;2025-05-21;4;1
0044;2025-05-17;Sábado;1;0;;Inverno;2025.0;5.0;5;4.18;215;1.0;215;2025-05-26;9;1
0050;2025-05-19;Segunda;2;0;;Inverno;2025.0;5.0;7;7.8;112;2.03;112;2025-05-26;7;1
0081;2025-05-19;Segunda;1;0;;Inverno;2025.0;5.0;17;17.92;51;1.02;51;2025-06-02;14;1
0118;2025-05-19;Segunda;1;0;;Inverno;2025.0;5.0;10;10.34;87;1.01;87;2025-05-28;9;1
0038;2025-05-19;Segunda;1;0;;Inverno;2025.0;5.0;13;18.62;9;1.14;9;2025-05-30;11;1
0129;2025-05-19;Segunda;1;2;;Inverno;2025.0;5.0;4;4.33;205;1.06;205;2025-05-22;3;1
0010;2025-05-19;Segunda;1;0;;Inverno;2025.0;5.0;10;5.97;151;2.0;151;2025-05-27;8;1
0007;2025-05-20;Terça;1;0;;Inverno;2025.0;5.0;7;8.85;53;1.03;53;2025-05-26;6;1
0134;2025-05-21;Quarta;1;0;;Inverno;2025.0;5.0;5;23.15;32;2.05;32;2025-06-02;12;1
0075;2025-05-21;Quarta;1;0;;Inverno;2025.0;5.0;4;11.06;23;1.24;23;2025-05-30;9;1
0129;2025-05-22;Quinta;1;1;;Inverno;2025.0;5.0;3;4.33;206;1.06;206;2025-05-27;5;1
0101;2025-05-22;Quinta;1;0;;Inverno;2025.0;5.0;0;;1;1.0;1;;0;0
0025;2025-05-26;Segunda;1;0;;Inverno;2025.0;5.0;31;9.58;93;1.02;93;2025-06-07;12;1
0050;2025-05-26;Segunda;2;0;;Inverno;2025.0;5.0;7;7.8;113;2.03;113;2025-05-30;4;1
0030;2025-05-26;Segunda;3;0;;Inverno;2025.0;5.0;16;12.9;65;2.09;65;2025-06-07;12;1
0127;2025-05-26;Segunda;1;0;;Inverno;2025.0;5.0;34;11.09;82;1.1;82;2025-07-01;36;0
0007;2025-05-26;Segunda;1;0;;Inverno;2025.0;5.0;6;8.85;54;1.03;54;2025-06-04;9;1
0005;2025-05-26;Segunda;1;04/10;;Inverno;2025.0;5.0;13;4.82;129;1.0;129;2025-05-28;2;1
0044;2025-05-26;Segunda;1;0;;Inverno;2025.0;5.0;9;4.18;216;1.0;216;2025-05-30;4;1
0010;2025-05-27;Terça;2;10/15;;Inverno;2025.0;5.0;8;5.97;152;2.0;152;2025-05-29;2;1
0036;2025-05-27;Terça;1;0;;Inverno;2025.0;5.0;11;14.83;2;1.0;2;2025-06-04;8;1
0014;2025-05-27;Terça;1;0;;Inverno;2025.0;5.0;46;66.71;7;1.25;7;2025-06-10;14;1
0129;2025-05-27;Terça;1;2;;Inverno;2025.0;5.0;5;4.33;207;1.06;207;2025-06-11;15;1
0132;2025-05-28;Quarta;1;2;;Inverno;2025.0;5.0;15;14.14;63;1.01;63;2025-06-12;15;1
0118;2025-05-28;Quarta;1;0;;Inverno;2025.0;5.0;9;10.34;88;1.01;88;2025-06-11;14;1
0072;2025-05-28;Quarta;2;0;;Inverno;2025.0;5.0;19;16.1;27;1.52;27;2025-06-18;21;0
0078;2025-05-28;Quarta;2;0;;Inverno;2025.0;5.0;22;20.63;43;2.0;43;2025-07-20;53;0
0005;2025-05-28;Quarta;1;05/10;;Inverno;2025.0;5.0;2;4.82;130;1.0;130;2025-06-02;5;1
0010;2025-05-29;Quinta;2;15;;Inverno;2025.0;5.0;2;5.97;153;2.0;153;2025-06-09;11;1
0033;2025-05-30;Sexta;1;0;;Inverno;2025.0;5.0;24;14.44;31;1.0;31;2025-06-11;12;1
0044;2025-05-30;Sexta;1;0;;Inverno;2025.0;5.0;4;4.18;217;1.0;217;2025-06-04;5;1
0050;2025-05-30;Sexta;2;0;;Inverno;2025.0;5.0;4;7.8;114;2.03;114;2025-06-07;8;1
0038;2025-05-30;Sexta;1;0;;Inverno;2025.0;5.0;11;18.62;10;1.14;10;2025-07-01;32;0
0075;2025-05-30;Sexta;1;0;;Inverno;2025.0;5.0;9;11.06;24;1.24;24;2025-06-02;3;1
0134;2025-06-02;Segunda;1;0;;Inverno;2025.0;6.0;12;23.15;33;2.05;33;2025-06-12;10;1
0081;2025-06-02;Segunda;1;0;;Inverno;2025.0;6.0;14;17.92;52;1.02;52;2025-07-28;56;0
0005;2025-06-02;Segunda;1;06/10;;Inverno;2025.0;6.0;5;4.82;131;1.0;131;2025-06-05;3;1
0075;2025-06-02;Segunda;1;0;;Inverno;2025.0;6.0;3;11.06;25;1.24;25;2025-06-09;7;1
0007;2025-06-04;Terça;1;0;;Inverno;2025.0;6.0;9;8.85;55;1.03;55;2025-06-11;7;1
0004;2025-06-04;Terça;1;07/10;;Inverno;2025.0;6.0;27;12.69;73;1.0;73;2025-06-27;23;0
0044;2025-06-04;Terça;1;0;;Inverno;2025.0;6.0;5;4.18;218;1.0;218;2025-06-09;5;1
0036;2025-06-04;Quarta;1;0;;Inverno;2025.0;6.0;8;14.83;3;1.0;3;2025-06-13;9;1
0061;2025-06-04;Quarta;2;0;;Inverno;2025.0;6.0;23;10.91;81;1.93;81;2025-06-06;2;1
0005;2025-06-05;Quinta;1;07/10;;Inverno;2025.0;6.0;3;4.82;132;1.0;132;2025-06-09;4;1
0061;2025-06-06;Sexta;2;0;;Inverno;2025.0;6.0;2;10.91;82;1.93;82;2025-06-10;4;1
0050;2025-06-07;Sábado;2;0;;Inverno;2025.0;6.0;8;7.8;115;2.03;115;2025-06-12;5;1
0030;2025-06-07;Sábado;2;0;;Inverno;2025.0;6.0;12;12.9;66;2.09;66;2025-06-21;14;1
0099;2025-06-07;Sábado;1;0;;Inverno;2025.0;6.0;36;8.71;103;1.39;103;2025-06-17;10;1
0015;2025-06-07;Sábado;1;0;;Inverno;2025.0;6.0;23;12.0;19;1.0;19;2025-06-16;9;1
0025;2025-06-07;Sábado;1;0;;Inverno;2025.0;6.0;12;9.58;94;1.02;94;2025-06-20;13;1
0069;2025-06-09;Segunda;1;0;;Inverno;2025.0;6.0;47;15.65;19;1.05;19;2025-07-04;25;0
0120;2025-06-09;Segunda;2;0;;Inverno;2025.0;6.0;33;14.07;65;1.93;65;2025-06-23;14;1
0024;2025-06-09;Segunda;1;0;;Inverno;2025.0;6.0;26;28.39;18;1.16;18;2025-08-20;72;0
0044;2025-06-09;Segunda;1;0;;Inverno;2025.0;6.0;5;4.18;219;1.0;219;2025-06-11;2;1
0010;2025-06-09;Segunda;2;02/15;;Inverno;2025.0;6.0;11;5.97;154;2.0;154;2025-06-25;16;0
0005;2025-06-09;Segunda;1;08/10;;Inverno;2025.0;6.0;4;4.82;133;1.0;133;2025-06-12;3;1
0075;2025-06-09;Segunda;1;0;;Inverno;2025.0;6.0;7;11.06;26;1.24;26;2025-06-20;11;1
0061;2025-06-10;Terça;2;0;;Inverno;2025.0;6.0;4;10.91;83;1.93;83;2025-06-23;13;1
0014;2025-06-10;Terça;1;0;;Inverno;2025.0;6.0;14;66.71;8;1.25;8;;0;0
0095;2025-06-10;Terça;1;0;;Inverno;2025.0;6.0;43;16.5;54;1.0;54;2025-06-18;8;1
0129;2025-06-11;Quarta;1;2;;Inverno;2025.0;6.0;15;4.33;208;1.06;208;2025-06-16;5;1
0033;2025-06-11;Quarta;1;0;;Inverno;2025.0;6.0;12;14.44;32;1.0;32;2025-07-17;36;0
0118;2025-06-11;Quarta;1;0;;Inverno;2025.0;6.0;14;10.34;89;1.01;89;2025-07-09;28;0
0007;2025-06-11;Quarta;1;0;;Inverno;2025.0;6.0;7;8.85;56;1.03;56;2025-07-09;28;0
0067;2025-06-11;Quarta;1;0;;Inverno;2025.0;6.0;0;;1;1.0;1;;0;0
0044;2025-06-11;Quarta;1;0;;Inverno;2025.0;6.0;2;4.18;220;1.0;220;2025-06-17;6;1
0132;2025-06-12;Quinta;1;2;;Inverno;2025.0;6.0;15;14.14;64;1.01;64;2025-07-02;20;0
0005;2025-06-12;Quinta;1;11;;Inverno;2025.0;6.0;3;4.82;134;1.0;134;2025-06-17;5;1
0134;2025-06-12;Quinta;1;0;;Inverno;2025.0;6.0;10;23.15;34;2.05;34;2025-06-18;6;1
0050;2025-06-12;Quinta;2;0;;Inverno;2025.0;6.0;5;7.8;116;2.03;116;2025-06-23;11;1
0036;2025-06-13;Sexta;1;0;;Inverno;2025.0;6.0;9;14.83;4;1.0;4;2025-07-17;34;0
0129;2025-06-16;Segunda;1;1;;Inverno;2025.0;6.0;5;4.33;209;1.06;209;2025-06-18;2;1
0117;2025-06-16;Segunda;2;0;;Inverno;2025.0;6.0;0;15.0;1;1.5;1;2025-07-01;15;1
0103;2025-06-16;Segunda;1;0;;Inverno;2025.0;6.0;0;;1;1.0;1;;0;0
0015;2025-06-16;Segunda;1;0;;Inverno;2025.0;6.0;9;12.0;20;1.0;20;2025-06-27;11;1
0005;2025-06-17;Terça;1;10;;Inverno;2025.0;6.0;5;4.82;135;1.0;135;2025-06-20;3;1
0044;2025-06-17;Terça;1;0;;Inverno;2025.0;6.0;6;4.18;221;1.0;221;2025-06-18;1;1
0060;2025-06-17;Terça;2;0;;Inverno;2025.0;6.0;98;98.0;2;1.5;2;;0;0
0099;2025-06-17;Terça;2;0;;Inverno;2025.0;6.0;10;8.71;104;1.39;104;2025-06-18;1;1
0134;2025-06-18;Quarta;1;0;;Inverno;2025.0;6.0;6;23.15;35;2.05;35;2025-06-23;5;1
0072;2025-06-18;Quarta;2;0;;Inverno;2025.0;6.0;21;16.1;28;1.52;28;2025-07-03;15;1
0044;2025-06-18;Quarta;1;0;;Inverno;2025.0;6.0;1;4.18;222;1.0;222;2025-07-04;16;0
0099;2025-06-18;Quarta;2;0;;Inverno;2025.0;6.0;1;8.71;105;1.39;105;2025-07-02;14;1
0129;2025-06-18;Quarta;2;2;;Inverno;2025.0;6.0;2;4.33;210;1.06;210;2025-06-23;5;1
0095;2025-06-18;Quarta;1;0;;Inverno;2025.0;6.0;8;16.5;55;1.0;55;2025-07-01;13;1
0097;2025-06-18;Quarta;1;0;;Inverno;2025.0;6.0;53;10.3;88;2.05;88;;0;0
0025;2025-06-20;Sexta;1;0;;Inverno;2025.0;6.0;13;9.58;95;1.02;95;2025-06-21;1;1
0075;2025-06-20;Sexta;1;0;;Inverno;2025.0;6.0;11;11.06;27;1.24;27;2025-06-25;5;1
0005;2025-06-20;Sexta;1;01/10;;Inverno;2025.0;6.0;3;4.82;136;1.0;136;2025-06-25;5;1
0025;2025-06-21;Sábado;1;0;;Inverno;2025.0;6.0;1;9.58;96;1.02;96;2025-07-01;10;1
0021;2025-06-21;Sábado;1;0;;Inverno;2025.0;6.0;42;16.35;55;1.66;55;2025-07-04;13;1
0030;2025-06-21;Sábado;2;0;;Inverno;2025.0;6.0;14;12.9;67;2.09;67;2025-07-20;29;0
0120;2025-06-23;Segunda;2;0;;Inverno;2025.0;6.0;14;14.07;66;1.93;66;2025-07-14;21;0
0134;2025-06-23;Segunda;1;0;;Inverno;2025.0;6.0;5;23.15;36;2.05;36;2025-07-01;8;1
0050;2025-06-23;Segunda;2;0;;Inverno;2025.0;6.0;11;7.8;117;2.03;117;2025-07-01;8;1
0129;2025-06-23;Segunda;1;1;;Inverno;2025.0;6.0;5;4.33;211;1.06;211;2025-06-27;4;1
0061;2025-06-23;Segunda;1;0;;Inverno;2025.0;6.0;13;10.91;84;1.93;84;2025-07-01;8;1
0010;2025-06-25;Quarta;1;01/15;;Inverno;2025.0;6.0;16;5.97;155;2.0;155;2025-07-03;8;1
0075;2025-06-25;Quarta;1;0;;Inverno;2025.0;6.0;5;11.06;28;1.24;28;2025-07-04;9;1
0005;2025-06-25;Quarta;1;02/10;;Inverno;2025.0;6.0;5;4.82;137;1.0;137;2025-07-01;6;1
0015;2025-06-27;Sexta;1;0;;Inverno;2025.0;6.0;11;12.0;21;1.0;21;2025-07-17;20;0
0129;2025-06-27;Sexta;1;2;;Inverno;2025.0;6.0;4;4.33;212;1.06;212;2025-07-01;4;1
0004;2025-06-27;Sexta;1;08/10;;Inverno;2025.0;6.0;23;12.69;74;1.0;74;2025-07-22;25;0
0117;2025-07-01;Terça;1;0;;Inverno;2025.0;7.0;15;15.0;2;1.5;2;;0;0
0127;2025-07-01;Terça;1;0;;Inverno;2025.0;7.0;36;11.09;83;1.1;83;2025-07-14;13;1
0050;2025-07-01;Terça;2;0;;Inverno;2025.0;7.0;8;7.8;118;2.03;118;2025-07-14;13;1
0038;2025-07-01;Terça;2;0;;Inverno;2025.0;7.0;32;18.62;11;1.14;11;2025-07-17;16;0
0095;2025-07-01;Terça;1;0;;Inverno;2025.0;7.0;13;16.5;56;1.0;56;2025-07-17;16;0
0061;2025-07-01;Terça;2;0;;Inverno;2025.0;7.0;8;10.91;85;1.93;85;2025-07-16;15;1
0005;2025-07-01;Terça;1;03/10;;Inverno;2025.0;7.0;6;4.82;138;1.0;138;2025-07-04;3;1
0134;2025-07-01;Terça;1;0;;Inverno;2025.0;7.0;8;23.15;37;2.05;37;2025-07-18;17;0
0129;2025-07-01;Terça;1;1;;Inverno;2025.0;7.0;4;4.33;213;1.06;213;2025-07-09;8;1
0025;2025-07-01;Terça;1;0;;Inverno;2025.0;7.0;10;9.58;97;1.02;97;2025-07-22;21;0
0124;2025-07-02;Quarta;2;0;;Inverno;2025.0;7.0;55;54.38;9;2.0;9;;0;0
0132;2025-07-02;Quarta;1;0;;Inverno;2025.0;7.0;20;14.14;65;1.01;65;2025-07-24;22;0
0099;2025-07-02;Quarta;1;0;;Inverno;2025.0;7.0;14;8.71;106;1.39;106;2025-07-09;7;1
0072;2025-07-03;Quinta;2;0;;Inverno;2025.0;7.0;15;16.1;29;1.52;29;2025-07-20;17;0
0010;2025-07-03;Quinta;1;09/15;;Inverno;2025.0;7.0;8;5.97;156;2.0;156;2025-07-17;14;1
0005;2025-07-04;Sexta;1;04/10;;Inverno;2025.0;7.0;3;4.82;139;1.0;139;2025-07-09;5;1
0075;2025-07-04;Sexta;2;0;;Inverno;2025.0;7.0;9;11.06;29;1.24;29;2025-07-24;20;0
0044;2025-07-04;Sexta;1;0;;Inverno;2025.0;7.0;16;4.18;223;1.0;223;2025-07-14;10;1
0021;2025-07-04;Sexta;2;0;;Inverno;2025.0;7.0;13;16.35;56;1.66;56;2025-07-23;19;0
0069;2025-07-04;Sexta;1;0;;Inverno;2025.0;7.0;25;15.65;20;1.05;20;2025-07-14;10;1
0045;2025-07-04;Sexta;1;0;;Inverno;2025.0;7.0;63;32.25;20;1.0;20;2025-07-31;27;0
0007;2025-07-09;Quarta;1;0;;Inverno;2025.0;7.0;28;8.85;57;1.03;57;2025-07-17;8;1
0099;2025-07-09;Quarta;1;0;;Inverno;2025.0;7.0;7;8.71;107;1.39;107;2025-07-16;7;1
0037;2025-07-09;Quarta;1;0;;Inverno;2025.0;7.0;0;40.0;1;1.0;1;2025-08-18;40;0
0129;2025-07-09;Quarta;1;1;;Inverno;2025.0;7.0;8;4.33;214;1.06;214;2025-07-19;10;1
0023;2025-07-09;Quarta;1;0;;Inverno;2025.0;7.0;54;38.88;24;1.0;24;2025-08-16;38;0
0118;2025-07-09;Quarta;1;0;;Inverno;2025.0;7.0;28;10.34;90;1.01;90;2025-07-23;14;1
0005;2025-07-09;Quarta;1;05/10;;Inverno;2025.0;7.0;5;4.82;140;1.0;140;2025-07-18;9;1
0069;2025-07-14;Segunda;1;0;;Inverno;2025.0;7.0;10;15.65;21;1.05;21;;0;0
0050;2025-07-14;Segunda;2;0;;Inverno;2025.0;7.0;13;7.8;119;2.03;119;2025-07-20;6;1
0127;2025-07-14;Segunda;1;0;;Inverno;2025.0;7.0;13;11.09;84;1.1;84;2025-07-28;14;1
0120;2025-07-14;Segunda;2;0;;Inverno;2025.0;7.0;21;14.07;67;1.93;67;2025-07-29;15;1
0044;2025-07-14;Segunda;1;0;;Inverno;2025.0;7.0;10;4.18;224;1.0;224;2025-07-17;3;1
0061;2025-07-16;Terça;2;0;;Inverno;2025.0;7.0;15;10.91;86;1.93;86;2025-07-29;13;1
0099;2025-07-16;Terça;1;0;;Inverno;2025.0;7.0;7;8.71;108;1.39;108;2025-07-21;5;1
0007;2025-07-17;Quarta;1;0;;Inverno;2025.0;7.0;8;8.85;58;1.03;58;2025-07-23;6;1
0044;2025-07-17;Quarta;1;0;;Inverno;2025.0;7.0;3;4.18;225;1.0;225;2025-07-20;3;1
0038;2025-07-17;Quarta;2;0;;Inverno;2025.0;7.0;16;18.62;12;1.14;12;2025-07-21;4;1
0095;2025-07-17;Quarta;1;0;;Inverno;2025.0;7.0;16;16.5;57;1.0;57;;0;0
0015;2025-07-17;Quarta;1;0;;Inverno;2025.0;7.0;20;12.0;22;1.0;22;2025-07-23;6;1
0036;2025-07-17;Quarta;1;0;;Inverno;2025.0;7.0;34;14.83;5;1.0;5;2025-08-04;18;0
0033;2025-07-17;Quarta;1;0;;Inverno;2025.0;7.0;36;14.44;33;1.0;33;;0;0
0010;2025-07-17;Quarta;1;0;;Inverno;2025.0;7.0;14;5.97;157;2.0;157;2025-07-22;5;1
0134;2025-07-18;Quinta;1;0;;Inverno;2025.0;7.0;17;23.15;38;2.05;38;2025-07-22;4;1
0005;2025-07-18;Quinta;1;07/10;;Inverno;2025.0;7.0;9;4.82;141;1.0;141;2025-07-22;4;1
0129;2025-07-19;Sexta;1;1;;Inverno;2025.0;7.0;10;4.33;215;1.06;215;2025-07-21;2;1
0072;2025-07-20;Sábado;2;0;;Inverno;2025.0;7.0;17;16.1;30;1.52;30;2025-08-20;31;0
0050;2025-07-20;Sábado;2;0;;Inverno;2025.0;7.0;6;7.8;120;2.03;120;2025-07-31;11;1
0078;2025-07-20;Sábado;2;0;;Inverno;2025.0;7.0;53;20.63;44;2.0;44;2025-08-13;24;0
0030;2025-07-20;Sábado;2;0;;Inverno;2025.0;7.0;29;12.9;68;2.09;68;;0;0
0044;2025-07-20;Sábado;1;0;;Inverno;2025.0;7.0;3;4.18;226;1.0;226;2025-07-30;10;1
0129;2025-07-21;Segunda;1;2;;Inverno;2025.0;7.0;2;4.33;216;1.06;216;2025-07-24;3;1
0038;2025-07-21;Segunda;1;0;;Inverno;2025.0;7.0;4;18.62;13;1.14;13;2025-08-13;23;0
0099;2025-07-21;Segunda;1;0;;Inverno;2025.0;7.0;5;8.71;109;1.39;109;2025-08-08;18;0
0010;2025-07-22;Terça;2;15;;Inverno;2025.0;7.0;5;5.97;158;2.0;158;2025-08-08;17;0
0134;2025-07-22;Terça;1;0;;Inverno;2025.0;7.0;4;23.15;39;2.05;39;2025-07-29;7;1
0025;2025-07-22;Terça;1;0;;Inverno;2025.0;7.0;21;9.58;98;1.02;98;2025-08-16;25;0
0005;2025-07-22;Terça;1;08/10;;Inverno;2025.0;7.0;4;4.82;142;1.0;142;2025-07-29;7;1
0004;2025-07-22;Terça;1;08/10;;Inverno;2025.0;7.0;25;12.69;75;1.0;75;2025-08-13;22;0
0007;2025-07-23;Quarta;1;0;;Inverno;2025.0;7.0;6;8.85;59;1.03;59;2025-08-16;24;0
0015;2025-07-23;Quarta;1;0;;Inverno;2025.0;7.0;6;12.0;23;1.0;23;2025-07-31;8;1
0118;2025-07-23;Quarta;1;0;;Inverno;2025.0;7.0;14;10.34;91;1.01;91;2025-08-05;13;1
0021;2025-07-23;Quarta;1;0;;Inverno;2025.0;7.0;19;16.35;57;1.66;57;2025-08-05;13;1
0132;2025-07-24;Quinta;1;1;;Inverno;2025.0;7.0;22;14.14;66;1.01;66;2025-08-13;20;0
0075;2025-07-24;Quinta;1;0;;Inverno;2025.0;7.0;20;11.06;30;1.24;30;2025-07-29;5;1
0129;2025-07-24;Quinta;1;1;;Inverno;2025.0;7.0;3;4.33;217;1.06;217;2025-08-04;11;1
0127;2025-07-28;Segunda;1;0;;Inverno;2025.0;7.0;14;11.09;85;1.1;85;2025-08-11;14;1
0081;2025-07-28;Segunda;1;0;;Inverno;2025.0;7.0;56;17.92;53;1.02;53;2025-08-14;17;0
0120;2025-07-29;Terça;2;0;;Inverno;2025.0;7.0;15;14.07;68;1.93;68;2025-08-16;18;0
0134;2025-07-29;Terça;1;0;;Inverno;2025.0;7.0;7;23.15;40;2.05;40;2025-08-20;22;0
0061;2025-07-29;Terça;2;0;;Inverno;2025.0;7.0;13;10.91;87;1.93;87;2025-08-11;13;1
0075;2025-07-29;Terça;1;0;;Inverno;2025.0;7.0;5;11.06;31;1.24;31;2025-08-05;7;1
0005;2025-07-29;Terça;1;01/10;;Inverno;2025.0;7.0;7;4.82;143;1.0;143;2025-08-01;3;1
0044;2025-07-30;Quarta;1;0;;Inverno;2025.0;7.0;10;4.18;227;1.0;227;2025-08-04;5;1
0050;2025-07-31;Quinta;2;0;;Inverno;2025.0;7.0;11;7.8;121;2.03;121;2025-08-11;11;1
0015;2025-07-31;Quinta;1;0;;Inverno;2025.0;7.0;8;12.0;24;1.0;24;2025-08-08;8;1
0045;2025-07-31;Quinta;1;0;;Inverno;2025.0;7.0;27;32.25;21;1.0;21;;0;0
0005;2025-08-01;Sexta;1;02/10;;Inverno;2025.0;8.0;3;4.82;144;1.0;144;2025-08-06;5;1
0036;2025-08-04;Segunda;1;0;;Inverno;2025.0;8.0;18;14.83;6;1.0;6;2025-08-13;9;1
0129;2025-08-04;Segunda;1;1;;Inverno;2025.0;8.0;11;4.33;218;1.06;218;2025-08-08;4;1
0044;2025-08-04;Segunda;1;0;;Inverno;2025.0;8.0;5;4.18;228;1.0;228;2025-08-13;9;1
0075;2025-08-05;Terça;1;0;;Inverno;2025.0;8.0;7;11.06;32;1.24;32;2025-08-13;8;1
0118;2025-08-05;Terça;1;0;;Inverno;2025.0;8.0;13;10.34;92;1.01;92;2025-08-21;16;0
0021;2025-08-05;Terça;2;0;;Inverno;2025.0;8.0;13;16.35;58;1.66;58;;0;0
0005;2025-08-06;Quarta;1;03/10;;Inverno;2025.0;8.0;5;4.82;145;1.0;145;2025-08-13;7;1
0015;2025-08-08;Sexta;1;0;;Inverno;2025.0;8.0;8;12.0;25;1.0;25;2025-08-18;10;1
0099;2025-08-08;Sexta;1;0;;Inverno;2025.0;8.0;18;8.71;110;1.39;110;2025-08-21;13;1
0129;2025-08-08;Sexta;1;2;;Inverno;2025.0;8.0;4;4.33;219;1.06;219;2025-08-13;5;1
0010;2025-08-08;Sexta;2;15;;Inverno;2025.0;8.0;17;5.97;159;2.0;159;2025-08-14;6;1
0050;2025-08-11;Segunda;2;0;;Inverno;2025.0;8.0;11;7.8;122;2.03;122;2025-08-14;3;1
0127;2025-08-11;Segunda;1;0;;Inverno;2025.0;8.0;14;11.09;86;1.1;86;;0;0
0061;2025-08-11;Segunda;2;0;;Inverno;2025.0;8.0;13;10.91;88;1.93;88;;0;0
0129;2025-08-13;Quarta;1;1;;Inverno;2025.0;8.0;5;4.33;220;1.06;220;2025-08-16;3;1
0036;2025-08-13;Quarta;1;0;;Inverno;2025.0;8.0;9;14.83;7;1.0;7;;0;0
0075;2025-08-13;Quarta;1;0;;Inverno;2025.0;8.0;8;11.06;33;1.24;33;;0;0
0078;2025-08-13;Quarta;2;0;;Inverno;2025.0;8.0;24;20.63;45;2.0;45;2025-08-14;1;1
0005;2025-08-13;Quarta;1;05/10;;Inverno;2025.0;8.0;7;4.82;146;1.0;146;2025-08-18;5;1
0004;2025-08-13;Quarta;1;10/10;;Inverno;2025.0;8.0;22;12.69;76;1.0;76;;0;0
0132;2025-08-13;Quarta;1;2;;Inverno;2025.0;8.0;20;14.14;67;1.01;67;;0;0
0038;2025-08-13;Quarta;1;0;;Inverno;2025.0;8.0;23;18.62;14;1.14;14;;0;0
0044;2025-08-13;Quarta;1;0;;Inverno;2025.0;8.0;9;4.18;229;1.0;229;;0;0
0035;2025-08-14;Quinta;2;0;;Inverno;2025.0;8.0;0;;1;2.0;1;;0;0
0078;2025-08-14;Quinta;2;0;;Inverno;2025.0;8.0;1;20.63;46;2.0;46;;0;0
0081;2025-08-14;Quinta;1;0;;Inverno;2025.0;8.0;17;17.92;54;1.02;54;;0;0
0010;2025-08-14;Quinta;2;02/15;;Inverno;2025.0;8.0;6;5.97;160;2.0;160;;0;0
0050;2025-08-14;Quinta;2;0;;Inverno;2025.0;8.0;3;7.8;123;2.03;123;2025-08-19;5;1
0007;2025-08-16;Sábado;1;0;;Inverno;2025.0;8.0;24;8.85;60;1.03;60;;0;0
0120;2025-08-16;Sábado;2;0;;Inverno;2025.0;8.0;18;14.07;69;1.93;69;;0;0
0025;2025-08-16;Sábado;1;0;;Inverno;2025.0;8.0;25;9.58;99;1.02;99;;0;0
0023;2025-08-16;Sábado;1;0;;Inverno;2025.0;8.0;38;38.88;25;1.0;25;;0;0
0129;2025-08-16;Sábado;1;2;;Inverno;2025.0;8.0;3;4.33;221;1.06;221;;0;0
0037;2025-08-18;Segunda;1;0;;Inverno;2025.0;8.0;40;40.0;2;1.0;2;;0;0
0015;2025-08-18;Segunda;1;0;;Inverno;2025.0;8.0;10;12.0;26;1.0;26;;0;0
0039;2025-08-18;Segunda;1;0;;Inverno;2025.0;8.0;0;;1;1.0;1;;0;0
0005;2025-08-18;Segunda;1;06/10;;Inverno;2025.0;8.0;5;4.82;147;1.0;147;;0;0
0050;2025-08-19;Terça;2;0;;Inverno;2025.0;8.0;5;7.8;124;2.03;124;;0;0
0024;2025-08-20;Quarta;1;0;;Inverno;2025.0;8.0;72;28.39;19;1.16;19;;0;0
0072;2025-08-20;Quarta;2;0;;Inverno;2025.0;8.0;31;16.1;31;1.52;31;;0;0
0134;2025-08-20;Quarta;1;0;;Inverno;2025.0;8.0;22;23.15;41;2.05;41;;0;0
0118;2025-08-21;Quinta;1;0;;Inverno;2025.0;8.0;16;10.34;93;1.01;93;;0;0
0099;2025-08-21;Quinta;1;0;;Inverno;2025.0;8.0;13;8.71;111;1.39;111;;0;0
