data_pedido_entrega;semana;qnt_aguas_entregues;qnt_aguas_tickets;Obs;id_cliente
2023-01-02 00:00:00;Segunda;1.0; 03/03;;0089
2023-01-02 00:00:00;Segunda;1.0;;;0102
2023-01-02 00:00:00;Segunda;2.0;;;0120
2023-01-02 00:00:00;Segunda;2.0;;;0050
2023-01-02 00:00:00;Segunda;1.0; 07/10;;0008
2023-01-02 00:00:00;Segunda;1.0;;;0044
2023-01-04 00:00:00;Quarta;1.0; 10/10;;0004
2023-01-04 00:00:00;Quarta;2.0;;;0098
2023-01-04 00:00:00;Quarta;2.0;;;0097
2023-01-05 00:00:00;Quinta;4.0; 11/15;;0010
2023-01-05 00:00:00;Quinta;1.0;;;0095
2023-01-05 00:00:00;Quinta;2.0;;;0061
2023-01-05 00:00:00;Quinta;1.0;;;0019
2023-01-06 00:00:00;Sexta;1.0;;;0099
2023-01-06 00:00:00;Sexta;1.0; 08/10;;0008
2023-01-06 00:00:00;Sexta;1.0;;;0129
2023-01-06 00:00:00;Sexta;1.0;;;0044
2023-01-07 00:00:00;Sábado;1.0;;;0081
2023-01-07 00:00:00;Sábado;1.0;;;0099
2023-01-09 00:00:00;Segunda;2.0;;;0097
2023-01-09 00:00:00;Segunda;1.0;;;0129
2023-01-09 00:00:00;Segunda;2.0;;;0050
2023-01-09 00:00:00;Segunda;2.0;;;0003
2023-01-10 00:00:00;Terça;2.0; 15/04;;0010
2023-01-10 00:00:00;Terça;1.0;;;0129
2023-01-11 00:00:00;Quarta;1.0; 09/10;;0008
2023-01-11 00:00:00;Quarta;1.0;;;0099
2023-01-11 00:00:00;Quarta;2.0;;;0003
2023-01-11 00:00:00;Quarta;1.0; 02/05;;0089
2023-01-11 00:00:00;Quarta;2.0;;;0127
2023-01-12 00:00:00;Quinta;1.0;;;0099
2023-01-12 00:00:00;Quinta;1.0;;;0019
2023-01-13 00:00:00;Sexta;2.0;;;0097
2023-01-13 00:00:00;Sexta;1.0;;;0126
2023-01-13 00:00:00;Sexta;1.0;;;0111
2023-01-13 00:00:00;Sexta;1.0;;;0118
2023-01-13 00:00:00;Sexta;2.0;;;0061
2023-01-14 00:00:00;Sábado;1.0;;;0057
2023-01-14 00:00:00;Sábado;2.0;;;0020
2023-01-14 00:00:00;Sábado;1.0;;;0129
2023-01-16 00:00:00;Segunda;2.0;;;0021
2023-01-16 00:00:00;Segunda;1.0;;;0104
2023-01-16 00:00:00;Segunda;1.0; 03/03;;0089
2023-01-17 00:00:00;Terça;1.0;;;0099
2023-01-17 00:00:00;Terça;1.0;;;0129
2023-01-17 00:00:00;Terça;1.0; 01/10;;0004
2023-01-18 00:00:00;Quarta;2.0;;;0061
2023-01-18 00:00:00;Quarta;2.0;;;0078
2023-01-18 00:00:00;Quarta;1.0;;;0113
2023-01-18 00:00:00;Quarta;2.0;;;0032
2023-01-18 00:00:00;Quarta;2.0;;;0050
2023-01-18 00:00:00;Quarta;2.0;;;0120
2023-01-19 00:00:00;Quinta;2.0; 02/15;;0010
2023-01-19 00:00:00;Quinta;1.0;;;0112
2023-01-19 00:00:00;Quinta;1.0;;;0019
2023-01-19 00:00:00;Quinta;1.0;;;0082
2023-01-19 00:00:00;Quinta;1.0; 01/03;;0089
2023-01-20 00:00:00;Sexta;1.0;;;0025
2023-01-20 00:00:00;Sexta;1.0;;;0095
2023-01-20 00:00:00;Sexta;2.0;;;0063
2023-01-20 00:00:00;Sexta;1.0;;;0044
2023-01-21 00:00:00;Sábado;2.0;;;0097
2023-01-21 00:00:00;Sábado;1.0;;;0105
2023-01-23 00:00:00;Segunda;1.0; 02/03;;0089
2023-01-23 00:00:00;Segunda;1.0; 02/10;;0008
2023-01-23 00:00:00;Segunda;1.0;;;0132
2023-01-23 00:00:00;Segunda;1.0;;;0065
2023-01-23 00:00:00;Segunda;1.0;;;0129
2023-01-24 00:00:00;Terça;1.0;;;0112
2023-01-25 00:00:00;Quarta;2.0;;;0097
2023-01-25 00:00:00;Quarta;2.0;;;0127
2023-01-25 00:00:00;Quarta;1.0;;;0129
2023-01-25 00:00:00;Quarta;1.0;;;0044
2023-01-26 00:00:00;Quinta;2.0;;;0020
2023-01-26 00:00:00;Quinta;1.0;;;0023
2023-01-26 00:00:00;Quinta;1.0; 02/10;;0004
2023-01-26 00:00:00;Quinta;1.0;;Vaso;0063
2023-01-26 00:00:00;Quinta;1.0;;;0104
2023-01-27 00:00:00;Sexta;4.0;;;0010
2023-01-27 00:00:00;Sexta;1.0;;;0044
2023-01-27 00:00:00;Sexta;1.0;;;0129
2023-01-27 00:00:00;Sexta;1.0;;;0084
2023-01-27 00:00:00;Sexta;1.0;;;0113
2023-01-27 00:00:00;Sexta;1.0;;;0110
2023-01-28 00:00:00;Sábado;1.0; 03/03;;0089
2023-01-28 00:00:00;Sábado;2.0;;;0065
2023-01-28 00:00:00;Sábado;2.0;;;0021
2023-01-30 00:00:00;Segunda;2.0;;;0061
2023-01-30 00:00:00;Segunda;2.0;;;0097
2023-01-30 00:00:00;Segunda;1.0;;;0118
2023-01-30 00:00:00;Segunda;1.0;;;0132
2023-01-30 00:00:00;Segunda;1.0;;;0044
2023-01-31 00:00:00;Terça;1.0;;;0025
2023-01-31 00:00:00;Terça;1.0; 04/10;;0008
2023-01-31 00:00:00;Terça;1.0;;;0105
2023-01-31 00:00:00;Terça;2.0;;;0107
2023-02-01 00:00:00;Quarta;2.0;;;0050
2023-02-01 00:00:00;Quarta;1.0;;;0084
2023-02-01 00:00:00;Quarta;1.0;;;0095
2023-02-01 00:00:00;Quarta;1.0;;;0100
2023-02-02 00:00:00;Quinta;1.0;;;0099
2023-02-02 00:00:00;Quinta;1.0;;;0056
2023-02-02 00:00:00;Quinta;2.0;;;0046
2023-02-02 00:00:00;Quinta;1.0;;;0082
2023-02-03 00:00:00;Sexta;1.0;;;0044
2023-02-03 00:00:00;Sexta;4.0;;;0010
2023-02-03 00:00:00;Sexta;1.0; 01/03;;0089
2023-02-04 00:00:00;Sábado;1.0; 05/10;;0008
2023-02-04 00:00:00;Sábado;2.0;;;0050
2023-02-04 00:00:00;Sábado;1.0;;;0129
2023-02-04 00:00:00;Sábado;2.0;;;0020
2023-02-06 00:00:00;Segunda;1.0; 03/10;;0004
2023-02-06 00:00:00;Segunda;1.0;;;0056
2023-02-06 00:00:00;Segunda;2.0;;;0097
2023-02-06 00:00:00;Segunda;3.0;;;0134
2023-02-06 00:00:00;Segunda;1.0;;;0112
2023-02-06 00:00:00;Segunda;2.0;;;0010
2023-02-06 00:00:00;Segunda;1.0;;;0044
2023-02-06 00:00:00;Segunda;1.0;;;0106
2023-02-07 00:00:00;Terça;1.0;;;0126
2023-02-07 00:00:00;Terça;1.0; 02/03;;0089
2023-02-07 00:00:00;Terça;2.0;;;0061
2023-02-07 00:00:00;Terça;1.0;;;0129
2023-02-07 00:00:00;Terça;1.0;;;0019
2023-02-08 00:00:00;Quarta;1.0;;;0025
2023-02-08 00:00:00;Quarta;2.0;;;0127
2023-02-08 00:00:00;Quarta;2.0;;;0078
2023-02-08 00:00:00;Quarta;1.0;;;0056
2023-02-09 00:00:00;Quinta;2.0;;;0020
2023-02-09 00:00:00;Quinta;2.0;;;0097
2023-02-09 00:00:00;Quinta;1.0;;;0044
2023-02-09 00:00:00;Quinta;1.0; 06/10;;0008
2023-02-09 00:00:00;Quinta;1.0;;;0099
2023-02-09 00:00:00;Quinta;1.0;;;0129
2023-02-09 00:00:00;Quinta;2.0;;;0063
2023-02-10 00:00:00;Sexta;1.0;;;0132
2023-02-10 00:00:00;Sexta;1.0;;;0095
2023-02-10 00:00:00;Sexta;1.0;;;0087
2023-02-11 00:00:00;Sábado;1.0;;;0081
2023-02-11 00:00:00;Sábado;2.0;;;0050
2023-02-11 00:00:00;Sábado;1.0; 03/03;;0089
2023-02-11 00:00:00;Sábado;1.0;;;0118
2023-02-11 00:00:00;Sábado;1.0;;;0025
2023-02-13 00:00:00;Segunda;2.0;;;0097
2023-02-13 00:00:00;Segunda;2.0;15;;0010
2023-02-13 00:00:00;Segunda;1.0;;;0044
2023-02-13 00:00:00;Segunda;1.0; 07/10;;0008
2023-02-13 00:00:00;Segunda;1.0;;;0091
2023-02-13 00:00:00;Segunda;2.0;;;0122
2023-02-13 00:00:00;Segunda;2.0;;;0020
2023-02-14 00:00:00;Terça;1.0;;;0056
2023-02-14 00:00:00;Terça;2.0;;;0019
2023-02-14 00:00:00;Terça;2.0;;;0010
2023-02-15 00:00:00;Quarta;2.0; 02/15;;0010
2023-02-15 00:00:00;Quarta;2.0;;;0061
2023-02-15 00:00:00;Quarta;1.0;;;0112
2023-02-15 00:00:00;Quarta;1.0; 04/10;;0004
2023-02-16 00:00:00;Quinta;3.0;;;0097
2023-02-16 00:00:00;Quinta;2.0;;;0050
2023-02-16 00:00:00;Quinta;1.0;;;0044
2023-02-16 00:00:00;Quinta;2.0;;;0099
2023-02-16 00:00:00;Quinta;2.0;;;0021
2023-02-16 00:00:00;Quinta;1.0; 01/03;;0089
2023-02-16 00:00:00;Quinta;1.0;;;0129
2023-02-16 00:00:00;Quinta;1.0;;;0025
2023-02-17 00:00:00;Sexta;1.0; 08/10;;0008
2023-02-17 00:00:00;Sexta;1.0;;;0056
2023-02-17 00:00:00;Sexta;2.0;;;0050
2023-02-20 00:00:00;Segunda;2.0;;;0054
2023-02-20 00:00:00;Segunda;1.0;;;0118
2023-02-20 00:00:00;Segunda;1.0;;;0129
2023-02-20 00:00:00;Segunda;1.0;;;0044
2023-02-20 00:00:00;Segunda;1.0;;;0132
2023-02-20 00:00:00;Segunda;1.0;;;0082
2023-02-22 00:00:00;Quarta;1.0;;;0089
2023-02-22 00:00:00;Quarta;1.0;;;0056
2023-02-22 00:00:00;Quarta;2.0;;;0127
2023-02-22 00:00:00;Quarta;1.0;;;0129
2023-02-22 00:00:00;Quarta;2.0;;;0020
2023-02-23 00:00:00;Quinta;2.0;;;0120
2023-02-23 00:00:00;Quinta;1.0; 09/10;;0008
2023-02-23 00:00:00;Quinta;2.0;;;0063
2023-02-23 00:00:00;Quinta;1.0;;;0025
2023-02-24 00:00:00;Sexta;2.0; 04/15;;0010
2023-02-27 00:00:00;Segunda;2.0;;;0107
2023-02-27 00:00:00;Segunda;1.0;;;0118
2023-02-27 00:00:00;Segunda;1.0;;;0129
2023-02-27 00:00:00;Segunda;1.0; 10/10;;0008
2023-02-27 00:00:00;Segunda;1.0; 03/03;;0089
2023-02-27 00:00:00;Segunda;1.0;;;0044
2023-02-27 00:00:00;Segunda;2.0;;;0061
2023-02-28 00:00:00;Terça;2.0;;;0097
2023-02-28 00:00:00;Terça;1.0;;;0025
2023-02-28 00:00:00;Terça;1.0;;;0084
2023-02-28 00:00:00;Terça;2.0;;;0125
2023-02-28 00:00:00;Terça;2.0;;;0078
2023-02-28 00:00:00;Terça;1.0; 05/10;;0004
2023-03-01 00:00:00;Quarta;2.0;;;0019
2023-03-01 00:00:00;Quarta;1.0;;;0056
2023-03-01 00:00:00;Quarta;1.0;;;0129
2023-03-02 00:00:00;Quinta;2.0; 06/15;;0010
2023-03-02 00:00:00;Quinta;1.0;;;0044
2023-03-02 00:00:00;Quinta;1.0; 01/10;;0008
2023-03-03 00:00:00;Sexta;1.0;;;0056
2023-03-03 00:00:00;Sexta;2.0; 08/15;;0010
2023-03-03 00:00:00;Sexta;2.0;;;0097
2023-03-03 00:00:00;Sexta;1.0;;;0128
2023-03-04 00:00:00;Sábado;1.0; 01/03;;0089
2023-03-04 00:00:00;Sábado;1.0;;;0044
2023-03-04 00:00:00;Sábado;1.0;;;0099
2023-03-06 00:00:00;Segunda;1.0;;;0084
2023-03-06 00:00:00;Segunda;1.0;;;0132
2023-03-06 00:00:00;Segunda;1.0; 02/10;;0008
2023-03-06 00:00:00;Segunda;2.0;;;0020
2023-03-06 00:00:00;Segunda;1.0;;;0044
2023-03-06 00:00:00;Segunda;1.0;;;0025
2023-03-06 00:00:00;Segunda;1.0;;;0081
2023-03-06 00:00:00;Segunda;1.0;;;0056
2023-03-07 00:00:00;Terça;2.0;;;0127
2023-03-07 00:00:00;Terça;1.0;;;0019
2023-03-07 00:00:00;Terça;1.0;;;0129
2023-03-07 00:00:00;Terça;2.0;;;0061
2023-03-07 00:00:00;Terça;1.0; 02/03;;0089
2023-03-07 00:00:00;Terça;2.0;;;0118
2023-03-08 00:00:00;Quarta;2.0;;;0050
2023-03-08 00:00:00;Quarta;2.0;;;0020
2023-03-08 00:00:00;Quarta;1.0;;;0056
2023-03-08 00:00:00;Quarta;1.0;;;0023
2023-03-08 00:00:00;Quarta;2.0;;;0107
2023-03-09 00:00:00;Quinta;1.0; 06/10;;0004
2023-03-09 00:00:00;Quinta;1.0;;;0019
2023-03-09 00:00:00;Quinta;1.0;;;0118
2023-03-09 00:00:00;Quinta;2.0;;;0030
2023-03-09 00:00:00;Quinta;1.0;;;0084
2023-03-09 00:00:00;Quinta;1.0;;;0128
2023-03-10 00:00:00;Sexta;1.0;;;0044
2023-03-10 00:00:00;Sexta;1.0;;;0025
2023-03-10 00:00:00;Sexta;1.0;;;0095
2023-03-10 00:00:00;Sexta;2.0;;;0020
2023-03-10 00:00:00;Sexta;2.0;15;;0010
2023-03-10 00:00:00;Sexta;1.0; 03/10;;0008
2023-03-10 00:00:00;Sexta;1.0;;;0056
2023-03-10 00:00:00;Sexta;1.0;;;0099
2023-03-11 00:00:00;Sábado;1.0;;;0099
2023-03-11 00:00:00;Sábado;2.0;;;0021
2023-03-13 00:00:00;Segunda;1.0; 03/03;;0089
2023-03-13 00:00:00;Segunda;1.0;;;0091
2023-03-13 00:00:00;Segunda;2.0;;;0050
2023-03-13 00:00:00;Segunda;1.0;;;0044
2023-03-13 00:00:00;Segunda;2.0; 02/15;;0010
2023-03-14 00:00:00;Terça;2.0;;;0097
2023-03-14 00:00:00;Terça;1.0;;;0056
2023-03-14 00:00:00;Terça;1.0;;;0129
2023-03-14 00:00:00;Terça;2.0;;;0019
2023-03-14 00:00:00;Terça;2.0;;;0020
2023-03-15 00:00:00;Quarta;1.0; 04/10;;0008
2023-03-15 00:00:00;Quarta;2.0; 04/15;;0010
2023-03-15 00:00:00;Quarta;2.0;;;0054
2023-03-15 00:00:00;Quarta;1.0;;;0114
2023-03-15 00:00:00;Quarta;1.0; 01/03;;0089
2023-03-15 00:00:00;Quarta;2.0;;;0061
2023-03-15 00:00:00;Quarta;1.0;;;0128
2023-03-15 00:00:00;Quarta;2.0;;;0054
2023-03-16 00:00:00;Quinta;1.0;;;0095
2023-03-16 00:00:00;Quinta;1.0;;;0056
2023-03-16 00:00:00;Quinta;1.0;;;0097
2023-03-16 00:00:00;Quinta;1.0;;;0044
2023-03-16 00:00:00;Quinta;1.0;;;0025
2023-03-16 00:00:00;Quinta;1.0;;;0129
2023-03-20 00:00:00;Segunda;1.0; 07/10;;0004
2023-03-20 00:00:00;Segunda;2.0;;;0050
2023-03-20 00:00:00;Segunda;1.0;;;0126
2023-03-20 00:00:00;Segunda;1.0;;;0085
2023-03-20 00:00:00;Segunda;2.0;;;0063
2023-03-20 00:00:00;Segunda;1.0;;;0044
2023-03-21 00:00:00;Terça;2.0; 08/15;;0010
2023-03-21 00:00:00;Terça;2.0;;;0125
2023-03-21 00:00:00;Terça;1.0;;;0025
2023-03-21 00:00:00;Terça;1.0;;;0019
2023-03-21 00:00:00;Terça;1.0;;;0056
2023-03-22 00:00:00;Quarta;1.0; 03/03;;0089
2023-03-22 00:00:00;Quarta;1.0;;;0020
2023-03-22 00:00:00;Quarta;2.0;;;0129
2023-03-23 00:00:00;Quinta;1.0;;;0064
2023-03-23 00:00:00;Quinta;2.0;;;0120
2023-03-24 00:00:00;Sexta;2.0; 10/15;;0010
2023-03-24 00:00:00;Sexta;1.0; 06/10;;0008
2023-03-24 00:00:00;Sexta;1.0;;;0099
2023-03-24 00:00:00;Sexta;1.0;;;0056
2023-03-25 00:00:00;Sábado;2.0;;;0061
2023-03-25 00:00:00;Sábado;1.0; 01/03;;0089
2023-03-25 00:00:00;Sábado;3.0;;;0097
2023-03-25 00:00:00;Sábado;1.0;;;0049
2023-03-25 00:00:00;Sábado;2.0;;;0021
2023-03-27 00:00:00;Segunda;1.0;;;0132
2023-03-27 00:00:00;Segunda;1.0;;;0044
2023-03-27 00:00:00;Segunda;1.0;;;0019
2023-03-27 00:00:00;Segunda;2.0; 14/15;;0010
2023-03-27 00:00:00;Segunda;1.0;;;0099
2023-03-28 00:00:00;Terça;1.0;;;0044
2023-03-28 00:00:00;Terça;1.0;;;0081
2023-03-28 00:00:00;Terça;1.0;;;0108
2023-03-28 00:00:00;Terça;1.0;;;0118
2023-03-28 00:00:00;Terça;2.0;;;0063
2023-03-29 00:00:00;Quarta;2.0;;;0050
2023-03-29 00:00:00;Quarta;1.0; 07/10;;0008
2023-03-29 00:00:00;Quarta;1.0; 08/10;;0004
2023-03-29 00:00:00;Quarta;1.0;;;0056
2023-03-29 00:00:00;Quarta;1.0; 02/03;;0089
2023-03-30 00:00:00;Quinta;2.0;;;0097
2023-03-30 00:00:00;Quinta;1.0;;;0019
2023-03-30 00:00:00;Quinta;1.0;;;0129
2023-03-30 00:00:00;Quinta;1.0;;;0095
2023-03-30 00:00:00;Quinta;2.0;;;0120
2023-03-30 00:00:00;Quinta;1.0;;;0023
2023-03-30 00:00:00;Quinta;1.0;;;0025
2023-03-30 00:00:00;Quinta;1.0;;;0128
2023-03-31 00:00:00;Sexta;1.0;;;0044
2023-03-31 00:00:00;Sexta;1.0;;;0099
2023-03-31 00:00:00;Sexta;1.0;;;0128
2023-03-31 00:00:00;Sexta;1.0;;;0056
2023-04-03 00:00:00;Segunda;1.0;;;0112
2023-04-03 00:00:00;Segunda;1.0; 08/10;;0008
2023-04-03 00:00:00;Segunda;2.0;;;0127
2023-04-03 00:00:00;Segunda;2.0;;;0061
2023-04-03 00:00:00;Segunda;1.0;;;0049
2023-04-03 00:00:00;Segunda;1.0;;;0044
2023-04-04 00:00:00;Terça;2.0;;;0097
2023-04-04 00:00:00;Terça;1.0;;;0056
2023-04-05 00:00:00;Quarta;1.0; 03/03;;0089
2023-04-05 00:00:00;Quarta;2.0;;;0019
2023-04-05 00:00:00;Quarta;1.0;;;0099
2023-04-05 00:00:00;Quarta;2.0; 04/16;;0010
2023-04-05 00:00:00;Quarta;2.0;;;0021
2023-04-05 00:00:00;Quarta;2.0;;;0050
2023-04-06 00:00:00;Quinta;1.0;;;0095
2023-04-06 00:00:00;Quinta;1.0;;;0025
2023-04-06 00:00:00;Quinta;1.0;;;0118
2023-04-06 00:00:00;Quinta;1.0;;;0129
2023-04-06 00:00:00;Quinta;2.0;;;0113
2023-04-06 00:00:00;Quinta;1.0; 09/10;;0008
2023-04-06 00:00:00;Quinta;1.0;;;0132
2023-04-08 00:00:00;Sábado;1.0;;;0044
2023-04-08 00:00:00;Sábado;1.0;;;0129
2023-04-10 00:00:00;Segunda;2.0;;;0097
2023-04-10 00:00:00;Segunda;2.0;;;0078
2023-04-10 00:00:00;Segunda;1.0;;;0128
2023-04-10 00:00:00;Segunda;1.0; 02/03;;0089
2023-04-10 00:00:00;Segunda;1.0;;;0044
2023-04-11 00:00:00;Terça;1.0;;;0056
2023-04-11 00:00:00;Terça;2.0;;;0120
2023-04-11 00:00:00;Terça;1.0; 09/10;;0004
2023-04-11 00:00:00;Terça;1.0;;;0129
2023-04-11 00:00:00;Terça;2.0;;;0063
2023-04-11 00:00:00;Terça;1.0;;;0008
2023-04-12 00:00:00;Quarta;1.0;;;0095
2023-04-12 00:00:00;Quarta;2.0; 10/15;;0010
2023-04-12 00:00:00;Quarta;2.0;;;0050
2023-04-12 00:00:00;Quarta;2.0;;;0061
2023-04-13 00:00:00;Quinta;1.0;;;0056
2023-04-13 00:00:00;Quinta;2.0;;;0019
2023-04-13 00:00:00;Quinta;1.0;;;0044
2023-04-13 00:00:00;Quinta;1.0; 03/03;;0089
2023-04-13 00:00:00;Quinta;1.0;;;0129
2023-04-13 00:00:00;Quinta;1.0; 01/10;;0008
2023-04-14 00:00:00;Sexta;2.0;;;0097
2023-04-14 00:00:00;Sexta;2.0; 08/15;;0010
2023-04-14 00:00:00;Sexta;3.0;;;0112
2023-04-14 00:00:00;Sexta;1.0;;;0081
2023-04-14 00:00:00;Sexta;1.0;;;0099
2023-04-14 00:00:00;Sexta;1.0;;;0049
2023-04-15 00:00:00;Sábado;4.0;;;0134
2023-04-15 00:00:00;Sábado;3.0;;;0054
2023-04-15 00:00:00;Sábado;1.0;;;0089
2023-04-17 00:00:00;Segunda;2.0;;;0120
2023-04-17 00:00:00;Segunda;1.0;;;0056
2023-04-17 00:00:00;Segunda;1.0;;;0118
2023-04-17 00:00:00;Segunda;1.0;;;0112
2023-04-17 00:00:00;Segunda;1.0;;;0132
2023-04-17 00:00:00;Segunda;1.0;;;0025
2023-04-18 00:00:00;Terça;1.0; 02/10;;0008
2023-04-18 00:00:00;Terça;1.0; 01/10;;0004
2023-04-18 00:00:00;Terça;2.0;;;0127
2023-04-18 00:00:00;Terça;2.0;;;0063
2023-04-18 00:00:00;Terça;1.0;;;0129
2023-04-18 00:00:00;Terça;1.0;;;0128
2023-04-19 00:00:00;Quarta;1.0;;;0086
2023-04-19 00:00:00;Quarta;2.0;;;0031
2023-04-19 00:00:00;Quarta;2.0;;;0113
2023-04-19 00:00:00;Quarta;1.0;;;0099
2023-04-19 00:00:00;Quarta;1.0;;;0044
2023-04-19 00:00:00;Quarta;2.0;;;0050
2023-04-19 00:00:00;Quarta;1.0;;;0049
2023-04-19 00:00:00;Quarta;1.0; 02/03;;0089
2023-04-20 00:00:00;Quinta;1.0;;;0126
2023-04-20 00:00:00;Quinta;2.0;18;;0010
2023-04-20 00:00:00;Quinta;2.0;;;0021
2023-04-20 00:00:00;Quinta;2.0;;;0019
2023-04-20 00:00:00;Quinta;1.0;;;0056
2023-04-20 00:00:00;Quinta;2.0;;;0129
2023-04-20 00:00:00;Quinta;2.0;;;0061
2023-04-20 00:00:00;Quinta;1.0;;;0054
2023-04-20 00:00:00;Quinta;1.0;;;0128
2023-04-22 00:00:00;Sábado;1.0; 03/10;;0008
2023-04-22 00:00:00;Sábado;1.0;;;0129
2023-04-24 00:00:00;Segunda;1.0;;;0025
2023-04-24 00:00:00;Segunda;2.0;;;0030
2023-04-24 00:00:00;Segunda;2.0;;;0120
2023-04-24 00:00:00;Segunda;2.0;;;0063
2023-04-24 00:00:00;Segunda;1.0;;;0044
2023-04-24 00:00:00;Segunda;1.0; 03/03;;0089
2023-04-25 00:00:00;Terça;1.0;;;0056
2023-04-25 00:00:00;Terça;2.0; 02/18;;0010
2023-04-25 00:00:00;Terça;1.0;;;0127
2023-04-25 00:00:00;Terça;2.0;;;0050
2023-04-26 00:00:00;Quarta;1.0;1;;0095
2023-04-26 00:00:00;Quarta;2.0;;;0099
2023-04-26 00:00:00;Quarta;2.0;;;0019
2023-04-26 00:00:00;Quarta;1.0;;;0126
2023-04-26 00:00:00;Quarta;1.0; 02/10;;0004
2023-04-26 00:00:00;Quarta;4.0;;;0054
2023-04-27 00:00:00;Quinta;1.0;;;0081
2023-04-27 00:00:00;Quinta;2.0;;;0129
2023-04-27 00:00:00;Quinta;1.0;;;0044
2023-04-27 00:00:00;Quinta;1.0; 04/10;;0008
2023-04-27 00:00:00;Quinta;1.0;;;0118
2023-04-28 00:00:00;Sexta;1.0;;;0056
2023-04-28 00:00:00;Sexta;1.0;;;0044
2023-04-28 00:00:00;Sexta;2.0; 02/08;;0010
2023-04-28 00:00:00;Sexta;1.0;;;0023
2023-04-29 00:00:00;Sábado;1.0;;;0132
2023-05-01 00:00:00;Segunda;1.0;;;0025
2023-05-01 00:00:00;Segunda;1.0;;;0091
2023-05-01 00:00:00;Segunda;1.0;;;0044
2023-05-02 00:00:00;Terça;3.0;;;0097
2023-05-02 00:00:00;Terça;2.0;;Deve 1 vaso;0099
2023-05-02 00:00:00;Terça;1.0;;;0129
2023-05-02 00:00:00;Terça;2.0;;;0063
2023-05-02 00:00:00;Terça;2.0;;;0120
2023-05-02 00:00:00;Terça;1.0;;;0089
2023-05-03 00:00:00;Quarta;2.0;;;0050
2023-05-03 00:00:00;Quarta;1.0; 05/10;;0008
2023-05-03 00:00:00;Quarta;2.0;;;0061
2023-05-03 00:00:00;Quarta;1.0;;;0019
2023-05-03 00:00:00;Quarta;1.0;;;0044
2023-05-04 00:00:00;Quinta;2.0;;;0029
2023-05-05 00:00:00;Sexta;1.0;;;0056
2023-05-05 00:00:00;Sexta;1.0;;;0049
2023-05-05 00:00:00;Sexta;1.0;;;0089
2023-05-05 00:00:00;Sexta;1.0;;;0129
2023-05-06 00:00:00;Sábado;2.0;;;0097
2023-05-06 00:00:00;Sábado;2.0;;;0021
2023-05-08 00:00:00;Segunda;2.0;;;0127
2023-05-08 00:00:00;Segunda;1.0; 03/10;;0004
2023-05-08 00:00:00;Segunda;1.0;;;0044
2023-05-08 00:00:00;Segunda;1.0;;;0019
2023-05-08 00:00:00;Segunda;1.0; 01/03;;0089
2023-05-08 00:00:00;Segunda;2.0;;;0129
2023-05-08 00:00:00;Segunda;1.0; 06/10;;0008
2023-05-09 00:00:00;Terça;1.0;;;0025
2023-05-09 00:00:00;Terça;1.0;;;0086
2023-05-09 00:00:00;Terça;1.0;;;0019
2023-05-10 00:00:00;Quarta;1.0;;;0126
2023-05-10 00:00:00;Quarta;1.0;;;0118
2023-05-10 00:00:00;Quarta;2.0;;;0050
2023-05-10 00:00:00;Quarta;1.0;;;0091
2023-05-10 00:00:00;Quarta;2.0;;;0097
2023-05-10 00:00:00;Quarta;1.0;;;0128
2023-05-11 00:00:00;Quinta;1.0;;;0044
2023-05-11 00:00:00;Quinta;1.0;;;0056
2023-05-11 00:00:00;Quinta;1.0;;;0081
2023-05-11 00:00:00;Quinta;2.0;;;0120
2023-05-11 00:00:00;Quinta;2.0;;;0113
2023-05-11 00:00:00;Quinta;1.0;;;0054
2023-05-11 00:00:00;Quinta;1.0; 02/03;;0089
2023-05-12 00:00:00;Sexta;2.0;;;0010
2023-05-12 00:00:00;Sexta;1.0;;;0099
2023-05-12 00:00:00;Sexta;1.0;;;0129
2023-05-12 00:00:00;Sexta;1.0; 07/10;;0008
2023-05-12 00:00:00;Sexta;2.0;;;0061
2023-05-13 00:00:00;Sábado;1.0; 03/03;;0089
2023-05-15 00:00:00;Segunda;1.0;;;0089
2023-05-15 00:00:00;Segunda;4.0;;;0134
2023-05-15 00:00:00;Segunda;1.0; 04/10;;0004
2023-05-15 00:00:00;Segunda;1.0;;;0129
2023-05-15 00:00:00;Segunda;1.0;;;0049
2023-05-15 00:00:00;Segunda;3.0;;;0054
2023-05-16 00:00:00;Terça;1.0;;;0025
2023-05-16 00:00:00;Terça;2.0;;;0030
2023-05-16 00:00:00;Terça;1.0;;;0056
2023-05-16 00:00:00;Terça;3.0;;;0063
2023-05-16 00:00:00;Terça;1.0;;;0002
2023-05-16 00:00:00;Terça;1.0;;;0044
2023-05-17 00:00:00;Quarta;1.0; 08/10;;0008
2023-05-17 00:00:00;Quarta;1.0; 02/03;;0089
2023-05-17 00:00:00;Quarta;2.0;;;0050
2023-05-17 00:00:00;Quarta;2.0;;;0078
2023-05-17 00:00:00;Quarta;2.0;;;0010
2023-05-17 00:00:00;Quarta;2.0;;;0046
2023-05-17 00:00:00;Quarta;1.0;;;0082
2023-05-18 00:00:00;Quinta;1.0;;;0019
2023-05-18 00:00:00;Quinta;2.0;;;0129
2023-05-18 00:00:00;Quinta;2.0;;;0120
2023-05-19 00:00:00;Sexta;1.0;;;0056
2023-05-19 00:00:00;Sexta;1.0;;;0044
2023-05-19 00:00:00;Sexta;1.0;;;0064
2023-05-20 00:00:00;Sábado;1.0;;;0132
2023-05-20 00:00:00;Sábado;1.0; 03/03;;0089
2023-05-20 00:00:00;Sábado;1.0;;;0099
2023-05-20 00:00:00;Sábado;1.0;;;0019
2023-05-20 00:00:00;Sábado;1.0; 09/10;;0008
2023-05-20 00:00:00;Sábado;1.0;;;0021
2023-05-22 00:00:00;Segunda;1.0;;;0086
2023-05-22 00:00:00;Segunda;1.0; 03/03;;0089
2023-05-22 00:00:00;Segunda;1.0;;;0044
2023-05-23 00:00:00;Terça;2.0;;;0125
2023-05-23 00:00:00;Terça;1.0;;;0056
2023-05-23 00:00:00;Terça;1.0;;;0129
2023-05-23 00:00:00;Terça;1.0; 05/10;;0004
2023-05-23 00:00:00;Terça;2.0;;;0061
2023-05-24 00:00:00;Quarta;2.0;;;0097
2023-05-24 00:00:00;Quarta;1.0;;;0025
2023-05-25 00:00:00;Quinta;2.0;;;0097
2023-05-25 00:00:00;Quinta;1.0;;;0044
2023-05-25 00:00:00;Quinta;1.0;;;0010
2023-05-25 00:00:00;Quinta;1.0; 10/10;;0009
2023-05-25 00:00:00;Quinta;2.0;;;0050
2023-05-25 00:00:00;Quinta;1.0;;;0118
2023-05-25 00:00:00;Quinta;1.0; 02/03;;0089
2023-05-26 00:00:00;Sexta;1.0;3;;0126
2023-05-26 00:00:00;Sexta;1.0;;;0049
2023-05-26 00:00:00;Sexta;1.0;;;0095
2023-05-29 00:00:00;Segunda;1.0;;;0019
2023-05-29 00:00:00;Segunda;1.0;;;0128
2023-05-29 00:00:00;Segunda;1.0;;;0056
2023-05-29 00:00:00;Segunda;1.0;;;0113
2023-05-29 00:00:00;Segunda;2.0;;;0120
2023-05-29 00:00:00;Segunda;2.0;;;0063
2023-05-30 00:00:00;Terça;2.0;;;0030
2023-05-30 00:00:00;Terça;1.0;;;0044
2023-05-30 00:00:00;Terça;1.0;;;0081
2023-05-30 00:00:00;Terça;1.0; 01/10;;0008
2023-05-30 00:00:00;Terça;1.0;;;0056
2023-05-30 00:00:00;Terça;1.0;;;0132
2023-05-31 00:00:00;Quarta;1.0;;;0099
2023-05-31 00:00:00;Quarta;1.0;;;0049
2023-05-31 00:00:00;Quarta;1.0;;;0129
2023-06-01 00:00:00;Quinta;1.0;;;0044
2023-06-01 00:00:00;Quinta;2.0;;;0127
2023-06-01 00:00:00;Quinta;1.0; 06/10;;0004
2023-06-01 00:00:00;Quinta;1.0; 01/03;;0089
2023-06-01 00:00:00;Quinta;2.0;;;0050
2023-06-02 00:00:00;Sexta;2.0;;;0021
2023-06-02 00:00:00;Sexta;2.0; 02/16;;0010
2023-06-02 00:00:00;Sexta;2.0;;;0058
2023-06-02 00:00:00;Sexta;2.0;;;0054
2023-06-03 00:00:00;Sábado;2.0;;;0061
2023-06-03 00:00:00;Sábado;1.0; 02/10;;0008
2023-06-03 00:00:00;Sábado;1.0;;;0118
2023-06-03 00:00:00;Sábado;1.0;;;0025
2023-06-05 00:00:00;Segunda;1.0;;;0129
2023-06-05 00:00:00;Segunda;2.0;;;0063
2023-06-05 00:00:00;Segunda;3.0;;;0097
2023-06-05 00:00:00;Segunda;1.0; 02/03;;0089
2023-06-06 00:00:00;Terça;2.0;;;0056
2023-06-07 00:00:00;Quarta;1.0;;;0112
2023-06-07 00:00:00;Quarta;1.0;;;0049
2023-06-07 00:00:00;Quarta;1.0;;;0044
2023-06-09 00:00:00;Sexta;2.0;;;0120
2023-06-09 00:00:00;Sexta;2.0;;;0050
2023-06-09 00:00:00;Sexta;1.0; 03/03;;0089
2023-06-09 00:00:00;Sexta;1.0;;;0019
2023-06-09 00:00:00;Sexta;1.0; 03/10;;0008
2023-06-10 00:00:00;Sábado;1.0;;;0099
2023-06-12 00:00:00;Segunda;1.0; 01/03;;0089
2023-06-12 00:00:00;Segunda;1.0;;;0044
2023-06-12 00:00:00;Segunda;1.0;;;0019
2023-06-12 00:00:00;Segunda;1.0;;;0118
2023-06-12 00:00:00;Segunda;1.0;;;0129
2023-06-12 00:00:00;Segunda;2.0;;;0056
2023-06-12 00:00:00;Segunda;2.0;;;0054
2023-06-13 00:00:00;Terça;2.0;1;;0010
2023-06-13 00:00:00;Terça;1.0;;;0086
2023-06-13 00:00:00;Terça;2.0;;;0078
2023-06-13 00:00:00;Terça;1.0;;;0099
2023-06-14 00:00:00;Quarta;1.0;;;0081
2023-06-14 00:00:00;Quarta;1.0; 07/10;;0004
2023-06-14 00:00:00;Quarta;1.0; 04/10;;0008
2023-06-14 00:00:00;Quarta;1.0; 02/03;;0089
2023-06-15 00:00:00;Quinta;2.0;;;0097
2023-06-15 00:00:00;Quinta;1.0;;;0044
2023-06-15 00:00:00;Quinta;1.0;;;0049
2023-06-15 00:00:00;Quinta;1.0;;;0002
2023-06-15 00:00:00;Quinta;2.0;;;0050
2023-06-15 00:00:00;Quinta;1.0;;;0132
2023-06-15 00:00:00;Quinta;1.0;;;0127
2023-06-16 00:00:00;Sexta;2.0;;;0061
2023-06-16 00:00:00;Sexta;2.0;;;0010
2023-06-16 00:00:00;Sexta;1.0;;;0129
2023-06-16 00:00:00;Sexta;1.0;;;0126
2023-06-16 00:00:00;Sexta;1.0; 03/03;;0089
2023-06-19 00:00:00;Segunda;1.0;;;0044
2023-06-19 00:00:00;Segunda;2.0;;;0120
2023-06-19 00:00:00;Segunda;2.0;;;0097
2023-06-19 00:00:00;Segunda;2.0;;;0063
2023-06-19 00:00:00;Segunda;1.0;;;0112
2023-06-19 00:00:00;Segunda;1.0;;;0099
2023-06-19 00:00:00;Segunda;1.0;;;0019
2023-06-19 00:00:00;Segunda;2.0;;;0129
2023-06-19 00:00:00;Segunda;1.0; 05/10;;0008
2023-06-20 00:00:00;Terça;1.0;;;0118
2023-06-20 00:00:00;Terça;2.0;;;0056
2023-06-20 00:00:00;Terça;1.0;;;0089
2023-06-21 00:00:00;Quarta;1.0;;;0025
2023-06-21 00:00:00;Quarta;2.0;;;0010
2023-06-22 00:00:00;Quinta;2.0;;;0050
2023-06-23 00:00:00;Sexta;2.0;;;0021
2023-06-23 00:00:00;Sexta;1.0;;;0019
2023-06-23 00:00:00;Sexta;2.0;;;0030
2023-06-26 00:00:00;Segunda;1.0;;;0099
2023-06-26 00:00:00;Segunda;2.0;;;0050
2023-06-26 00:00:00;Segunda;1.0;;;0127
2023-06-26 00:00:00;Segunda;2.0;;;0063
2023-06-26 00:00:00;Segunda;1.0; 08/10;;0004
2023-06-26 00:00:00;Segunda;1.0;;;0023
2023-06-26 00:00:00;Segunda;1.0; 06/10;;0008
2023-06-27 00:00:00;Terça;1.0;;;0044
2023-06-27 00:00:00;Terça;1.0;;;0002
2023-06-27 00:00:00;Terça;2.0;;;0056
2023-06-27 00:00:00;Terça;2.0;;;0010
2023-06-27 00:00:00;Terça;1.0;;;0089
2023-06-27 00:00:00;Terça;2.0;;;0054
2023-06-28 00:00:00;Quarta;2.0;;;0061
2023-06-28 00:00:00;Quarta;2.0;;;0010
2023-06-28 00:00:00;Quarta;1.0;;;0118
2023-06-28 00:00:00;Quarta;1.0;;;0129
2023-06-29 00:00:00;Quinta;2.0;;Deve 1;0030
2023-06-29 00:00:00;Quinta;2.0;;;0120
2023-06-29 00:00:00;Quinta;1.0;;;0019
2023-07-03 00:00:00;Segunda;1.0;;;0044
2023-07-03 00:00:00;Segunda;1.0;;;0089
2023-07-03 00:00:00;Segunda;1.0;2026-10-07 00:00:00;;0008
2023-07-03 00:00:00;Segunda;1.0;;;0056
2023-07-03 00:00:00;Segunda;1.0;;T/ pago;0025
2023-07-03 00:00:00;Segunda;2.0;;;0050
2023-07-04 00:00:00;Terça;1.0;;;0089
2023-07-04 00:00:00;Terça;1.0;;;0129
2023-07-05 00:00:00;Quarta;1.0;;;0112
2023-07-05 00:00:00;Quarta;1.0;;;0044
2023-07-05 00:00:00;Quarta;1.0;;;0132
2023-07-05 00:00:00;Quarta;1.0;2026-10-08 00:00:00;;0008
2023-07-06 00:00:00;Quinta;2.0;;;0097
2023-07-06 00:00:00;Quinta;2.0;;;0125
2023-07-07 00:00:00;Sexta;2.0;;;0056
2023-07-07 00:00:00;Sexta;2.0;;;0021
2023-07-07 00:00:00;Sexta;1.0;;;0127
2023-07-07 00:00:00;Sexta;1.0;;;0126
2023-07-10 00:00:00;Segunda;2.0;;;0061
2023-07-10 00:00:00;Segunda;2.0;;;0097
2023-07-10 00:00:00;Segunda;2.0;;;0099
2023-07-10 00:00:00;Segunda;1.0;2026-03-01 00:00:00;;0089
2023-07-10 00:00:00;Segunda;1.0;;;0044
2023-07-10 00:00:00;Segunda;1.0;;;0118
2023-07-10 00:00:00;Segunda;2.0;;;0050
2023-07-10 00:00:00;Segunda;1.0;;;0054
2023-07-11 00:00:00;Terça;1.0;;;0002
2023-07-11 00:00:00;Terça;2.0;;;0010
2023-07-11 00:00:00;Terça;4.0;;;0134
2023-07-11 00:00:00;Terça;2.0;;;0028
2023-07-11 00:00:00;Terça;2.0;;;0129
2023-07-11 00:00:00;Terça;2.0;;;0120
12/07/0203;Quarta;2.0;;;0019
12/07/0203;Quarta;4.0;;;0010
12/07/0203;Quarta;2.0;;;0078
2023-07-13 00:00:00;Quinta;2.0;;;0056
2023-07-13 00:00:00;Quinta;1.0;2026-10-09 00:00:00;;0008
2023-07-13 00:00:00;Quinta;1.0;2026-03-02 00:00:00;;0089
2023-07-14 00:00:00;Sexta;1.0;;;0095
2023-07-15 00:00:00;Sábado;2.0;;;0030
2023-07-15 00:00:00;Sábado;1.0;;;0044
2023-07-17 00:00:00;Segunda;2.0;;;0056
2023-07-17 00:00:00;Segunda;1.0;;;0025
2023-07-17 00:00:00;Segunda;1.0;2026-03-03 00:00:00;;0089
2023-07-17 00:00:00;Segunda;1.0;2026-10-10 00:00:00;;0004
2023-07-17 00:00:00;Segunda;2.0;;;0050
2023-07-18 00:00:00;Terça;1.0;;;0081
2023-07-18 00:00:00;Terça;1.0;;;0112
2023-07-19 00:00:00;Quarta;1.0;2026-10-10 00:00:00;;0008
2023-07-20 00:00:00;Quinta;2.0;;;0030
2023-07-20 00:00:00;Quinta;1.0;;;0129
2023-07-20 00:00:00;Quinta;1.0;;;0044
2023-07-20 00:00:00;Quinta;2.0;;;0061
2023-07-21 00:00:00;Sexta;2.0;;;0056
2023-07-21 00:00:00;Sexta;1.0;;;0023
2023-07-21 00:00:00;Sexta;2.0;;;0028
2023-07-21 00:00:00;Sexta;1.0;;;0127
2023-07-22 00:00:00;Sábado;2.0;;;0021
2023-07-22 00:00:00;Sábado;3.0;;;0054
2023-07-22 00:00:00;Sábado;1.0;;;0132
2023-07-24 00:00:00;Segunda;1.0;;;0044
2023-07-24 00:00:00;Segunda;2.0;;;0050
2023-07-24 00:00:00;Segunda;1.0;2026-10-01 00:00:00;;0004
2023-07-24 00:00:00;Segunda;1.0;2026-10-01 00:00:00;;0008
2023-07-24 00:00:00;Segunda;1.0;;;0099
2023-07-24 00:00:00;Segunda;2.0;;;0120
2023-07-25 00:00:00;Terça;1.0;;;0118
2023-07-25 00:00:00;Terça;2.0;;;0019
2023-07-25 00:00:00;Terça;1.0;;;0099
2023-07-25 00:00:00;Terça;1.0;2026-03-03 00:00:00;;0089
2023-07-25 00:00:00;Terça;1.0;;;0129
2023-07-26 00:00:00;Quarta;2.0;;;0097
2023-07-26 00:00:00;Quarta;2.0;;;0010
2023-07-27 00:00:00;Quinta;1.0;;;0025
2023-07-27 00:00:00;Quinta;1.0;;;0044
2023-07-28 00:00:00;Sexta;1.0;;;0044
2023-07-28 00:00:00;Sexta;2.0;;;0063
2023-07-28 00:00:00;Sexta;2.0;;;0010
2023-07-29 00:00:00;Sábado;2.0;;;0050
2023-07-29 00:00:00;Sábado;2.0;;;0097
2023-07-31 00:00:00;Segunda;1.0;;;0118
2023-07-31 00:00:00;Segunda;2.0;;;0050
2023-07-31 00:00:00;Segunda;4.0;;;0134
2023-07-31 00:00:00;Segunda;2.0;;;0056
2023-07-31 00:00:00;Segunda;1.0;2026-10-02 00:00:00;;0004
2023-07-31 00:00:00;Segunda;1.0;2026-10-02 00:00:00;;0008
2023-07-31 00:00:00;Segunda;1.0;;;0044
2023-08-01 00:00:00;Terça;2.0;;;0061
2023-08-01 00:00:00;Terça;8.0;16;;0010
2023-08-01 00:00:00;Terça;1.0;;;0044
2023-08-01 00:00:00;Terça;1.0;;;0086
2023-08-03 00:00:00;Quinta;1.0; 01/15;;0010
2023-08-03 00:00:00;Quinta;1.0;2026-03-01 00:00:00;;0089
2023-08-03 00:00:00;Quinta;1.0;;;0049
2023-08-04 00:00:00;Sexta;1.0;;;0044
2023-08-04 00:00:00;Sexta;1.0;;;0054
2023-08-04 00:00:00;Sexta;2.0;;;0097
2023-08-04 00:00:00;Sexta;2.0;;;0129
2023-08-04 00:00:00;Sexta;1.0;;;0127
2023-08-04 00:00:00;Sexta;1.0;;;0132
2023-08-04 00:00:00;Sexta;1.0;;;0081
2023-08-04 00:00:00;Sexta;2.0;;;0078
2023-08-04 00:00:00;Sexta;2.0;;;0121
2023-08-05 00:00:00;Sábado;1.0;;;0099
2023-08-05 00:00:00;Sábado;1.0;;;0025
2023-08-08 00:00:00;Terça;1.0;;;0044
2023-08-08 00:00:00;Terça;1.0;2026-10-03 00:00:00;;0004
2023-08-08 00:00:00;Terça;2.0;;;0056
2023-08-08 00:00:00;Terça;1.0;;;0099
2023-08-08 00:00:00;Terça;1.0;;;0129
2023-08-09 00:00:00;Quarta;2.0;;;0063
2023-08-09 00:00:00;Quarta;2.0;;;0050
2023-08-09 00:00:00;Quarta;1.0;2026-03-02 00:00:00;;0089
2023-08-10 00:00:00;Quinta;2.0;;;0050
2023-08-10 00:00:00;Quinta;2.0;;;0097
2023-08-11 00:00:00;Sexta;1.0;2026-10-04 00:00:00;;0008
2023-08-12 00:00:00;Sábado;1.0;;;0118
2023-08-12 00:00:00;Sábado;1.0;;;0129
2023-08-12 00:00:00;Sábado;1.0;;;0044
2023-08-14 00:00:00;Segunda;2.0;;;0061
2023-08-14 00:00:00;Segunda;2.0;;;0019
2023-08-14 00:00:00;Segunda;1.0;;;0095
2023-08-14 00:00:00;Segunda;1.0;;;0054
2023-08-14 00:00:00;Segunda;1.0;;;0044
2023-08-15 00:00:00;Terça;1.0;;;0126
2023-08-15 00:00:00;Terça;1.0;2026-10-04 00:00:00;;0004
2023-08-15 00:00:00;Terça;2.0;;;0050
2023-08-15 00:00:00;Terça;1.0;;;0086
2023-08-16 00:00:00;Quarta;2.0;;;0010
2023-08-16 00:00:00;Quarta;1.0;;;0127
2023-08-16 00:00:00;Quarta;2.0;;;0097
2023-08-16 00:00:00;Quarta;1.0;;;0025
2023-08-17 00:00:00;Quinta;2.0;;;0056
2023-08-17 00:00:00;Quinta;1.0;;;0081
2023-08-17 00:00:00;Quinta;2.0; 05/15;;0010
2023-08-17 00:00:00;Quinta;1.0;;;0132
2023-08-17 00:00:00;Quinta;1.0;2026-03-03 00:00:00;;0089
2023-08-17 00:00:00;Quinta;1.0;;;0054
2023-08-18 00:00:00;Sexta;2.0;;;0120
2023-08-18 00:00:00;Sexta;1.0;;;0099
2023-08-18 00:00:00;Sexta;1.0;2026-10-05 00:00:00;;0008
2023-08-18 00:00:00;Sexta;1.0;;;0129
2023-08-19 00:00:00;Sábado;2.0;;;0021
2023-08-19 00:00:00;Sábado;1.0;;;0044
2023-08-21 00:00:00;Segunda;2.0;;;0097
2023-08-22 00:00:00;Terça;1.0;;;0129
2023-08-22 00:00:00;Terça;1.0;;;0044
2023-08-22 00:00:00;Terça;1.0;;;0112
2023-08-23 00:00:00;Quarta;3.0;;;0134
2023-08-23 00:00:00;Quarta;1.0;;;0089
2023-08-23 00:00:00;Quarta;1.0;;;0019
2023-08-23 00:00:00;Quarta;2.0;;;0063
2023-08-23 00:00:00;Quarta;2.0;;;0054
2023-08-23 00:00:00;Quarta;1.0;2026-10-06 00:00:00;;0008
2023-08-23 00:00:00;Quarta;1.0;2026-10-05 00:00:00;;0004
2023-08-23 00:00:00;Quarta;2.0;;;0018
2023-08-23 00:00:00;Quarta;2.0;;;0050
2023-08-24 00:00:00;Quinta;2.0;;;0056
2023-08-24 00:00:00;Quinta;2.0;;;0061
2023-08-24 00:00:00;Quinta;1.0;;;0099
2023-08-24 00:00:00;Quinta;1.0;;;0025
2023-08-25 00:00:00;Sexta;2.0;;;0097
2023-08-25 00:00:00;Sexta;1.0;;;0118
2023-08-25 00:00:00;Sexta;2.0;;;0021
2023-08-25 00:00:00;Sexta;2.0;;;0129
2023-08-28 00:00:00;Segunda;2.0; 02/15;;0010
2023-08-28 00:00:00;Segunda;1.0;;;0127
2023-08-28 00:00:00;Segunda;2.0;;;0120
2023-08-28 00:00:00;Segunda;1.0;;;0002
2023-08-28 00:00:00;Segunda;2.0;;;0028
2023-08-28 00:00:00;Segunda;2.0;;;0046
2023-08-28 00:00:00;Segunda;1.0;;;0044
2023-08-29 00:00:00;Terça;1.0;3;;0126
2023-08-29 00:00:00;Terça;2.0;;;0097
2023-08-29 00:00:00;Terça;1.0;;;0086
2023-08-29 00:00:00;Terça;1.0;2026-10-07 00:00:00;;0008
2023-08-29 00:00:00;Terça;1.0;;;0019
2023-08-30 00:00:00;Quarta;1.0;;;0049
2023-08-30 00:00:00;Quarta;1.0;;;0025
2023-08-30 00:00:00;Quarta;1.0;;;0129
2023-08-30 00:00:00;Quarta;2.0; 04/15;;0010
2023-08-30 00:00:00;Quarta;1.0;;;0089
2023-08-31 00:00:00;Quinta;1.0;;;0099
2023-08-31 00:00:00;Quinta;1.0;;;0081
2023-08-31 00:00:00;Quinta;2.0;;;0050
2023-08-31 00:00:00;Quinta;2.0;;;0078
2023-09-01 00:00:00;Sexta;1.0;2026-10-06 00:00:00;;0004
2023-09-01 00:00:00;Sexta;2.0;;;0094
2023-09-01 00:00:00;Sexta;2.0;;;0056
2023-09-01 00:00:00;Sexta;1.0;;;0044
2023-09-02 00:00:00;Sábado;2.0;;;0063
2023-09-05 00:00:00;Terça;2.0;;;0010
2023-09-05 00:00:00;Terça;2.0;;;0097
2023-09-05 00:00:00;Terça;2.0;;;0120
2023-09-05 00:00:00;Terça;1.0;;;0049
2023-09-05 00:00:00;Terça;1.0;;;0044
2023-09-06 00:00:00;Quarta;1.0;;;0127
2023-09-06 00:00:00;Quarta;1.0;;;0089
2023-09-06 00:00:00;Quarta;2.0;;;0050
2023-09-06 00:00:00;Quarta;1.0;;;0118
2023-09-06 00:00:00;Quarta;2.0;;;0028
2023-09-06 00:00:00;Quarta;1.0;;;0099
2023-09-06 00:00:00;Quarta;3.0;;;0054
2023-09-06 00:00:00;Quarta;1.0;;;0112
2023-09-07 00:00:00;Quinta;2.0;;;0019
2023-09-07 00:00:00;Quinta;1.0;;;0129
2023-09-08 00:00:00;Sexta;1.0;;;0132
2023-09-08 00:00:00;Sexta;1.0;;;0081
2023-09-09 00:00:00;Sábado;1.0;2026-10-09 00:00:00;;0008
2023-09-09 00:00:00;Sábado;1.0;;;0044
2023-09-11 00:00:00;Segunda;2.0;;;0134
2023-09-11 00:00:00;Segunda;1.0;;;0089
2023-09-11 00:00:00;Segunda;2.0;;;0056
2023-09-11 00:00:00;Segunda;2.0;;;0063
2023-09-11 00:00:00;Segunda;2.0;;;0097
2023-09-12 00:00:00;Terça;1.0;2026-10-07 00:00:00;;0044
2023-09-12 00:00:00;Terça;1.0;2026-10-07 00:00:00;;0004
2023-09-13 00:00:00;Quarta;3.0;;;0054
2023-09-14 00:00:00;Quinta;2.0;;;0099
2023-09-14 00:00:00;Quinta;1.0;2026-10-10 00:00:00;;0005
2023-09-14 00:00:00;Quinta;2.0;;;0120
2023-09-14 00:00:00;Quinta;2.0;;;0050
2023-09-15 00:00:00;Sexta;2.0;;;0010
2023-09-15 00:00:00;Sexta;1.0;;;0129
2023-09-15 00:00:00;Sexta;2.0;;;0061
2023-09-15 00:00:00;Sexta;1.0;;;0055
2023-09-15 00:00:00;Sexta;1.0;;;0089
2023-09-15 00:00:00;Sexta;2.0;;;0021
2023-09-16 00:00:00;Sábado;1.0;;;0044
2023-09-16 00:00:00;Sábado;1.0;;;0127
2023-09-16 00:00:00;Sábado;1.0;;;0018
2023-09-18 00:00:00;Segunda;1.0;;;0002
2023-09-18 00:00:00;Segunda;2.0;;;0097
2023-09-18 00:00:00;Segunda;2.0;;;0019
2023-09-18 00:00:00;Segunda;1.0;;;0010
2023-09-18 00:00:00;Segunda;2.0;;;0056
2023-09-19 00:00:00;Terça;1.0;;;0126
2023-09-19 00:00:00;Terça;2.0;11;;0010
2023-09-19 00:00:00;Terça;2.0;;;0129
2023-09-19 00:00:00;Terça;1.0;;;0112
2023-09-19 00:00:00;Terça;2.0;;;0063
2023-09-19 00:00:00;Terça;1.0;;;0049
2023-09-19 00:00:00;Terça;1.0;;;0118
2023-09-19 00:00:00;Terça;1.0;;;0054
2023-09-20 00:00:00;Quarta;1.0;;;0044
2023-09-20 00:00:00;Quarta;2.0;;;0050
2023-09-20 00:00:00;Quarta;1.0;2026-10-01 00:00:00;;0008
2023-09-20 00:00:00;Quarta;1.0;2026-10-08 00:00:00;;0004
2023-09-21 00:00:00;Quinta;1.0;;;0089
2023-09-22 00:00:00;Sexta;2.0;;;0097
2023-09-22 00:00:00;Sexta;1.0;;;0129
2023-09-22 00:00:00;Sexta;1.0;;;0081
2023-09-22 00:00:00;Sexta;1.0;;;0086
2023-09-23 00:00:00;Sábado;2.0;;;0021
2023-09-23 00:00:00;Sábado;1.0;;;0025
2023-09-23 00:00:00;Sábado;2.0;;;0120
2023-09-25 00:00:00;Segunda;1.0;;;0010
2023-09-26 00:00:00;Terça;2.0;;;0097
2023-09-26 00:00:00;Terça;1.0;;;0099
2023-09-26 00:00:00;Terça;1.0;;;0129
2023-09-26 00:00:00;Terça;2.0;;;0063
2023-09-26 00:00:00;Terça;1.0;2026-10-02 00:00:00;;0008
2023-09-26 00:00:00;Terça;1.0;;;0127
2023-09-27 00:00:00;Quarta;2.0;;;0019
2023-09-27 00:00:00;Quarta;1.0;;;0044
2023-09-27 00:00:00;Quarta;1.0;2026-10-09 00:00:00;;0004
2023-09-27 00:00:00;Quarta;2.0;;;0061
2023-09-27 00:00:00;Quarta;1.0;;;0089
2023-09-27 00:00:00;Quarta;1.0;;;0018
2023-09-28 00:00:00;Quinta;2.0;;;0010
2023-09-28 00:00:00;Quinta;1.0;;;0099
2023-09-28 00:00:00;Quinta;2.0;;;0078
2023-09-29 00:00:00;Sexta;2.0;;;0050
2023-10-02 00:00:00;Segunda;1.0;;;0025
2023-10-02 00:00:00;Segunda;1.0;;;0118
2023-10-02 00:00:00;Segunda;1.0;;;0089
2023-10-02 00:00:00;Segunda;1.0;;;0044
2023-10-02 00:00:00;Segunda;1.0;;;0086
2023-10-03 00:00:00;Terça;2.0;;;0010
2023-10-03 00:00:00;Terça;2.0;;;0134
2023-10-03 00:00:00;Terça;1.0;;;0056
2023-10-03 00:00:00;Terça;2.0;;;0018
2023-10-03 00:00:00;Terça;1.0;;;0026
2023-10-03 00:00:00;Terça;1.0;;;0112
2023-10-04 00:00:00;Quarta;1.0;2026-10-03 00:00:00;;0008
2023-10-04 00:00:00;Quarta;1.0;;;0127
2023-10-04 00:00:00;Quarta;2.0;;;0120
2023-10-04 00:00:00;Quarta;2.0;;;0063
2023-10-04 00:00:00;Quarta;1.0;2026-10-02 00:00:00;;0004
2023-10-05 00:00:00;Quinta;2.0;;;0097
2023-10-05 00:00:00;Quinta;2.0;;;0050
2023-10-05 00:00:00;Quinta;2.0;;;0010
2023-10-05 00:00:00;Quinta;1.0;;;0081
2023-10-05 00:00:00;Quinta;2.0;;;0099
2023-10-05 00:00:00;Quinta;2.0;;;0021
2023-10-05 00:00:00;Quinta;2.0;;;0054
2023-10-05 00:00:00;Quinta;1.0;;;0129
2023-10-09 00:00:00;Segunda;1.0;2026-10-04 00:00:00;;0008
2023-10-09 00:00:00;Segunda;1.0;;;0089
2023-10-09 00:00:00;Segunda;1.0;;;0044
2023-10-10 00:00:00;Terça;2.0;;;0097
2023-10-10 00:00:00;Terça;1.0;;;0126
2023-10-10 00:00:00;Terça;1.0;;;0054
2023-10-11 00:00:00;Quarta;2.0;;;0010
2023-10-11 00:00:00;Quarta;2.0;;;0056
2023-10-11 00:00:00;Quarta;1.0;;;0129
2023-10-11 00:00:00;Quarta;2.0;;;0063
2023-10-11 00:00:00;Quarta;1.0;;;0127
2023-10-13 00:00:00;Sexta;2.0;14;;0010
2023-10-13 00:00:00;Sexta;1.0;2026-10-03 00:00:00;;0004
2023-10-13 00:00:00;Sexta;2.0;;;0078
2023-10-13 00:00:00;Sexta;1.0;;;0025
2023-10-13 00:00:00;Sexta;1.0;;;0049
2023-10-14 00:00:00;Sábado;1.0;;;0099
2023-10-14 00:00:00;Sábado;1.0;;;0129
2023-10-14 00:00:00;Sábado;2.0;;;0018
2023-10-14 00:00:00;Sábado;2.0;;;0120
2023-10-14 00:00:00;Sábado;1.0;;;0118
2023-10-14 00:00:00;Sábado;2.0;;;0030
2023-10-16 00:00:00;Segunda;1.0;2026-10-05 00:00:00;;0005
2023-10-16 00:00:00;Segunda;2.0;;;0050
2023-10-16 00:00:00;Segunda;2.0;;;0019
2023-10-16 00:00:00;Segunda;1.0;;;0109
2023-10-16 00:00:00;Segunda;1.0;;;0044
2023-10-16 00:00:00;Segunda;3.0;;;0054
2023-10-17 00:00:00;Terça;1.0;;;0129
2023-10-17 00:00:00;Terça;2.0;;;0081
2023-10-18 00:00:00;Quarta;1.0;;;0013
2023-10-18 00:00:00;Quarta;1.0;;;0095
2023-10-18 00:00:00;Quarta;2.0;;;0097
2023-10-19 00:00:00;Quinta;1.0;;;0044
2023-10-19 00:00:00;Quinta;1.0;;;0025
2023-10-19 00:00:00;Quinta;1.0;;;0132
2023-10-20 00:00:00;Sexta;2.0; 12/15;;0010
2023-10-20 00:00:00;Sexta;1.0;;;0126
2023-10-20 00:00:00;Sexta;1.0;;;0056
2023-10-20 00:00:00;Sexta;2.0;;;0099
2023-10-20 00:00:00;Sexta;1.0;2026-10-06 00:00:00;;0008
2023-10-21 00:00:00;Sábado;1.0;;;0127
2023-10-21 00:00:00;Sábado;1.0;;;0089
2023-10-21 00:00:00;Sábado;1.0;;;0129
2023-10-21 00:00:00;Sábado;1.0;;;0118
2023-10-21 00:00:00;Sábado;1.0;2026-10-04 00:00:00;;0004
2023-10-21 00:00:00;Sábado;1.0;;;0021
2023-10-23 00:00:00;Segunda;2.0;;;0050
2023-10-23 00:00:00;Segunda;1.0;;;0044
2023-10-23 00:00:00;Segunda;1.0;;;0002
2023-10-23 00:00:00;Segunda;1.0;;;0112
2023-10-23 00:00:00;Segunda;3.0;;;0018
2023-10-23 00:00:00;Segunda;2.0; 12/15;;0010
2023-10-24 00:00:00;Terça;2.0;;;0120
2023-10-24 00:00:00;Terça;1.0;;;0086
2023-10-24 00:00:00;Terça;2.0;;;0063
2023-10-25 00:00:00;Quarta;1.0;;;0045
2023-10-25 00:00:00;Quarta;2.0;;;0019
2023-10-25 00:00:00;Quarta;1.0;;;0129
2023-10-25 00:00:00;Quarta;2.0;;;0097
2023-10-26 00:00:00;Quinta;1.0;2026-10-07 00:00:00;;0005
2023-10-26 00:00:00;Quinta;2.0;;;0061
2023-10-27 00:00:00;Sexta;2.0; 08/15;;0010
2023-10-27 00:00:00;Sexta;1.0;;;0090
2023-10-27 00:00:00;Sexta;1.0;;;0089
2023-10-27 00:00:00;Sexta;1.0;;;0127
2023-10-28 00:00:00;Sábado;2.0;;;0050
2023-10-28 00:00:00;Sábado;1.0;;;0099
2023-10-28 00:00:00;Sábado;1.0;;;0044
2023-10-30 00:00:00;Segunda;4.0;;;0134
2023-10-30 00:00:00;Segunda;1.0;;;0081
2023-10-30 00:00:00;Segunda;1.0;;;0129
2023-10-30 00:00:00;Segunda;2.0;;;0056
2023-10-30 00:00:00;Segunda;2.0;;;0078
2023-10-31 00:00:00;Terça;3.0;;;0097
2023-10-31 00:00:00;Terça;2.0;;;0010
2023-10-31 00:00:00;Terça;1.0;;;0044
2023-10-31 00:00:00;Terça;1.0;2026-10-08 00:00:00;;0005
2023-10-31 00:00:00;Terça;1.0;2026-10-05 00:00:00;;0004
2023-10-31 00:00:00;Terça;1.0;;;0116
2023-10-31 00:00:00;Terça;2.0;;;0063
2023-11-01 00:00:00;Quarta;2.0;;;0021
2023-11-01 00:00:00;Quarta;1.0;;;0132
2023-11-01 00:00:00;Quarta;2.0;;;0125
2023-11-02 00:00:00;Quinta;2.0;;;0129
2023-11-02 00:00:00;Quinta;1.0;;;0019
2023-11-03 00:00:00;Sexta;2.0;;;0120
2023-11-03 00:00:00;Sexta;2.0;;;0030
2023-11-03 00:00:00;Sexta;1.0;;;0025
2023-11-03 00:00:00;Sexta;1.0;2026-03-02 00:00:00;;0089
2023-11-03 00:00:00;Sexta;2.0;;;0050
2023-11-03 00:00:00;Sexta;1.0;;;0044
2023-11-04 00:00:00;Sábado;1.0;;;0019
2023-11-04 00:00:00;Sábado;1.0;;;0118
2023-11-04 00:00:00;Sábado;3.0;;;0054
2023-11-06 00:00:00;Segunda;1.0;;;0095
2023-11-06 00:00:00;Segunda;1.0;;;0099
2023-11-06 00:00:00;Segunda;1.0;;;0112
2023-11-06 00:00:00;Segunda;1.0;;;0129
2023-11-06 00:00:00;Segunda;2.0;;;0061
2023-11-07 00:00:00;Terça;2.0;;;0018
2023-11-07 00:00:00;Terça;1.0;2026-10-07 00:00:00;;0008
2023-11-08 00:00:00;Quarta;2.0;;;0010
2023-11-08 00:00:00;Quarta;1.0;;;0099
2023-11-08 00:00:00;Quarta;2.0;;;0063
2023-11-08 00:00:00;Quarta;1.0;;;0044
2023-11-08 00:00:00;Quarta;1.0;2026-11-06 00:00:00;;0004
2023-11-09 00:00:00;Quinta;1.0;2026-03-03 00:00:00;;0089
2023-11-09 00:00:00;Quinta;1.0;;;0019
2023-11-09 00:00:00;Quinta;1.0;;;0040
2023-11-09 00:00:00;Quinta;1.0;;;0129
2023-11-09 00:00:00;Quinta;2.0;;;0056
2023-11-09 00:00:00;Quinta;1.0;;;0127
2023-11-09 00:00:00;Quinta;1.0;;;0049
2023-11-13 00:00:00;Segunda;2.0;;;0050
2023-11-13 00:00:00;Segunda;1.0;;;0013
2023-11-13 00:00:00;Segunda;1.0;;;0044
2023-11-13 00:00:00;Segunda;1.0;;;0045
2023-11-13 00:00:00;Segunda;1.0;;;0118
2023-11-13 00:00:00;Segunda;1.0;;;0079
2023-11-13 00:00:00;Segunda;1.0;;;0019
2023-11-13 00:00:00;Segunda;1.0;;;0129
2023-11-13 00:00:00;Segunda;2.0;;;0030
2023-11-13 00:00:00;Segunda;2.0;;;0021
2023-11-14 00:00:00;Terça;2.0;03/16;;0010
2023-11-14 00:00:00;Terça;1.0;;;0077
2023-11-14 00:00:00;Terça;1.0;;;0086
2023-11-14 00:00:00;Terça;2.0;;;0054
2023-11-14 00:00:00;Terça;1.0;;;0132
2023-11-14 00:00:00;Terça;1.0;2026-10-10 00:00:00;;0008
2023-11-16 00:00:00;Quinta;2.0;;;0061
2023-11-16 00:00:00;Quinta;1.0;;;0002
2023-11-16 00:00:00;Quinta;1.0;;;0089
2023-11-16 00:00:00;Quinta;2.0;;;0030
2023-11-16 00:00:00;Quinta;1.0;;;0099
2023-11-17 00:00:00;Sexta;1.0;;;0129
2023-11-17 00:00:00;Sexta;2.0;;;0063
2023-11-17 00:00:00;Sexta;1.0;2026-11-07 00:00:00;;0004
2023-11-18 00:00:00;Sábado;2.0;;;0070
2023-11-18 00:00:00;Sábado;2.0;;;0050
2023-11-18 00:00:00;Sábado;1.0;;;0019
2023-11-18 00:00:00;Sábado;1.0;;;0044
2023-11-18 00:00:00;Sábado;1.0;;;0025
2023-11-20 00:00:00;Segunda;1.0;;;0127
2023-11-20 00:00:00;Segunda;1.0;;;0041
2023-11-20 00:00:00;Segunda;2.0;;;0018
2023-11-20 00:00:00;Segunda;1.0;;;0126
2023-11-20 00:00:00;Segunda;1.0;;;0129
2023-11-20 00:00:00;Segunda;1.0;;;0055
2023-11-20 00:00:00;Segunda;1.0;;;0095
2023-11-20 00:00:00;Segunda;2.0;;;0097
2023-11-20 00:00:00;Segunda;1.0;;;0118
2023-11-20 00:00:00;Segunda;1.0;;;0112
2023-11-21 00:00:00;Terça;1.0;2026-10-01 00:00:00;;0005
2023-11-21 00:00:00;Terça;2.0;;;0078
2023-11-21 00:00:00;Terça;2.0;;;0063
2023-11-21 00:00:00;Terça;1.0;;;0044
2023-11-21 00:00:00;Terça;3.0;;;0054
2023-11-22 00:00:00;Quarta;2.0;;;0120
2023-11-22 00:00:00;Quarta;2.0;;;0099
2023-11-22 00:00:00;Quarta;2.0;;;0134
2023-11-23 00:00:00;Quinta;1.0;;;0129
2023-11-23 00:00:00;Quinta;2.0;;;0056
2023-11-23 00:00:00;Quinta;2.0;;;0010
2023-11-23 00:00:00;Quinta;2.0;;;0061
2023-11-23 00:00:00;Quinta;2.0;;;0050
2023-11-23 00:00:00;Quinta;1.0;;;0132
2023-11-23 00:00:00;Quinta;1.0;;;0044
2023-11-24 00:00:00;Sexta;2.0;;;0030
2023-11-24 00:00:00;Sexta;1.0;;;0019
2023-11-24 00:00:00;Sexta;1.0;2026-03-01 00:00:00;;0089
2023-11-24 00:00:00;Sexta;2.0;07/16;;0010
2023-11-25 00:00:00;Sábado;1.0;2026-10-02 00:00:00;;0008
2023-11-25 00:00:00;Sábado;2.0;;;0021
2023-11-25 00:00:00;Sábado;1.0;2026-11-08 00:00:00;;0004
2023-11-27 00:00:00;Segunda;1.0;;;0112
2023-11-27 00:00:00;Segunda;1.0;;;0086
2023-11-27 00:00:00;Segunda;1.0;;;0025
2023-11-27 00:00:00;Segunda;1.0;;;0044
2023-11-27 00:00:00;Segunda;1.0;;;0129
2023-11-27 00:00:00;Segunda;2.0;;;0063
2023-11-27 00:00:00;Segunda;2.0;;;0046
2023-11-28 00:00:00;Terça;1.0;;;0081
2023-11-28 00:00:00;Terça;1.0;07/15;;0010
2023-11-28 00:00:00;Terça;1.0;;;0041
2023-11-28 00:00:00;Terça;3.0;;;0054
2023-11-29 00:00:00;Quarta;2.0;;;0030
2023-11-29 00:00:00;Quarta;1.0;;;0127
2023-11-29 00:00:00;Quarta;1.0;;;0118
2023-11-29 00:00:00;Quarta;1.0;;;0042
2023-11-30 00:00:00;Quinta;1.0;;;0045
2023-11-30 00:00:00;Quinta;1.0;;;0001
2023-11-30 00:00:00;Quinta;1.0;2026-10-03 00:00:00;;0008
2023-11-30 00:00:00;Quinta;1.0;;;0019
2023-11-30 00:00:00;Quinta;1.0;;;0129
2023-11-30 00:00:00;Quinta;1.0;;;0044
2023-12-01 00:00:00;Sexta;1.0;;;0126
2023-12-01 00:00:00;Sexta;1.0;2026-03-02 00:00:00;;0089
2023-12-01 00:00:00;Sexta;1.0;;;0041
2023-12-01 00:00:00;Sexta;2.0;;;0120
2023-12-01 00:00:00;Sexta;1.0;;;0099
2023-12-01 00:00:00;Sexta;1.0;;;0129
2023-12-01 00:00:00;Sexta;2.0;;;0125
2023-12-01 00:00:00;Sexta;2.0;;;0050
2023-12-02 00:00:00;Sábado;2.0;;;0061
2023-12-02 00:00:00;Sábado;2.0;;;0120
2023-12-04 00:00:00;Segunda;2.0;;;0030
2023-12-04 00:00:00;Segunda;2.0;;;0063
2023-12-04 00:00:00;Segunda;1.0;;;0112
2023-12-04 00:00:00;Segunda;1.0;;;0025
2023-12-04 00:00:00;Segunda;1.0;;;0040
2023-12-04 00:00:00;Segunda;2.0;;;0018
2023-12-04 00:00:00;Segunda;1.0;;;0059
2023-12-05 00:00:00;Terça;2.0;;;0133
2023-12-05 00:00:00;Terça;1.0;;;0049
2023-12-05 00:00:00;Terça;1.0;;;0132
2023-12-05 00:00:00;Terça;1.0;;;0044
2023-12-05 00:00:00;Terça;1.0;;;0054
2023-12-06 00:00:00;Quarta;1.0;2026-10-04 00:00:00;;0005
2023-12-06 00:00:00;Quarta;1.0;;;0118
2023-12-06 00:00:00;Quarta;1.0;;;0095
2023-12-06 00:00:00;Quarta;1.0;;;0050
2023-12-07 00:00:00;Quinta;3.0;;;0097
2023-12-07 00:00:00;Quinta;2.0;09/15;;0010
2023-12-07 00:00:00;Quinta;1.0;;;0127
2023-12-07 00:00:00;Quinta;2.0;;;0021
2023-12-07 00:00:00;Quinta;2.0;;;0056
2023-12-07 00:00:00;Quinta;1.0;;;0129
2023-12-09 00:00:00;Sábado;2.0;;;0099
2023-12-09 00:00:00;Sábado;1.0;;;0044
2023-12-11 00:00:00;Segunda;1.0;;;0025
2023-12-11 00:00:00;Segunda;1.0;;;0129
2023-12-11 00:00:00;Segunda;2.0;;;0063
2023-12-11 00:00:00;Segunda;1.0;;;0086
2023-12-11 00:00:00;Segunda;1.0;;;0040
2023-12-11 00:00:00;Segunda;2.0;;;0054
2023-12-11 00:00:00;Segunda;2.0;;;0061
2023-12-11 00:00:00;Segunda;1.0;2026-10-10 00:00:00;;0004
2023-12-12 00:00:00;Terça;1.0;2026-03-01 00:00:00;;0089
2023-12-12 00:00:00;Terça;1.0;;;0002
2023-12-12 00:00:00;Terça;1.0;;;0044
2023-12-12 00:00:00;Terça;1.0;2026-10-05 00:00:00;;0005
2023-12-13 00:00:00;Quarta;1.0;;;0112
2023-12-13 00:00:00;Quarta;1.0;;;0118
2023-12-13 00:00:00;Quarta;1.0;;;0127
2023-12-13 00:00:00;Quarta;2.0;;;0010
2023-12-13 00:00:00;Quarta;2.0;;;0097
2023-12-14 00:00:00;Quinta;2.0;;;0063
2023-12-14 00:00:00;Quinta;1.0;;;0129
2023-12-14 00:00:00;Quinta;1.0;;;0044
2023-12-15 00:00:00;Sexta;2.0;;;0050
2023-12-15 00:00:00;Sexta;2.0;;;0134
2023-12-15 00:00:00;Sexta;2.0;;;0010
2023-12-15 00:00:00;Sexta;1.0;;;0040
2023-12-16 00:00:00;Sábado;1.0;;;0025
2023-12-16 00:00:00;Sábado;2.0;;;0021
2023-12-16 00:00:00;Sábado;1.0;;;0054
2023-12-18 00:00:00;Segunda;1.0;;;0129
2023-12-18 00:00:00;Segunda;1.0;;;0044
2023-12-18 00:00:00;Segunda;1.0;2026-03-02 00:00:00;;0089
2023-12-18 00:00:00;Segunda;2.0;;;0120
2023-12-18 00:00:00;Segunda;2.0;;;0099
2023-12-18 00:00:00;Segunda;2.0;;;0018
2023-12-18 00:00:00;Segunda;1.0;;;0022
2023-12-19 00:00:00;Terça;3.0;;;0030
2023-12-19 00:00:00;Terça;1.0;2026-10-06 00:00:00;;0005
2023-12-19 00:00:00;Terça;1.0;2026-12-01 00:00:00;;0004
2023-12-19 00:00:00;Terça;2.0;;;0054
2023-12-19 00:00:00;Terça;1.0;;;0040
2023-12-19 00:00:00;Terça;2.0;;;0078
2023-12-19 00:00:00;Terça;2.0;;;0125
2023-12-19 00:00:00;Terça;2.0;;;0061
2023-12-20 00:00:00;Quarta;1.0;;;0044
2023-12-20 00:00:00;Quarta;1.0;;;0132
2023-12-20 00:00:00;Quarta;2.0;;;0050
2023-12-20 00:00:00;Quarta;1.0;;;0118
2023-12-21 00:00:00;Quinta;1.0;;;0129
2023-12-21 00:00:00;Quinta;1.0;;;0054
2023-12-21 00:00:00;Quinta;2.0;;;0010
2023-12-22 00:00:00;Sexta;1.0;;;0127
2023-12-22 00:00:00;Sexta;2.0;;;0056
2023-12-22 00:00:00;Sexta;1.0;;;0095
2023-12-22 00:00:00;Sexta;1.0;2026-03-03 00:00:00;;0089
2023-12-23 00:00:00;Sábado;2.0;;;0010
2023-12-23 00:00:00;Sábado;2.0;;;0133
2023-12-23 00:00:00;Sábado;1.0;;;0040
2023-12-23 00:00:00;Sábado;1.0;;;0129
2023-12-23 00:00:00;Sábado;1.0;;;0044
2023-12-26 00:00:00;Terça;2.0;;;0050
2023-12-26 00:00:00;Terça;2.0;;;0099
2023-12-26 00:00:00;Terça;1.0;;;0025
2023-12-26 00:00:00;Terça;2.0;;;0030
2023-12-26 00:00:00;Terça;2.0;;;0063
2023-12-26 00:00:00;Terça;1.0;;;0054
2023-12-26 00:00:00;Terça;1.0;;;0126
2023-12-27 00:00:00;Quarta;1.0;2026-10-07 00:00:00;;0005
2023-12-27 00:00:00;Quarta;1.0;10;;0004
2023-12-27 00:00:00;Quarta;1.0;;;0129
2023-12-27 00:00:00;Quarta;1.0;;;0112
2023-12-28 00:00:00;Quinta;2.0;;;0061
2023-12-28 00:00:00;Quinta;1.0;;;0120
2023-12-28 00:00:00;Quinta;1.0;;;0040
2023-12-28 00:00:00;Quinta;1.0;;;0044
2023-12-29 00:00:00;Sexta;1.0;;;0127
2023-12-30 00:00:00;Sábado;1.0;;;0132
2023-12-30 00:00:00;Sábado;2.0;;;0021
2023-12-30 00:00:00;Sábado;1.0;2026-03-01 00:00:00;;0089
2023-12-30 00:00:00;Sábado;1.0;;;0081
2023-12-30 00:00:00;Sábado;1.0;;Deve;0129
2024-01-02 00:00:00;Terça;2.0;;;0134
2024-01-02 00:00:00;Terça;2.0;;;0018
2024-01-02 00:00:00;Terça;1.0;;;0129
2024-01-02 00:00:00;Terça;1.0;;;0112
2024-01-02 00:00:00;Terça;2.0;;;0050
2024-01-02 00:00:00;Terça;2.0;;;0120
2024-01-02 00:00:00;Terça;2.0;;;0063
2024-01-02 00:00:00;Terça;1.0;;;0040
2024-01-03 00:00:00;Quarta;2.0;;;0030
2024-01-03 00:00:00;Quarta;2.0;;;0133
2024-01-03 00:00:00;Quarta;1.0;;;0049
2024-01-03 00:00:00;Quarta;1.0;2026-10-08 00:00:00;;0005
2024-01-03 00:00:00;Quarta;1.0;2026-10-01 00:00:00;;0004
2024-01-04 00:00:00;Quinta;1.0;;;0044
2024-01-04 00:00:00;Quinta;2.0;;;0099
2024-01-04 00:00:00;Quinta;2.0;;;0016
2024-01-05 00:00:00;Sexta;1.0;2026-03-02 00:00:00;;0089
2024-01-05 00:00:00;Sexta;2.0;;;0010
2024-01-05 00:00:00;Sexta;1.0;;;0025
2024-01-05 00:00:00;Sexta;1.0;;;0129
2024-01-05 00:00:00;Sexta;1.0;;;0118
2024-01-05 00:00:00;Sexta;2.0;;;0078
2024-01-05 00:00:00;Sexta;1.0;;;0040
2024-01-05 00:00:00;Sexta;2.0;;;0054
2024-01-06 00:00:00;Sábado;1.0;;;0044
2024-01-08 00:00:00;Segunda;1.0;;;0129
2024-01-08 00:00:00;Segunda;2.0;;;0097
2024-01-08 00:00:00;Segunda;2.0;;;0061
2024-01-08 00:00:00;Segunda;1.0;;;0127
2024-01-09 00:00:00;Terça;2.0;;;0056
2024-01-09 00:00:00;Terça;1.0;;;0054
2024-01-09 00:00:00;Terça;1.0;;;0095
2024-01-09 00:00:00;Terça;1.0;;;0040
2024-01-09 00:00:00;Terça;1.0;2026-10-09 00:00:00;;0005
2024-01-09 00:00:00;Terça;2.0;;;0063
2024-01-10 00:00:00;Quarta;1.0;;;0044
2024-01-10 00:00:00;Quarta;1.0;2026-10-02 00:00:00;;0004
2024-01-11 00:00:00;Quinta;1.0;;;0045
2024-01-11 00:00:00;Quinta;2.0;;;0050
2024-01-12 00:00:00;Sexta;1.0;;;0025
2024-01-12 00:00:00;Sexta;2.0;13/15;;0010
2024-01-12 00:00:00;Sexta;1.0;;;0081
2024-01-12 00:00:00;Sexta;1.0;;;0129
2024-01-13 00:00:00;Sábado;3.0;;;0134
2024-01-13 00:00:00;Sábado;2.0;;;0021
2024-01-13 00:00:00;Sábado;1.0;;;0040
2024-01-13 00:00:00;Sábado;1.0;;;0044
2024-01-15 00:00:00;Segunda;1.0;2026-10-10 00:00:00;;0005
2024-01-15 00:00:00;Segunda;2.0;;;0099
2024-01-15 00:00:00;Segunda;1.0;;;0129
2024-01-15 00:00:00;Segunda;2.0;02/15;;0010
2024-01-15 00:00:00;Segunda;2.0;;;0125
2024-01-15 00:00:00;Segunda;1.0;;;0086
2024-01-15 00:00:00;Segunda;1.0;;;0044
2024-01-16 00:00:00;Terça;2.0;;;0097
2024-01-16 00:00:00;Terça;2.0;;;0120
2024-01-16 00:00:00;Terça;1.0;;;0118
2024-01-16 00:00:00;Terça;2.0;;;0061
2024-01-16 00:00:00;Terça;1.0;2026-10-03 00:00:00;;0004
2024-01-16 00:00:00;Terça;1.0;;;0127
2024-01-17 00:00:00;Quarta;2.0;;;0134
2024-01-17 00:00:00;Quarta;2.0;;;0078
2024-01-17 00:00:00;Quarta;2.0;;;0050
2024-01-17 00:00:00;Quarta;2.0;;;0063
2024-01-17 00:00:00;Quarta;1.0;;;0025
2024-01-17 00:00:00;Quarta;1.0;2026-03-01 00:00:00;;0089
2024-01-18 00:00:00;Quinta;1.0;;;0129
2024-01-18 00:00:00;Quinta;2.0;13/15;;0010
2024-01-18 00:00:00;Quinta;1.0;;;0040
2024-01-18 00:00:00;Quinta;1.0;2026-03-02 00:00:00;;0089
2024-01-18 00:00:00;Quinta;2.0;;;0030
2024-01-19 00:00:00;Sexta;1.0;;;0044
2024-01-19 00:00:00;Sexta;1.0;2026-10-01 00:00:00;;0005
2024-01-19 00:00:00;Sexta;1.0;2026-03-02 00:00:00;;0089
2024-01-19 00:00:00;Sexta;1.0;;;0025
2024-01-22 00:00:00;Segunda;1.0;;;0040
2024-01-22 00:00:00;Segunda;2.0;;;0018
2024-01-22 00:00:00;Segunda;2.0;;;0123
2024-01-22 00:00:00;Segunda;1.0;;;0050
2024-01-22 00:00:00;Segunda;1.0;3;;0132
2024-01-22 00:00:00;Segunda;1.0;;;0129
2024-01-22 00:00:00;Segunda;1.0;;;0095
2024-01-22 00:00:00;Segunda;2.0;;;0097
2024-01-22 00:00:00;Segunda;1.0;;;0044
2024-01-22 00:00:00;Segunda;2.0;11/15;;0010
2024-01-23 00:00:00;Terça;2.0;;;0134
2024-01-23 00:00:00;Terça;1.0;;;0118
2024-01-23 00:00:00;Terça;1.0;;;0099
2024-01-23 00:00:00;Terça;1.0;2026-10-04 00:00:00;;0004
2024-01-23 00:00:00;Terça;2.0;;;0056
2024-01-24 00:00:00;Quarta;1.0;;;0044
2024-01-24 00:00:00;Quarta;1.0;;;0127
2024-01-24 00:00:00;Quarta;2.0;;;0061
2024-01-24 00:00:00;Quarta;1.0;;;0054
2024-01-24 00:00:00;Quarta;1.0;;;0089
2024-01-24 00:00:00;Quarta;1.0;;;0025
2024-01-24 00:00:00;Quarta;1.0;2026-10-02 00:00:00;;0005
2024-01-24 00:00:00;Quarta;1.0;;;0129
2024-01-24 00:00:00;Quarta;1.0;;;0049
2024-01-25 00:00:00;Quinta;1.0;;;0040
2024-01-25 00:00:00;Quinta;1.0;;;0081
2024-01-25 00:00:00;Quinta;2.0;;;0030
2024-01-26 00:00:00;Sexta;1.0;;;0099
2024-01-26 00:00:00;Sexta;2.0;;;0063
2024-01-26 00:00:00;Sexta;1.0;;;0112
2024-01-27 00:00:00;Sábado;1.0;;;0044
2024-01-27 00:00:00;Sábado;1.0;12/15;;0010
2024-01-27 00:00:00;Sábado;1.0;;;0129
2024-01-27 00:00:00;Sábado;2.0;;;0021
2024-01-27 00:00:00;Sábado;1.0;2026-10-05 00:00:00;;0004
2024-01-29 00:00:00;Segunda;1.0;;;0025
2024-01-29 00:00:00;Segunda;2.0;;;0054
2024-01-29 00:00:00;Segunda;1.0;;;0045
2024-01-29 00:00:00;Segunda;1.0;;;0051
2024-01-29 00:00:00;Segunda;1.0;;;0086
2024-01-29 00:00:00;Segunda;1.0;;;0040
2024-01-29 00:00:00;Segunda;1.0;;;0005
2024-01-30 00:00:00;Terça;2.0;;;0133
2024-01-30 00:00:00;Terça;2.0;;;0030
2024-01-30 00:00:00;Terça;1.0;;;0129
2024-01-30 00:00:00;Terça;1.0;;;0044
2024-01-30 00:00:00;Terça;2.0;;;0120
2024-01-30 00:00:00;Terça;1.0;;;0002
2024-01-31 00:00:00;Quarta;1.0;2026-03-01 00:00:00;;0089
2024-01-31 00:00:00;Quarta;1.0;;;0127
2024-01-31 00:00:00;Quarta;1.0;;;0132
2024-01-31 00:00:00;Quarta;1.0;;;0118
2024-02-01 00:00:00;Quinta;2.0;;;0010
2024-02-01 00:00:00;Quinta;1.0;;;0076
2024-02-01 00:00:00;Quinta;2.0;;;0061
2024-02-01 00:00:00;Quinta;1.0;;;0054
2024-02-02 00:00:00;Sexta;2.0;;;0134
2024-02-02 00:00:00;Sexta;2.0;;;0010
2024-02-02 00:00:00;Sexta;2.0;;;0099
2024-02-02 00:00:00;Sexta;1.0;2026-03-02 00:00:00;;0089
2024-02-02 00:00:00;Sexta;1.0;;;0112
2024-02-02 00:00:00;Sexta;1.0;2026-10-04 00:00:00;;0005
2024-02-02 00:00:00;Sexta;1.0;2026-10-06 00:00:00;;0004
2024-02-03 00:00:00;Sábado;1.0;;;0025
2024-02-03 00:00:00;Sábado;2.0;;;0030
2024-02-03 00:00:00;Sábado;2.0;;1 vaso;0134
2024-02-03 00:00:00;Sábado;1.0;2026-02-01 00:00:00;;0129
2024-02-03 00:00:00;Sábado;2.0;;1 vaso;0050
2024-02-03 00:00:00;Sábado;2.0;;;0018
2024-02-05 00:00:00;Segunda;1.0;;;0129
2024-02-05 00:00:00;Segunda;2.0;;;0078
2024-02-05 00:00:00;Segunda;1.0;;;0076
2024-02-05 00:00:00;Segunda;2.0;;;0054
2024-02-05 00:00:00;Segunda;2.0;;;0063
2024-02-05 00:00:00;Segunda;1.0;;;0044
2024-02-06 00:00:00;Terça;2.0;;;0056
2024-02-06 00:00:00;Terça;1.0;;;0095
2024-02-06 00:00:00;Terça;1.0;;;0118
2024-02-06 00:00:00;Terça;1.0;;;0054
2024-02-07 00:00:00;Quarta;1.0;;;0129
2024-02-07 00:00:00;Quarta;1.0;;;0050
2024-02-07 00:00:00;Quarta;1.0;2026-10-05 00:00:00;;0005
2024-02-08 00:00:00;Quinta;1.0;;;0127
2024-02-08 00:00:00;Quinta;3.0;;;0097
2024-02-08 00:00:00;Quinta;1.0;2026-02-01 00:00:00;;0129
2024-02-08 00:00:00;Quinta;1.0;;;0086
2024-02-08 00:00:00;Quinta;1.0;;;0044
2024-02-08 00:00:00;Quinta;2.0;;;0061
2024-02-08 00:00:00;Quinta;1.0;;;0076
2024-02-09 00:00:00;Sexta;1.0;;;0089
2024-02-09 00:00:00;Sexta;1.0;;;0099
2024-02-09 00:00:00;Sexta;2.0;;;0133
2024-02-10 00:00:00;Sábado;2.0;;;0021
2024-02-10 00:00:00;Sábado;2.0;;;0063
2024-02-10 00:00:00;Sábado;3.0;;;0054
2024-02-10 00:00:00;Sábado;1.0;;;0132
2024-02-10 00:00:00;Sábado;1.0;;;0044
2024-02-10 00:00:00;Sábado;1.0;;;0081
2024-02-10 00:00:00;Sábado;1.0;;;0025
2024-02-10 00:00:00;Sábado;2.0;;;0050
2024-02-14 00:00:00;Quarta;2.0;;;0050
2024-02-14 00:00:00;Quarta;1.0;;;0099
2024-02-14 00:00:00;Quarta;2.0;;;0097
2024-02-14 00:00:00;Quarta;2.0;;;0054
2024-02-14 00:00:00;Quarta;1.0;;;0044
2024-02-14 00:00:00;Quarta;2.0;;;0120
2024-02-14 00:00:00;Quarta;1.0;2026-10-07 00:00:00;;0004
2024-02-14 00:00:00;Quarta;1.0;;;0129
2024-02-14 00:00:00;Quarta;1.0;;;0127
2024-02-15 00:00:00;Quinta;1.0;;;0095
2024-02-15 00:00:00;Quinta;3.0;;;0010
2024-02-15 00:00:00;Quinta;1.0;;;0025
2024-02-15 00:00:00;Quinta;1.0;;;0051
2024-02-15 00:00:00;Quinta;1.0;;;0018
2024-02-16 00:00:00;Sexta;1.0;;;0044
2024-02-16 00:00:00;Sexta;1.0;2026-10-06 00:00:00;;0005
2024-02-16 00:00:00;Sexta;1.0;;;0118
2024-02-16 00:00:00;Sexta;2.0;;;0134
2024-02-16 00:00:00;Sexta;1.0;;;0045
2024-02-16 00:00:00;Sexta;1.0;;;0076
2024-02-17 00:00:00;Sábado;1.0;;;0089
2024-02-17 00:00:00;Sábado;1.0;;;0006
2024-02-17 00:00:00;Sábado;2.0;;;0030
2024-02-19 00:00:00;Segunda;1.0;;;0129
2024-02-19 00:00:00;Segunda;1.0;;;0086
2024-02-19 00:00:00;Segunda;1.0;;;0044
2024-02-19 00:00:00;Segunda;2.0;;;0061
2024-02-19 00:00:00;Segunda;2.0;;;0063
2024-02-20 00:00:00;Terça;1.0;;;0112
2024-02-20 00:00:00;Terça;2.0;;;0054
2024-02-20 00:00:00;Terça;2.0;;;0050
2024-02-20 00:00:00;Terça;1.0;;;0127
2024-02-21 00:00:00;Quarta;1.0;;;0025
2024-02-21 00:00:00;Quarta;2.0;;;0099
2024-02-21 00:00:00;Quarta;1.0;;;0132
2024-02-22 00:00:00;Quinta;1.0;;;0044
2024-02-22 00:00:00;Quinta;3.0;;;0097
2024-02-22 00:00:00;Quinta;1.0;2026-10-07 00:00:00;;0005
2024-02-22 00:00:00;Quinta;2.0;;;0018
2024-02-22 00:00:00;Quinta;2.0;;;0010
2024-02-22 00:00:00;Quinta;1.0;;;0129
2024-02-23 00:00:00;Sexta;2.0;;;0010
2024-02-23 00:00:00;Sexta;1.0;;;0118
2024-02-23 00:00:00;Sexta;2.0;;;0056
2024-02-23 00:00:00;Sexta;1.0;;;0044
2024-02-25 00:00:00;Segunda;2.0;;;0054
2024-02-25 00:00:00;Segunda;1.0;;;0088
2024-02-25 00:00:00;Segunda;1.0;;;0129
2024-02-25 00:00:00;Segunda;2.0;;;0120
2024-02-25 00:00:00;Segunda;2.0;;;0061
2024-02-25 00:00:00;Segunda;1.0;2026-10-08 00:00:00;;0005
2024-02-25 00:00:00;Segunda;2.0;;;0097
2024-02-27 00:00:00;Terça;1.0;;;0049
2024-02-27 00:00:00;Terça;1.0;;;0025
2024-02-27 00:00:00;Terça;1.0;;;0044
2024-02-27 00:00:00;Terça;1.0;;;0115
2024-02-27 00:00:00;Terça;2.0;;;0063
2024-02-27 00:00:00;Terça;1.0;;;0127
2024-02-27 00:00:00;Terça;2.0;;;0050
2024-02-28 00:00:00;Quarta;1.0;2026-10-08 00:00:00;;0004
2024-02-28 00:00:00;Quarta;1.0;3;;0126
2024-02-28 00:00:00;Quarta;1.0;;;0081
2024-02-29 00:00:00;Quinta;1.0;;;0099
2024-02-29 00:00:00;Quinta;1.0;;;0112
2024-02-29 00:00:00;Quinta;1.0;;;0129
2024-02-29 00:00:00;Quinta;1.0;;;0014
2024-02-29 00:00:00;Quinta;1.0;;;0054
2024-02-29 00:00:00;Quinta;1.0;;;0044
2024-02-29 00:00:00;Quinta;2.0;15;;0010
2024-03-01 00:00:00;Sexta;1.0;2026-10-09 00:00:00;;0005
2024-03-01 00:00:00;Sexta;1.0;;;0095
2024-03-01 00:00:00;Sexta;1.0;;;0089
2024-03-01 00:00:00;Sexta;2.0;;;0125
2024-03-01 00:00:00;Sexta;1.0;;;0118
2024-03-02 00:00:00;Sábado;1.0;;;0132
2024-03-02 00:00:00;Sábado;2.0;;;0021
2024-03-02 00:00:00;Sábado;2.0;;;0063
2024-03-02 00:00:00;Sábado;1.0;;;0118
2024-03-02 00:00:00;Sábado;1.0;;;0044
2024-03-04 00:00:00;Segunda;1.0;;;0127
2024-03-04 00:00:00;Segunda;1.0;;;0129
2024-03-04 00:00:00;Segunda;3.0;;;0054
2024-03-04 00:00:00;Segunda;2.0;;;0010
2024-03-04 00:00:00;Segunda;2.0;;;0061
2024-03-04 00:00:00;Segunda;4.0;;;0134
2024-03-04 00:00:00;Segunda;2.0;;;0018
2024-03-04 00:00:00;Segunda;1.0;;;0086
2024-03-05 00:00:00;Terça;2.0;;;0030
2024-03-05 00:00:00;Terça;2.0;;;0078
2024-03-05 00:00:00;Terça;2.0;;;0099
2024-03-05 00:00:00;Terça;1.0;;;0005
2024-03-05 00:00:00;Terça;1.0;;;0044
2024-03-06 00:00:00;Quarta;2.0;;;0056
2024-03-06 00:00:00;Quarta;1.0;;;0129
2024-03-06 00:00:00;Quarta;1.0;2026-10-09 00:00:00;;0004
2024-03-07 00:00:00;Quinta;1.0;;;0044
2024-03-07 00:00:00;Quinta;1.0;;;0089
2024-03-07 00:00:00;Quinta;1.0;;;0118
2024-03-07 00:00:00;Quinta;2.0;;;0050
2024-03-07 00:00:00;Quinta;2.0;;;0120
2024-03-08 00:00:00;Sexta;2.0;;;0030
2024-03-08 00:00:00;Sexta;2.0;2026-05-11 00:00:00;;0010
2024-03-08 00:00:00;Sexta;2.0;;;0063
2024-03-08 00:00:00;Sexta;1.0;;;0112
2024-03-09 00:00:00;Sábado;1.0;;;0044
2024-03-09 00:00:00;Sábado;1.0;2026-10-01 00:00:00;;0005
2024-03-09 00:00:00;Sábado;3.0;;;0054
2024-03-11 00:00:00;Segunda;1.0;;;0089
2024-03-11 00:00:00;Segunda;2.0;;;0061
2024-03-11 00:00:00;Segunda;1.0;;;0127
2024-03-11 00:00:00;Segunda;1.0;;;0081
2024-03-11 00:00:00;Segunda;2.0;02/15;;0010
2024-03-11 00:00:00;Segunda;2.0;;;0129
2024-03-11 00:00:00;Segunda;1.0;;;0025
2024-03-11 00:00:00;Segunda;1.0;;;0086
2024-03-12 00:00:00;Terça;1.0;;vaso;0007
2024-03-12 00:00:00;Terça;2.0;;;0021
2024-03-12 00:00:00;Terça;1.0;;;0044
2024-03-12 00:00:00;Terça;1.0;;;0095
2024-03-13 00:00:00;Quarta;2.0;04/15;;0010
2024-03-13 00:00:00;Quarta;2.0;;;0097
2024-03-13 00:00:00;Quarta;1.0;2026-10-10 00:00:00;;0004
2024-03-13 00:00:00;Quarta;1.0;2026-10-02 00:00:00;;0005
2024-03-14 00:00:00;Quinta;2.0;;;0099
2024-03-14 00:00:00;Quinta;1.0;;;0118
2024-03-14 00:00:00;Quinta;2.0;;;0063
2024-03-14 00:00:00;Quinta;1.0;;;0044
2024-03-15 00:00:00;Sexta;1.0;;;0025
2024-03-15 00:00:00;Sexta;2.0;;;0018
2024-03-16 00:00:00;Sábado;1.0;;;0089
2024-03-16 00:00:00;Sábado;3.0;;;0054
2024-03-16 00:00:00;Sábado;2.0;;;0050
2024-03-16 00:00:00;Sábado;1.0;;;0132
2024-03-16 00:00:00;Sábado;2.0;;;0030
2024-03-16 00:00:00;Sábado;1.0;;;0129
2024-03-18 00:00:00;Segunda;2.0;;;0061
2024-03-18 00:00:00;Segunda;1.0;;;0127
2024-03-18 00:00:00;Segunda;1.0;;;0045
2024-03-18 00:00:00;Segunda;1.0;;;0049
2024-03-18 00:00:00;Segunda;1.0;;;0044
2024-03-18 00:00:00;Segunda;1.0;2026-10-03 00:00:00;;0005
2024-03-19 00:00:00;Terça;1.0;;;0093
2024-03-19 00:00:00;Terça;1.0;;;0086
2024-03-19 00:00:00;Terça;3.0;;;0134
2024-03-19 00:00:00;Terça;2.0;;;0129
2024-03-19 00:00:00;Terça;1.0;;;0112
2024-03-19 00:00:00;Terça;1.0;;;0044
2024-03-20 00:00:00;Quarta;2.0;;;0030
2024-03-20 00:00:00;Quarta;2.0;;;0078
2024-03-21 00:00:00;Quinta;2.0;;;0120
2024-03-21 00:00:00;Quinta;2.0;06/15;;0010
2024-03-21 00:00:00;Quinta;1.0;;;0118
2024-03-22 00:00:00;Sexta;1.0;2026-10-04 00:00:00;;0005
2024-03-22 00:00:00;Sexta;1.0;5;;0126
2024-03-22 00:00:00;Sexta;2.0;;;0050
2024-03-22 00:00:00;Sexta;1.0;;;0089
2024-03-22 00:00:00;Sexta;2.0;;;0099
2024-03-22 00:00:00;Sexta;2.0;11/15;;0010
2024-03-22 00:00:00;Sexta;1.0;;;0095
2024-03-22 00:00:00;Sexta;2.0;;;0063
2024-03-22 00:00:00;Sexta;1.0;;;0066
2024-03-22 00:00:00;Sexta;2.0;;;0054
2024-03-23 00:00:00;Sábado;1.0;;;0025
2024-03-23 00:00:00;Sábado;1.0;2026-10-01 00:00:00;;0004
2024-03-23 00:00:00;Sábado;1.0;;;0129
2024-03-23 00:00:00;Sábado;3.0;;;0054
2024-03-25 00:00:00;Segunda;1.0;;;0132
2024-03-25 00:00:00;Segunda;1.0;;;0044
2024-03-25 00:00:00;Segunda;2.0;;;0030
2024-03-25 00:00:00;Segunda;1.0;;Vaso;0014
2024-03-26 00:00:00;Terça;2.0;04/15;;0016
2024-03-26 00:00:00;Terça;1.0;;;0081
2024-03-26 00:00:00;Terça;1.0;;;0127
2024-03-26 00:00:00;Terça;2.0;;;0021
2024-03-26 00:00:00;Terça;1.0;;;0129
2024-03-26 00:00:00;Terça;2.0;;;0063
2024-03-26 00:00:00;Terça;2.0;;;0061
2024-03-26 00:00:00;Terça;1.0;;;0086
2024-03-26 00:00:00;Terça;1.0;;;0044
2024-03-27 00:00:00;Quarta;2.0;;;0050
2024-03-27 00:00:00;Quarta;2.0;;;0046
2024-03-27 00:00:00;Quarta;1.0;2026-10-05 00:00:00;;0005
2024-03-27 00:00:00;Quarta;1.0;;;0089
2024-03-27 00:00:00;Quarta;1.0;;;0002
2024-03-27 00:00:00;Quarta;1.0;;Vaso;0024
2024-03-28 00:00:00;Quinta;1.0;;;0025
2024-03-30 00:00:00;Sexta;2.0;;;0120
2024-03-30 00:00:00;Sexta;2.0;;;0018
2024-03-30 00:00:00;Sexta;1.0;;;0129
2024-03-30 00:00:00;Sexta;1.0;;;0044
2024-04-01 00:00:00;Segunda;2.0;;;0097
2024-04-01 00:00:00;Segunda;1.0;;;0112
2024-04-01 00:00:00;Segunda;2.0;;;0056
2024-04-01 00:00:00;Segunda;1.0;;;0025
2024-04-01 00:00:00;Segunda;2.0;;;0054
2024-04-01 00:00:00;Segunda;1.0;;;0044
2024-04-02 00:00:00;Terça;1.0;;;0089
2024-04-02 00:00:00;Terça;1.0;;;0132
2024-04-02 00:00:00;Terça;1.0;;;0095
2024-04-02 00:00:00;Terça;4.0;04/15;;0010
2024-04-02 00:00:00;Terça;2.0;;;0099
2024-04-02 00:00:00;Terça;1.0;;;0118
2024-04-02 00:00:00;Terça;1.0;;;0026
2024-04-02 00:00:00;Terça;1.0;2026-10-06 00:00:00;;0005
2024-04-03 00:00:00;Quarta;1.0;;;0045
2024-04-03 00:00:00;Quarta;1.0;;;0127
2024-04-03 00:00:00;Quarta;1.0;;;0012
2024-04-03 00:00:00;Quarta;1.0;;;0044
2024-04-04 00:00:00;Quinta;1.0;2026-02-02 00:00:00;;0129
2024-04-04 00:00:00;Quinta;3.0;;;0097
2024-04-05 00:00:00;Sexta;2.0;;;0050
2024-04-05 00:00:00;Sexta;1.0;;;0126
2024-04-05 00:00:00;Sexta;1.0;;;0089
2024-04-05 00:00:00;Sexta;2.0;;;0061
2024-04-05 00:00:00;Sexta;1.0;;;0044
2024-04-06 00:00:00;Sábado;1.0;;;0049
2024-04-06 00:00:00;Sábado;4.0;;;0054
2024-04-08 00:00:00;Segunda;1.0;;;0044
2024-04-08 00:00:00;Segunda;2.0;;;0063
2024-04-08 00:00:00;Segunda;2.0;;;0078
2024-04-08 00:00:00;Segunda;1.0;2026-10-07 00:00:00;;0005
2024-04-08 00:00:00;Segunda;1.0;;;0086
2024-04-08 00:00:00;Segunda;1.0;;;0025
2024-04-09 00:00:00;Terça;1.0;;;0129
2024-04-09 00:00:00;Terça;2.0;;;0010
2024-04-09 00:00:00;Terça;1.0;;;0099
2024-04-09 00:00:00;Terça;1.0;;;0118
2024-04-09 00:00:00;Terça;1.0;;;0081
2024-04-09 00:00:00;Terça;1.0;;;0127
2024-04-10 00:00:00;Quarta;1.0;;;0112
2024-04-10 00:00:00;Quarta;1.0;;;0018
2024-04-10 00:00:00;Quarta;2.0;;;0095
2024-04-10 00:00:00;Quarta;1.0;2026-10-02 00:00:00;;0004
2024-04-10 00:00:00;Quarta;1.0;;;0044
2024-04-11 00:00:00;Quinta;1.0;;;0089
2024-04-11 00:00:00;Quinta;2.0;04/15;;0010
2024-04-11 00:00:00;Quinta;1.0;2026-10-08 00:00:00;;0005
2024-04-11 00:00:00;Quinta;1.0;;;0132
2024-04-11 00:00:00;Quinta;1.0;;;0033
2024-04-11 00:00:00;Quinta;1.0;;;0044
2024-04-12 00:00:00;Sexta;2.0;;;0120
2024-04-13 00:00:00;Sábado;1.0;;;0099
2024-04-13 00:00:00;Sábado;1.0;;;0007
2024-04-13 00:00:00;Sábado;2.0;;;0050
2024-04-15 00:00:00;Segunda;1.0;;;0129
2024-04-15 00:00:00;Segunda;1.0;;;0095
2024-04-15 00:00:00;Segunda;1.0;;;0089
2024-04-15 00:00:00;Segunda;1.0;;;0005
2024-04-15 00:00:00;Segunda;1.0;;;0025
2024-04-15 00:00:00;Segunda;1.0;;;0097
2024-04-15 00:00:00;Segunda;2.0;;;0063
2024-04-15 00:00:00;Segunda;2.0;;;0021
2024-04-15 00:00:00;Segunda;1.0;;;0002
2024-04-15 00:00:00;Segunda;1.0;;;0044
2024-04-16 00:00:00;Terça;3.0;;;0054
2024-04-16 00:00:00;Terça;1.0;;;0127
2024-04-16 00:00:00;Terça;1.0;;;0126
2024-04-16 00:00:00;Terça;1.0;2026-02-01 00:00:00;;0129
2024-04-16 00:00:00;Terça;1.0;;;0118
2024-04-16 00:00:00;Terça;2.0;;;0061
2024-04-17 00:00:00;Quarta;2.0;;;0010
2024-04-17 00:00:00;Quarta;1.0;;;0018
2024-04-18 00:00:00;Quinta;1.0;;;0007
2024-04-19 00:00:00;Sexta;1.0;;;0089
2024-04-19 00:00:00;Sexta;1.0;;;0033
2024-04-19 00:00:00;Sexta;1.0;;;0044
2024-04-19 00:00:00;Sexta;2.0;;;0010
2024-04-19 00:00:00;Sexta;1.0;;;0099
2024-04-19 00:00:00;Sexta;1.0;2026-10-10 00:00:00;;0005
2024-04-19 00:00:00;Sexta;2.0;;;0097
2024-04-20 00:00:00;Sábado;1.0;;;0045
2024-04-20 00:00:00;Sábado;1.0;;;0025
2024-04-22 00:00:00;Segunda;2.0;;;0097
2024-04-22 00:00:00;Segunda;2.0;;;0063
2024-04-22 00:00:00;Segunda;1.0;;;0086
2024-04-22 00:00:00;Segunda;1.0;;;0129
2024-04-22 00:00:00;Segunda;1.0;2026-10-03 00:00:00;;0004
2024-04-22 00:00:00;Segunda;1.0;;;0044
2024-04-23 00:00:00;Terça;2.0;;;0010
2024-04-23 00:00:00;Terça;1.0;;;0081
2024-04-23 00:00:00;Terça;1.0;;;0007
2024-04-23 00:00:00;Terça;2.0;;;0124
2024-04-24 00:00:00;Quarta;2.0;;;0072
2024-04-24 00:00:00;Quarta;1.0;2026-10-01 00:00:00;;0005
2024-04-24 00:00:00;Quarta;1.0;;;0118
2024-04-24 00:00:00;Quarta;1.0;;;0127
2024-04-25 00:00:00;Quinta;2.0;;;0056
2024-04-25 00:00:00;Quinta;1.0;;;0018
2024-04-25 00:00:00;Quinta;1.0;;;0089
2024-04-25 00:00:00;Quinta;2.0;;;0061
2024-04-25 00:00:00;Quinta;2.0;;;0120
2024-04-26 00:00:00;Sexta;1.0;;;0044
2024-04-26 00:00:00;Sexta;2.0;;;0078
2024-04-26 00:00:00;Sexta;1.0;;;0095
2024-04-27 00:00:00;Sábado;2.0;;;0030
2024-04-29 00:00:00;Segunda ;1.0;;;0007
2024-04-29 00:00:00;Segunda ;1.0;2026-10-02 00:00:00;;0005
2024-04-29 00:00:00;Segunda ;1.0;;;0044
2024-04-29 00:00:00;Segunda ;2.0;;;0054
2024-04-30 00:00:00;Terça;1.0;;;0089
2024-04-30 00:00:00;Terça;2.0;08/15;;0010
2024-04-30 00:00:00;Terça;2.0;;;0099
2024-04-30 00:00:00;Terça;2.0;;;0063
2024-04-30 00:00:00;Terça;1.0;;;0025
2024-04-30 00:00:00;Terça;1.0;;;0132
2024-05-02 00:00:00;Quinta;2.0;;;0050
2024-05-02 00:00:00;Quinta;2.0;;;0030
2024-05-02 00:00:00;Quinta;1.0;;;0118
2024-05-02 00:00:00;Quinta;1.0;;;0112
2024-05-03 00:00:00;Sexta;2.0;2026-10-08 00:00:00;;0010
2024-05-03 00:00:00;Sexta;1.0;2026-10-03 00:00:00;;0005
2024-05-03 00:00:00;Sexta;1.0;;;0126
2024-05-04 00:00:00;Sábado;1.0;;;0044
2024-05-04 00:00:00;Sábado;1.0;;;0089
2024-05-04 00:00:00;Sábado;2.0;;;0021
2024-05-06 00:00:00;Segunda;1.0;;;0007
2024-05-06 00:00:00;Segunda;2.0;;;0010
2024-05-06 00:00:00;Segunda;1.0;;;0099
2024-05-06 00:00:00;Segunda;1.0;;;0081
2024-05-06 00:00:00;Segunda;1.0;2026-02-01 00:00:00;;0129
2024-05-06 00:00:00;Segunda;2.0;;;0097
2024-05-06 00:00:00;Segunda;1.0;2026-10-04 00:00:00;;0004
2024-05-06 00:00:00;Segunda;2.0;;;0061
2024-05-07 00:00:00;Terça;2.0;;;0072
2024-05-07 00:00:00;Terça;1.0;;;0023
2024-05-07 00:00:00;Terça;1.0;;;0049
2024-05-07 00:00:00;Terça;1.0;;;0033
2024-05-07 00:00:00;Terça;2.0;;;0063
2024-05-08 00:00:00;Quarta;1.0;;;0044
2024-05-08 00:00:00;Quarta;1.0;2026-10-04 00:00:00;;0005
2024-05-08 00:00:00;Quarta;2.0;;;0120
2025-05-10 00:00:00;Sexta;1.0;;;0089
2025-05-10 00:00:00;Sexta;1.0;;;0132
2025-05-10 00:00:00;Sexta;2.0;;;0097
2025-05-10 00:00:00;Sexta;1.0;;;0044
2025-05-10 00:00:00;Sexta;2.0;;;0050
2025-05-10 00:00:00;Sexta;1.0;;;0118
2025-05-10 00:00:00;Sexta;1.0;;;0025
2025-05-11 00:00:00;Sábado;1.0;;;0126
2025-05-11 00:00:00;Sábado;1.0;;;0007
2025-05-11 00:00:00;Sábado;2.0;;;0054
2025-05-11 00:00:00;Sábado;1.0;;;0129
2024-05-13 00:00:00;Segunda;1.0;;;0127
2024-05-13 00:00:00;Segunda;1.0;2026-10-05 00:00:00;;0005
2024-05-13 00:00:00;Segunda;1.0;;;0095
2024-05-13 00:00:00;Segunda;1.0;;;0044
2024-05-15 00:00:00;Quarta;1.0;;;0089
2024-05-15 00:00:00;Quarta;2.0;;;0010
2024-05-16 00:00:00;Quinta;2.0;;;0097
2024-05-17 00:00:00;Quinta;1.0;;1 vaso devendo;0120
2024-05-18 00:00:00;Quinta;2.0;;;0099
2024-05-19 00:00:00;Quinta;1.0;;;0044
2024-05-20 00:00:00;Quinta;2.0;;;0078
2024-05-21 00:00:00;Quinta;2.0;;;0050
2024-05-22 00:00:00;Quinta;;;;0061
2024-05-17 00:00:00;Sexta;1.0;2026-10-06 00:00:00;;0005
2024-05-17 00:00:00;Sexta;1.0;;;0126
2024-05-17 00:00:00;Sexta;1.0;2026-10-05 00:00:00;;0004
2024-05-17 00:00:00;Sexta;1.0;;;0007
2024-05-17 00:00:00;Sexta;1.0;;;0129
2024-05-18 00:00:00;Sábado;1.0;;;0025
2024-05-18 00:00:00;Sábado;2.0;;;0072
2024-05-18 00:00:00;Sábado;1.0;;;0033
2024-05-18 00:00:00;Sábado;1.0;;;0118
2024-05-18 00:00:00;Sábado;1.0;;;0132
2024-05-20 00:00:00;Segunda;2.0;;;0063
2024-05-20 00:00:00;Segunda;1.0;;;0044
2024-05-20 00:00:00;Segunda;1.0;;;0023
2024-05-21 00:00:00;Terça;1.0;;;0089
2024-05-21 00:00:00;Terça;2.0;01/15;;0010
2024-05-21 00:00:00;Terça;1.0;;;0018
2024-05-22 00:00:00;Quarta;2.0;;;0097
2024-05-22 00:00:00;Quarta;1.0;2026-10-07 00:00:00;;0005
2024-05-23 00:00:00;Quinta;1.0;;;0127
2024-05-23 00:00:00;Quinta;1.0;;;0007
2024-05-24 00:00:00;Sexta;2.0;;;0097
2024-05-24 00:00:00;Sexta;2.0;;;0054
2024-05-24 00:00:00;Sexta;1.0;;;0081
2024-05-24 00:00:00;Sexta;1.0;;;0129
2024-05-24 00:00:00;Sexta;1.0;;;0044
2024-05-25 00:00:00;Sábado;1.0;2026-10-08 00:00:00;;0005
2024-05-25 00:00:00;Sábado;1.0;;;0025
2024-05-25 00:00:00;Sábado;2.0;;;0021
2024-05-27 00:00:00;Segunda;2.0;;;0063
2024-05-27 00:00:00;Segunda;2.0;;;0061
2024-05-27 00:00:00;Segunda;1.0;;;0089
2024-05-28 00:00:00;Terça;1.0;;;0044
2024-05-28 00:00:00;Terça;2.0;03/15;;0010
2024-05-28 00:00:00;Terça;2.0;;;0099
2024-05-28 00:00:00;Terça;1.0;2026-10-09 00:00:00;;0005
2024-05-28 00:00:00;Terça;2.0;;;0097
2024-05-29 00:00:00;Quarta;2.0;05/15;;0010
2024-05-29 00:00:00;Quarta;2.0;;;0072
2024-05-29 00:00:00;Quarta;1.0;;;0118
2024-05-29 00:00:00;Quarta;1.0;2026-10-06 00:00:00;;0004
2024-05-31 00:00:00;Sexta;1.0;;;0129
2024-05-31 00:00:00;Sexta;2.0;;;0134
2024-05-31 00:00:00;Sexta;1.0;;;0112
2024-05-03 00:00:00;Segunda;1.0;2026-10-10 00:00:00;;0005
2024-05-03 00:00:00;Segunda;1.0;;;0127
2024-05-03 00:00:00;Segunda;1.0;;;0089
2024-05-03 00:00:00;Segunda;1.0;;;0129
2024-05-03 00:00:00;Segunda;2.0;;;0030
2024-06-04 00:00:00;Terça;1.0;;;0007
2024-06-04 00:00:00;Terça;1.0;;;0132
2024-06-04 00:00:00;Terça;1.0;;;0023
2024-06-06 00:00:00;Quinta;1.0;;;0044
2024-06-06 00:00:00;Quinta;1.0;;;0081
2024-06-06 00:00:00;Quinta;1.0;;;0082
2024-06-06 00:00:00;Quinta;2.0;07/15;;0010
2024-06-06 00:00:00;Quinta;1.0;;;0118
2024-06-06 00:00:00;Quinta;1.0;2026-10-01 00:00:00;;0005
2024-06-06 00:00:00;Quinta;2.0;;;0061
2024-06-06 00:00:00;Quinta;2.0;;;0134
2024-06-07 00:00:00;Sexta;1.0;;;0095
2024-06-07 00:00:00;Sexta;2.0;;;0063
2024-06-07 00:00:00;Sexta;1.0;;;0126
2024-06-07 00:00:00;Sexta;2.0;;;0050
2024-06-07 00:00:00;Sexta;2.0;;;0097
2024-06-08 00:00:00;Sábado;4.0;;;0054
2024-06-10 00:00:00;Segunda;1.0;;;0044
2024-06-10 00:00:00;Segunda;2.0;09/15;;0010
2024-06-10 00:00:00;Segunda;1.0;2026-10-02 00:00:00;;0005
2024-06-10 00:00:00;Segunda;1.0;;;0007
2024-06-13 00:00:00;Quinta;1.0;;;0089
2024-06-13 00:00:00;Quinta;1.0;2026-10-03 00:00:00;;0005
2024-06-13 00:00:00;Quinta;1.0;;;0049
2024-06-13 00:00:00;Quinta;2.0;;;0078
2024-06-14 00:00:00;Sexta;1.0;;;0118
2024-06-14 00:00:00;Sexta;1.0;2026-10-07 00:00:00;;0005
2024-06-14 00:00:00;Sexta;2.0;;;0050
2024-06-14 00:00:00;Sexta;1.0;;;0129
2024-06-14 00:00:00;Sexta;1.0;;;0132
2024-06-14 00:00:00;Sexta;1.0;;;0007
2024-06-14 00:00:00;Sexta;1.0;;;0044
2024-06-15 00:00:00;Sábado;2.0;;;0021
2024-06-15 00:00:00;Sábado;1.0;;;0007
2024-06-15 00:00:00;Sábado;1.0;;;0005
2024-06-15 00:00:00;Sábado;2.0;;;0120
2024-06-15 00:00:00;Sábado;1.0;;;0025
2024-06-17 00:00:00;Segunda;1.0;;;0023
2024-06-17 00:00:00;Segunda;1.0;;;0033
2024-06-17 00:00:00;Segunda;2.0;;;0063
2024-06-19 00:00:00;Quarta;1.0;2026-10-05 00:00:00;;0005
2024-06-20 00:00:00;Quinta;1.0;;;0127
2024-06-20 00:00:00;Quinta;1.0;;;0097
2024-06-20 00:00:00;Quinta;1.0;15;;0010
2024-06-20 00:00:00;Quinta;2.0;;;0063
2024-06-21 00:00:00;Sexta;1.0;;;0112
2024-06-21 00:00:00;Sexta;1.0;;;0081
2024-06-21 00:00:00;Sexta;1.0;2026-10-06 00:00:00;;0005
2024-06-21 00:00:00;Sexta;3.0;;;0030
2024-06-21 00:00:00;Sexta;1.0;;;0044
2024-06-22 00:00:00;Sábado;1.0;;;0007
2024-06-22 00:00:00;Sábado;1.0;3;;0126
2024-06-22 00:00:00;Sábado;1.0;;;0096
2024-06-25 00:00:00;Terça;2.0;;;0056
2024-06-25 00:00:00;Terça;1.0;;;0089
2024-06-25 00:00:00;Terça;2.0;;;0074
2024-06-26 00:00:00;Quarta;2.0;;;0097
2024-06-26 00:00:00;Quarta;1.0;;;0044
2024-06-26 00:00:00;Quarta;2.0;;;0050
2024-06-26 00:00:00;Quarta;1.0;2026-10-07 00:00:00;;0005
2024-06-26 00:00:00;Quarta;2.0;;;0054
2024-06-26 00:00:00;Quarta;1.0;;;0033
2024-06-26 00:00:00;Quarta;2.0;;;0047
2024-06-26 00:00:00;Quarta;1.0;;;0118
2024-06-27 00:00:00;Quinta;1.0;;;0007
2024-07-01 00:00:00;Segunda;2.0;;;0097
2024-07-01 00:00:00;Segunda;1.0;;;0044
2024-07-01 00:00:00;Segunda;2.0;06/15;;0010
2024-07-01 00:00:00;Segunda;2.0;;;0063
2024-07-01 00:00:00;Segunda;2.0;;;0061
2024-07-01 00:00:00;Segunda;1.0;;;0129
2024-07-02 00:00:00;Terça;1.0;;;0089
2024-07-02 00:00:00;Terça;1.0;;;0045
2024-07-02 00:00:00;Terça;1.0;2026-10-08 00:00:00;;0004
2024-07-02 00:00:00;Terça;1.0;2026-10-09 00:00:00;;0005
2024-07-03 00:00:00;Quarta;1.0;2;;0132
2024-07-03 00:00:00;Quarta;2.0;;;0050
2024-07-03 00:00:00;Quarta;2.0;;;0099
2024-07-03 00:00:00;Quarta;1.0;;;0033
2024-07-04 00:00:00;Quinta;2.0;10/15;;0010
2024-07-04 00:00:00;Quinta;1.0;1;;0129
2024-07-04 00:00:00;Quinta;2.0;;1 compl.;0133
2024-07-05 00:00:00;Sexta;2.0;;;0030
2024-07-05 00:00:00;Sexta;2.0;12/15;;0010
2024-07-05 00:00:00;Sexta;1.0;2026-10-10 00:00:00;;0005
2024-07-05 00:00:00;Sexta;1.0;;;0118
2024-07-05 00:00:00;Sexta;2.0;;;0063
2024-07-05 00:00:00;Sexta;1.0;;;0044
2024-07-06 00:00:00;Sábado;2.0;;;0120
2024-07-09 00:00:00;Terça;1.0;13/15;;0010
2024-07-09 00:00:00;Terça;2.0;;;0078
2024-07-09 00:00:00;Terça;1.0;;;0129
2024-07-09 00:00:00;Terça;1.0;;;0112
2024-07-10 00:00:00;Quarta;1.0;2026-10-01 00:00:00;;0005
2024-07-10 00:00:00;Quarta;2.0;;;0063
2024-07-10 00:00:00;Quarta;1.0;;;0099
2024-07-10 00:00:00;Quarta;2.0;;1 compl.;0050
2024-07-10 00:00:00;Quarta;1.0;;;0086
2024-07-10 00:00:00;Quarta;1.0;;;0044
2024-07-12 00:00:00;Sexta;1.0;;;0025
2024-07-12 00:00:00;Sexta;1.0;;;0118
2024-07-12 00:00:00;Sexta;1.0;2026-10-02 00:00:00;;0005
2024-07-15 00:00:00;Segunda;1.0;;;0033
2024-07-15 00:00:00;Segunda;1.0;;;0129
2024-07-15 00:00:00;Segunda;1.0;;;0044
2024-07-16 00:00:00;Terça;1.0;;Deve;0132
2024-07-16 00:00:00;Terça;2.0;;;0097
2024-07-16 00:00:00;Terça;2.0;;;0063
2024-07-16 00:00:00;Terça;1.0;2026-10-03 00:00:00;;0005
2024-07-17 00:00:00;Quarta;2.0;;;0050
2024-07-18 00:00:00;Quinta;2.0;;;0133
2024-07-18 00:00:00;Quinta;2.0;;;0056
2024-07-18 00:00:00;Quinta;3.0;;;0134
2024-07-18 00:00:00;Quinta;1.0;;;0112
2024-07-18 00:00:00;Quinta;1.0;;;0044
2024-07-19 00:00:00;Sexta;2.0;;;0097
2024-07-19 00:00:00;Sexta;1.0;2026-10-04 00:00:00;;0005
2024-07-20 00:00:00;Sábado;1.0;;;0045
2024-07-20 00:00:00;Sábado;1.0;;;0127
2024-07-20 00:00:00;Sábado;1.0;2026-10-09 00:00:00;;0004
2024-07-22 00:00:00;Segunda;2.0;;;0054
2024-07-22 00:00:00;Segunda;2.0;;;0050
2024-07-22 00:00:00;Segunda;2.0;;;0099
2024-07-22 00:00:00;Segunda;2.0;;;0063
2024-07-22 00:00:00;Segunda;2.0;;;0061
2024-07-23 00:00:00;Terça;1.0;5;;0126
2024-07-23 00:00:00;Terça;1.0;;;0134
2024-07-23 00:00:00;Terça;2.0;;;0124
2024-07-23 00:00:00;Terça;1.0;2026-10-05 00:00:00;;0005
2024-07-23 00:00:00;Terça;1.0;;;0044
2024-07-23 00:00:00;Terça;2.0;;;0043
2024-07-24 00:00:00;Quarta;1.0;;;0007
2024-07-24 00:00:00;Quarta;2.0;15;;0010
2024-07-24 00:00:00;Quarta;1.0;;;0129
2024-07-25 00:00:00;Quinta;2.0;;Deve 1 vaso;0097
2024-07-25 00:00:00;Quinta;1.0;;Deve;0089
2024-07-25 00:00:00;Quinta;2.0;;;0120
2024-07-25 00:00:00;Quinta;1.0;;;0118
2024-07-25 00:00:00;Quinta;1.0;;;0023
2024-07-26 00:00:00;Sexta;2.0;15;;0010
2024-07-26 00:00:00;Sexta;1.0;2026-10-06 00:00:00;;0005
2024-07-26 00:00:00;Sexta;1.0;;;0033
2024-07-27 00:00:00;Sábado;1.0;;;0049
2024-07-27 00:00:00;Sábado;1.0;;;0081
2024-07-29 00:00:00;Segunda;1.0;;Vaso emprestado;0025
2024-07-29 00:00:00;Segunda;1.0;;Deve;0129
2024-07-29 00:00:00;Segunda;1.0;;;0099
2024-07-30 00:00:00;Terça;2.0;;;0097
2024-07-30 00:00:00;Terça;1.0;2026-10-07 00:00:00;;0005
2024-07-31 00:00:00;Quarta;1.0;;;0007
2024-07-31 00:00:00;Quarta;1.0;;;0063
2024-08-01 00:00:00;Quinta;1.0;2026-10-08 00:00:00;;0005
2024-08-01 00:00:00;Quinta;1.0;;;0044
2024-08-01 00:00:00;Quinta;1.0;04/15;;0010
2024-08-02 00:00:00;Sexta;2.0;;;0061
2024-08-02 00:00:00;Sexta;1.0;2026-02-02 00:00:00;;0129
2024-08-02 00:00:00;Sexta;1.0;;;0118
2024-08-03 00:00:00;Sábado;1.0;2026-10-09 00:00:00;;0005
2024-08-03 00:00:00;Sábado;4.0;;;0054
2024-08-03 00:00:00;Sábado;1.0;;;0063
2024-08-05 00:00:00;Segunda;2.0;;;0097
2024-08-05 00:00:00;Segunda;1.0;;;0033
2024-08-05 00:00:00;Segunda;1.0;;;0044
2024-08-06 00:00:00;Terça;1.0;;;0089
2024-08-06 00:00:00;Terça;1.0;;Deve;0129
2024-08-06 00:00:00;Terça;1.0;;;0112
2024-08-07 00:00:00;Quarta;1.0;;;0007
2024-08-07 00:00:00;Quarta;1.0;;;0005
2024-08-07 00:00:00;Quarta;1.0;;;0014
2024-08-07 00:00:00;Quarta;1.0;;;0127
2024-08-07 00:00:00;Quarta;1.0;;;0021
2024-08-08 00:00:00;Quinta;2.0;;;0097
2024-08-08 00:00:00;Quinta;3.0;;;0050
2024-08-08 00:00:00;Quinta;1.0;;;0085
2024-08-09 00:00:00;Sexta;1.0;;;0132
2024-08-09 00:00:00;Sexta;3.0;;;0089
2024-08-09 00:00:00;Sexta;2.0;;;0099
2024-08-09 00:00:00;Sexta;1.0;;;0044
2024-08-09 00:00:00;Sexta;2.0;08/15;;0010
2024-08-09 00:00:00;Sexta;;;;0095
2024-08-10 00:00:00;Sábado;1.0;;;0089
2024-08-10 00:00:00;Sábado;1.0;2026-10-01 00:00:00;;0005
2024-08-10 00:00:00;Sábado;1.0;;;0081
2024-08-12 00:00:00;Segunda;1.0;;;0007
2024-08-12 00:00:00;Segunda;1.0;;;0089
2024-08-12 00:00:00;Segunda;1.0;;;0025
2024-08-13 00:00:00;Terça;2.0;;;0056
2024-08-13 00:00:00;Terça;3.0;;;0054
2024-08-13 00:00:00;Terça;1.0;;;0118
2024-08-13 00:00:00;Terça;2.0;;;0061
2024-08-13 00:00:00;Terça;1.0;;;0044
2024-08-14 00:00:00;Quarta;2.0;10/15;;0010
2024-08-14 00:00:00;Quarta;2.0;;;0097
2024-08-14 00:00:00;Quarta;1.0;2026-10-10 00:00:00;;0004
2024-08-14 00:00:00;Quarta;1.0;2026-10-02 00:00:00;;0005
2024-08-14 00:00:00;Quarta;1.0;2026-02-01 00:00:00;;0129
2024-08-15 00:00:00;Quinta;1.0;;;0033
2024-08-16 00:00:00;Sexta;2.0;;;0030
2024-08-16 00:00:00;Sexta;2.0;;;0120
2024-08-16 00:00:00;Sexta;2.0;;;0133
2024-08-17 00:00:00;Sábado;1.0;;;0089
2024-08-19 00:00:00;Segunda;1.0;;;0045
2024-08-19 00:00:00;Segunda;1.0;;;0007
2024-08-19 00:00:00;Segunda;1.0;;;0044
2024-08-19 00:00:00;Segunda;1.0;;;0127
2024-08-19 00:00:00;Segunda;1.0;7;;0126
2024-08-20 00:00:00;Terça;2.0;12/15;;0010
2024-08-20 00:00:00;Terça;1.0;2;;0129
2024-08-20 00:00:00;Terça;2.0;;;0099
2024-08-20 00:00:00;Terça;2.0;;;0134
2024-08-20 00:00:00;Terça;1.0;2026-10-03 00:00:00;;0005
2024-08-21 00:00:00;Quarta;2.0;;;0050
2024-08-21 00:00:00;Quarta;2.0;;;0097
2024-08-21 00:00:00;Quarta;1.0;;;0044
2024-08-22 00:00:00;Quinta;1.0;;;0112
2024-08-22 00:00:00;Quinta;1.0;;;0095
2024-08-22 00:00:00;Quinta;1.0;;;0118
2024-08-22 00:00:00;Quinta;1.0;;Deve 1;0132
2024-08-22 00:00:00;Quinta;2.0;;;0061
2024-08-22 00:00:00;Quinta;2.0;;;0021
2024-08-24 00:00:00;Sábado;1.0;;;0007
2024-08-24 00:00:00;Sábado;1.0;2026-10-04 00:00:00;;0005
2024-08-24 00:00:00;Sábado;1.0;;;0025
2024-08-24 00:00:00;Sábado;3.0;;;0054
2024-08-24 00:00:00;Sábado;2.0;;;0075
2024-08-26 00:00:00;Segunda;1.0;;;0044
2024-08-26 00:00:00;Segunda;2.0;;;0030
2024-08-26 00:00:00;Segunda;1.0;;;0033
2024-08-26 00:00:00;Segunda;1.0;1;;0129
2024-08-27 00:00:00;Terça;1.0;8;;0126
2024-08-27 00:00:00;Terça;1.0;;;0086
2024-08-27 00:00:00;Terça;1.0;;;0081
2024-08-27 00:00:00;Terça;2.0;;;0078
2024-08-28 00:00:00;Quarta;2.0;02/15;;0010
2024-08-29 00:00:00;Quinta;3.0;;;0050
2024-08-29 00:00:00;Quinta;1.0;2026-10-05 00:00:00;;0005
2024-08-30 00:00:00;Sexta;1.0;;;0007
2024-08-30 00:00:00;Sexta;1.0;;;0044
2024-08-30 00:00:00;Sexta;2.0;;;0030
2024-08-31 00:00:00;Sábado;2.0;;;0007
2024-08-31 00:00:00;Sábado;1.0;;;0127
2024-08-31 00:00:00;Sábado;1.0;;;0089
2024-09-02 00:00:00;Segunda;1.0;1;;0129
2024-09-02 00:00:00;Segunda;1.0;;;0018
2024-09-03 00:00:00;Terça;1.0;;;0025
2024-09-03 00:00:00;Terça;2.0;;;0061
2024-09-03 00:00:00;Terça;2.0;;;0120
2024-09-03 00:00:00;Terça;1.0;1;;0132
2024-09-03 00:00:00;Terça;1.0;;;0112
2024-09-03 00:00:00;Terça;1.0;2026-10-06 00:00:00;;0005
2024-09-04 00:00:00;Quarta;1.0;;;0044
2024-09-04 00:00:00;Quarta;2.0;;;0069
2024-09-04 00:00:00;Quarta;2.0;;;0030
2024-09-04 00:00:00;Quarta;2.0;;;0047
2024-09-04 00:00:00;Quarta;1.0;;;0007
2024-09-05 00:00:00;Quinta;1.0;2026-10-01 00:00:00;;0004
2024-09-06 00:00:00;Sexta;1.0;;;0089
2024-09-06 00:00:00;Sexta;1.0;;;0095
2024-09-06 00:00:00;Sexta;1.0;;;0054
2024-09-06 00:00:00;Sexta;1.0;2;;0129
2024-09-06 00:00:00;Sexta;1.0;;;0044
2024-09-06 00:00:00;Sexta;1.0;2026-10-07 00:00:00;;0005
2024-09-06 00:00:00;Sexta;1.0;;;0033
2024-09-09 00:00:00;Segunda;1.0;;;0129
2024-09-09 00:00:00;Segunda;2.0;;;0030
2024-09-10 00:00:00;Terça;1.0;;;0127
2024-09-10 00:00:00;Terça;1.0;2026-10-08 00:00:00;;0005
2024-09-10 00:00:00;Terça;2.0;;;0050
2024-09-11 00:00:00;Quarta;1.0;;;0045
2024-09-11 00:00:00;Quarta;1.0;;;0081
2024-09-11 00:00:00;Quarta;1.0;;;0044
2024-09-11 00:00:00;Quarta;2.0;06/15;;0010
2024-09-11 00:00:00;Quarta;2.0;;;0099
2024-09-11 00:00:00;Quarta;1.0;;;0089
2024-09-11 00:00:00;Quarta;1.0;;;0127
2024-09-12 00:00:00;Quinta;1.0;;;0025
2024-09-12 00:00:00;Quinta;2.0;;;0056
2024-09-13 00:00:00;Sexta;1.0;;;0049
2024-09-13 00:00:00;Sexta;1.0;;;0007
2024-09-13 00:00:00;Sexta;2.0;;;0054
2024-09-13 00:00:00;Sexta;1.0;;;0129
2024-09-13 00:00:00;Sexta;1.0;;;0132
2024-09-13 00:00:00;Sexta;1.0;;;0118
2024-09-13 00:00:00;Sexta;1.0;;;0130
2024-09-13 00:00:00;Sexta;1.0;9;;0126
2024-09-14 00:00:00;Sábado;2.0;;;0135
2024-09-14 00:00:00;Sábado;1.0;2026-10-09 00:00:00;;0005
2024-09-14 00:00:00;Sábado;1.0;;;0025
2024-09-16 00:00:00;Segunda;1.0;;;0127
2024-09-16 00:00:00;Segunda;1.0;;;0044
2024-09-16 00:00:00;Segunda;2.0;;;0078
2024-09-16 00:00:00;Segunda;1.0;1;;0129
2024-09-16 00:00:00;Segunda;1.0;;;0018
2024-09-17 00:00:00;Terça;2.0;;;0061
2024-09-17 00:00:00;Terça;1.0;;;0033
2024-09-17 00:00:00;Terça;1.0;;;0130
2024-09-18 00:00:00;Quarta;1.0;;;0112
2024-09-18 00:00:00;Quarta;2.0;;;0010
2024-09-18 00:00:00;Quarta;1.0;;;0044
2024-09-18 00:00:00;Quarta;1.0;;;0120
2024-09-18 00:00:00;Quarta;2.0;;;0050
2024-09-18 00:00:00;Quarta;1.0;;;0089
2024-09-18 00:00:00;Quarta;2.0;;;0072
2024-09-18 00:00:00;Quarta;1.0;;;0007
2024-09-19 00:00:00;Quinta;1.0;2026-10-10 00:00:00;;0005
2024-09-20 00:00:00;Sexta;2.0;10/15;;0010
2024-09-20 00:00:00;Sexta;1.0;2;;0129
2024-09-21 00:00:00;Sábado;1.0;;;0095
2024-09-21 00:00:00;Sábado;2.0;;;0099
2024-09-23 00:00:00;Segunda;3.0;;;0134
2024-09-23 00:00:00;Segunda;1.0;;;0127
2024-09-23 00:00:00;Segunda;1.0;;;0025
2024-09-23 00:00:00;Segunda;1.0;;;0005
2024-09-23 00:00:00;Segunda;1.0;;;0044
2024-09-24 00:00:00;Terça;1.0;;;0089
2024-09-24 00:00:00;Terça;2.0;;;0124
2024-09-24 00:00:00;Terça;1.0;;;0118
2024-09-24 00:00:00;Terça;1.0;;;0073
2024-09-25 00:00:00;Quarta;3.0;;;0073
2024-09-25 00:00:00;Quarta;;;Tickets;0010
2024-09-25 00:00:00;Quarta;2.0;;;0030
2024-09-25 00:00:00;Quarta;1.0;;;0129
2024-09-25 00:00:00;Quarta;1.0;;;0131
2024-09-26 00:00:00;Quinta;2.0;;;0078
2024-09-26 00:00:00;Quinta;2.0;;;0050
2024-09-26 00:00:00;Quinta;2.0;;;0136
2024-09-26 00:00:00;Quinta;1.0;;;0007
2024-09-26 00:00:00;Quinta;1.0;;;0014
2024-09-26 00:00:00;Quinta;1.0;;;0044
2024-09-27 00:00:00;Sexta;2.0;;;0120
2024-09-27 00:00:00;Sexta;1.0;;Deve;0132
2024-09-27 00:00:00;Sexta;1.0;2026-10-02 00:00:00;;0005
2024-09-27 00:00:00;Sexta;1.0;;;0081
2024-09-28 00:00:00;Sábado;1.0;;;0089
2024-09-28 00:00:00;Sábado;3.0;;;0025
2024-09-28 00:00:00;Sábado;1.0;2;;0129
2024-09-30 00:00:00;Segunda;1.0;;;0127
2024-09-30 00:00:00;Segunda;1.0;10;;0126
2024-09-30 00:00:00;Segunda;1.0;;;0033
2024-09-30 00:00:00;Segunda;2.0;;;0099
2024-09-30 00:00:00;Segunda;2.0;;;0061
2024-09-30 00:00:00;Segunda;2.0;;;0097
2024-10-01 00:00:00;Terça;2.0;;;0054
2024-10-01 00:00:00;Terça;1.0;;;0086
2024-10-01 00:00:00;Terça;1.0;;;0044
2024-10-01 00:00:00;Terça;1.0;2026-10-03 00:00:00;;0005
2024-10-02 00:00:00;Quarta;1.0;;;0127
2024-10-02 00:00:00;Quarta;1.0;;;0072
2024-10-03 00:00:00;Quinta;1.0;;;0007
2024-10-03 00:00:00;Quinta;1.0;;;0118
2024-10-03 00:00:00;Quinta;1.0;;;0129
2024-10-03 00:00:00;Quinta;2.0;;;0056
2024-10-03 00:00:00;Quinta;1.0;;;0089
2024-10-04 00:00:00;Sexta;1.0;;;0045
2024-10-04 00:00:00;Sexta;2.0;;;0050
2024-10-04 00:00:00;Sexta;1.0;;;0099
2024-10-04 00:00:00;Sexta;1.0;2026-10-04 00:00:00;;0005
2024-10-05 00:00:00;Sábado;1.0;;;0021
2024-10-05 00:00:00;Sábado;2.0;;;0030
2024-10-05 00:00:00;Sábado;1.0;;;0112
2024-10-07 00:00:00;Segunda;4.0;;;0054
2024-10-07 00:00:00;Segunda;1.0;2026-10-03 00:00:00;;0004
2024-10-07 00:00:00;Segunda;1.0;2026-02-02 00:00:00;;0129
2024-10-08 00:00:00;Terça;1.0;11;;0126
2024-10-08 00:00:00;Terça;1.0;;;0010
2024-10-08 00:00:00;Terça;1.0;;;0049
2024-10-09 00:00:00;Quarta;1.0;;;0095
2024-10-09 00:00:00;Quarta;1.0;;;0127
2024-10-09 00:00:00;Quarta;1.0;;;0048
2024-10-09 00:00:00;Quarta;2.0;15;;0010
2024-10-10 00:00:00;Quinta;1.0;;;0132
2024-10-10 00:00:00;Quinta;2.0;;;0097
2024-10-10 00:00:00;Quinta;1.0;;;0044
2024-10-10 00:00:00;Quinta;1.0;;;0007
2024-10-10 00:00:00;Quinta;2.0;;;0061
2024-10-10 00:00:00;Quinta;1.0;;;0127
2024-10-10 00:00:00;Quinta;1.0;;;0033
2024-10-11 00:00:00;Sexta;1.0;;;0089
2024-10-11 00:00:00;Sexta;1.0;1;;0129
2024-10-11 00:00:00;Sexta;1.0;;;0099
2024-10-11 00:00:00;Sexta;1.0;2026-10-06 00:00:00;;0005
2024-10-14 00:00:00;Segunda;3.0;;;0072
2024-10-14 00:00:00;Segunda;2.0;;;0050
2024-10-14 00:00:00;Segunda;1.0;;;0023
2024-10-14 00:00:00;Segunda;2.0;02/15;;0010
2024-10-14 00:00:00;Segunda;1.0;2026-02-02 00:00:00;;0129
2024-10-14 00:00:00;Segunda;1.0;;;0025
2024-10-15 00:00:00;Terça;1.0;;;0081
2024-10-15 00:00:00;Terça;2.0;;;0078
2024-10-15 00:00:00;Terça;2.0;;;0120
2024-10-15 00:00:00;Terça;1.0;;;0069
2024-10-15 00:00:00;Terça;1.0;;;0118
2024-10-16 00:00:00;Quarta;1.0;;;0127
2024-10-16 00:00:00;Quarta;1.0;1;;0126
2024-10-16 00:00:00;Quarta;2.0;;;0030
2024-10-16 00:00:00;Quarta;1.0;2026-10-07 00:00:00;;0005
2024-10-16 00:00:00;Quarta;1.0;;;0044
2024-10-16 00:00:00;Quarta;1.0;;;0007
2024-10-17 00:00:00;Quinta;2.0;2026-10-05 00:00:00;;0010
2024-10-18 00:00:00;Sexta;1.0;;;0089
2024-10-18 00:00:00;Sexta;1.0;;;0129
2024-10-18 00:00:00;Sexta;1.0;;;0131
2024-10-18 00:00:00;Sexta;2.0;;;0061
2024-10-19 00:00:00;Sábado;2.0;;;0092
2024-10-19 00:00:00;Sábado;2.0;;;0030
2024-10-21 00:00:00;Segunda;1.0;;;0044
2024-10-21 00:00:00;Segunda;2.0;;;0133
2024-10-21 00:00:00;Segunda;1.0;;;0023
2024-10-21 00:00:00;Segunda;1.0;2;;0129
2024-10-21 00:00:00;Segunda;1.0;2026-10-04 00:00:00;;0004
2024-10-21 00:00:00;Segunda;1.0;2026-10-08 00:00:00;;0005
2024-10-21 00:00:00;Segunda;4.0;;;0054
2024-10-22 00:00:00;Terça;1.0;;;0015
2024-10-22 00:00:00;Terça;1.0;;;0033
2024-10-22 00:00:00;Terça;1.0;;;0063
2024-10-22 00:00:00;Terça;1.0;10/15;;0010
2024-10-22 00:00:00;Terça;1.0;;;0025
2024-10-22 00:00:00;Terça;2.0;;;0056
2024-10-23 00:00:00;Quarta;3.0;;;0050
2024-10-23 00:00:00;Quarta;1.0;;;0118
2024-10-23 00:00:00;Quarta;1.0;;;0127
2024-10-23 00:00:00;Quarta;1.0;;;0007
2024-10-23 00:00:00;Quarta;1.0;;;0112
2024-10-24 00:00:00;Quinta;1.0;;;0095
2024-10-24 00:00:00;Quinta;1.0;;;0099
2024-10-24 00:00:00;Quinta;2.0;;;0097
2024-10-24 00:00:00;Quinta;1.0;;;0089
2024-10-24 00:00:00;Quinta;1.0;1;;0129
2024-10-24 00:00:00;Quinta;1.0;;;0044
2024-10-24 00:00:00;Quinta;1.0;2026-10-09 00:00:00;;0005
2024-10-25 00:00:00;Sexta;1.0;;;0063
2024-10-25 00:00:00;Sexta;1.0;;;0130
2024-10-25 00:00:00;Sexta;1.0;;;0132
2024-10-26 00:00:00;Sábado;1.0;;;0072
2024-10-28 00:00:00;Segunda;1.0;2026-02-02 00:00:00;;0129
2024-10-28 00:00:00;Segunda;1.0;;;0045
2024-10-28 00:00:00;Segunda;1.0;2026-10-05 00:00:00;;0004
2024-10-28 00:00:00;Segunda;2.0;;;0061
2024-10-28 00:00:00;Segunda;2.0;;;0124
2024-10-29 00:00:00;Terça;2.0;;;0120
2024-10-29 00:00:00;Terça;1.0;;;0044
2024-10-29 00:00:00;Terça;1.0;;;0086
2024-10-30 00:00:00;Quarta;1.0;;;0015
2024-10-30 00:00:00;Quarta;1.0;;;0069
2024-10-30 00:00:00;Quarta;1.0;;;0007
2024-10-30 00:00:00;Quarta;1.0;;;0072
2024-10-30 00:00:00;Quarta;2.0;;;0050
2024-10-30 00:00:00;Quarta;1.0;2026-10-10 00:00:00;;0005
2024-10-30 00:00:00;Quarta;1.0;;;0063
2024-10-30 00:00:00;Quarta;2.0;;;0030
2024-10-31 00:00:00;Quinta;1.0;1;;0129
2024-10-31 00:00:00;Quinta;1.0;;;0025
2024-11-01 00:00:00;Sexta;1.0;;;0089
2024-11-01 00:00:00;Sexta;1.0;;;0127
2024-11-01 00:00:00;Sexta;4.0;09/15;;0010
2024-11-01 00:00:00;Sexta;1.0;;;0118
2024-11-01 00:00:00;Sexta;2.0;;;0099
2024-11-01 00:00:00;Sexta;1.0;;;0072
2024-11-01 00:00:00;Sexta;1.0;;;0021
2024-11-01 00:00:00;Sexta;1.0;3;;0126
2024-11-02 00:00:00;Sábado;2.0;;;0054
2024-11-02 00:00:00;Sábado;2.0;;;0030
2024-11-02 00:00:00;Sábado;1.0;2;;0129
2024-11-02 00:00:00;Sábado;1.0;;;0081
2024-11-04 00:00:00;Segunda;1.0;;;0072
2024-11-04 00:00:00;Segunda;1.0;2026-10-01 00:00:00;;0005
2024-11-05 00:00:00;Terça;1.0;;;0095
2024-11-05 00:00:00;Terça;2.0;;;0078
2024-11-05 00:00:00;Terça;1.0;;;0033
2024-11-05 00:00:00;Terça;1.0;;;0015
2024-11-06 00:00:00;Quarta;1.0;;;0129
2024-11-06 00:00:00;Quarta;1.0;;;0044
2024-11-06 00:00:00;Quarta;3.0;;;0050
2024-11-06 00:00:00;Quarta;2.0;;;0061
2024-11-07 00:00:00;Quinta;1.0;2026-10-06 00:00:00;;0004
2024-11-07 00:00:00;Quinta;2.0;;;0030
2024-11-07 00:00:00;Quinta;1.0;;;0089
2024-11-08 00:00:00;Sexta;1.0;;;0007
2024-11-08 00:00:00;Sexta;2.0;16;;0010
2024-11-08 00:00:00;Sexta;1.0;2026-10-02 00:00:00;;0005
2024-11-08 00:00:00;Sexta;1.0;2026-02-01 00:00:00;;0129
2024-11-08 00:00:00;Sexta;2.0;;;0073
2024-11-08 00:00:00;Sexta;1.0;;;0044
2024-11-11 00:00:00;Segunda;1.0;;;0025
2024-11-11 00:00:00;Segunda;2.0;;;0030
2024-11-11 00:00:00;Segunda;1.0;;;0023
2024-11-12 00:00:00;Terça;2.0;;;0056
2024-11-12 00:00:00;Terça;1.0;2;;0129
2024-11-12 00:00:00;Terça;2.0;;;0120
2024-11-13 00:00:00;Quarta;3.0;;;0073
2024-11-14 00:00:00;Quinta;2.0;;;0061
2024-11-14 00:00:00;Quinta;1.0;;;0053
2024-11-14 00:00:00;Quinta;1.0;2026-10-03 00:00:00;;0005
2024-11-14 00:00:00;Quinta;1.0;;;0044
2024-11-14 00:00:00;Quinta;1.0;;;0021
2024-11-14 00:00:00;Quinta;1.0;;;0099
2024-11-14 00:00:00;Quinta;1.0;;;0089
2024-11-14 00:00:00;Quinta;1.0;;;0033
2024-11-16 00:00:00;Sábado;1.0;1;;0129
2024-11-16 00:00:00;Sábado;1.0;;;0025
2024-11-16 00:00:00;Sábado;2.0;;;0030
2024-11-18 00:00:00;Segunda;1.0;;;0095
2024-11-18 00:00:00;Segunda;2.0;;;0046
2024-11-18 00:00:00;Segunda;1.0;;;0081
2024-11-18 00:00:00;Segunda;3.0;;;0050
2024-11-18 00:00:00;Segunda;1.0;2;;0129
2024-11-18 00:00:00;Segunda;1.0;;;0127
2024-11-18 00:00:00;Segunda;1.0;2026-10-04 00:00:00;;0005
2024-11-19 00:00:00;Terça;1.0;;;0118
2024-11-19 00:00:00;Terça;2.0;;;0054
2024-11-21 00:00:00;Quinta;1.0;;;0007
2024-11-21 00:00:00;Quinta;1.0;;;0049
2024-11-21 00:00:00;Quinta;3.0;;;0030
2024-11-22 00:00:00;Sexta;2.0;;;0099
2024-11-22 00:00:00;Sexta;1.0;2026-10-05 00:00:00;;0005
2024-11-22 00:00:00;Sexta;2.0;04/16;;0010
2024-11-23 00:00:00;Sábado;1.0;1;;0129
2024-11-23 00:00:00;Sábado;1.0;;;0120
2024-11-23 00:00:00;Sábado;1.0;;;0086
2024-11-23 00:00:00;Sábado;1.0;;;0015
2024-11-23 00:00:00;Sábado;1.0;;;0044
2024-11-25 00:00:00;Segunda;3.0;;;0073
2024-11-25 00:00:00;Segunda;1.0;;;0053
2024-11-25 00:00:00;Segunda;2.0;;;0050
2024-11-25 00:00:00;Segunda;1.0;2;;0129
2024-11-25 00:00:00;Segunda;1.0;;;0069
2024-11-25 00:00:00;Segunda;2.0;;;0061
2024-11-26 00:00:00;Terça;2.0;;;0078
2024-11-26 00:00:00;Terça;1.0;2026-10-07 00:00:00;;0004
2024-11-26 00:00:00;Terça;1.0;;;0126
2024-11-26 00:00:00;Terça;1.0;;;0044
2024-11-27 00:00:00;Quarta;1.0;2026-10-06 00:00:00;;0005
2024-11-27 00:00:00;Quarta;2.0;15;;0010
2024-11-27 00:00:00;Quarta;3.0;;;0030
2024-11-28 00:00:00;Quinta;1.0;;;0118
2024-11-28 00:00:00;Quinta;1.0;1;;0129
2024-11-28 00:00:00;Quinta;1.0;;;0127
2024-11-28 00:00:00;Quinta;1.0;;;0099
2024-11-30 00:00:00;Sábado;1.0;;;0021
2024-11-30 00:00:00;Sábado;1.0;;;0007
2024-12-03 00:00:00;Terça;2.0;;;0124
2024-12-03 00:00:00;Terça;1.0;;;0025
2024-12-03 00:00:00;Terça;2.0;;;0061
2024-12-03 00:00:00;Terça;3.0;;Deve 1 vaso;0030
2024-12-03 00:00:00;Terça;1.0;1;;0129
2024-12-04 00:00:00;Quarta;1.0;2026-10-08 00:00:00;;0004
2024-12-04 00:00:00;Quarta;2.0;;;0056
2024-12-04 00:00:00;Quarta;1.0;;;0066
2024-12-04 00:00:00;Quarta;1.0;2026-10-08 00:00:00;;0005
2024-12-05 00:00:00;Quinta;1.0;;;0081
2024-12-05 00:00:00;Quinta;2.0;10/15;;0010
2024-12-05 00:00:00;Quinta;1.0;;;0086
2024-12-06 00:00:00;Sexta;1.0;2;;0129
2024-12-06 00:00:00;Sexta;1.0;;;0044
2024-12-07 00:00:00;Sábado;2.0;;;0099
2024-12-07 00:00:00;Sábado;2.0;;;0030
2024-12-07 00:00:00;Sábado;1.0;;;0132
2024-12-07 00:00:00;Sábado;1.0;;;0127
2024-12-07 00:00:00;Sábado;1.0;;;0069
2024-12-09 00:00:00;Segunda;1.0;2026-10-09 00:00:00;;0005
2024-12-09 00:00:00;Segunda;1.0;;;0025
2024-12-09 00:00:00;Segunda;1.0;1;;0129
2024-12-10 00:00:00;Terça;2.0;;;0073
2024-12-10 00:00:00;Terça;3.0;;;0050
2024-12-10 00:00:00;Terça;2.0;;;0078
2024-12-11 00:00:00;Quarta;2.0;;;0061
2024-12-11 00:00:00;Quarta;1.0;;;0044
2024-12-11 00:00:00;Quarta;1.0;;;0025
2024-12-11 00:00:00;Quarta;1.0;;;0053
2024-12-11 00:00:00;Quarta;1.0;;;0033
2024-12-12 00:00:00;Quinta;2.0;02/15;;0010
2024-12-12 00:00:00;Quinta;2.0;;;0120
2024-12-12 00:00:00;Quinta;1.0;10;;0005
2024-12-12 00:00:00;Quinta;1.0;2;;0129
2024-12-13 00:00:00;Sexta;1.0;;;0089
2024-12-13 00:00:00;Sexta;1.0;;;0007
2024-12-13 00:00:00;Sexta;1.0;;;0118
2024-12-14 00:00:00;Sábado;1.0;;;0049
2024-12-14 00:00:00;Sábado;1.0;;;0095
2024-12-14 00:00:00;Sábado;1.0;;;0063
2024-12-14 00:00:00;Sábado;1.0;;;0021
2024-12-14 00:00:00;Sábado;2.0;;;0030
2024-12-14 00:00:00;Sábado;1.0;;;0038
2024-12-15 00:00:00;Domingo;1.0;1;;0129
2024-12-15 00:00:00;Domingo;1.0;;;0053
2024-12-15 00:00:00;Domingo;1.0;;;0044
2024-12-16 00:00:00;Segunda;1.0;;;0069
2024-12-16 00:00:00;Segunda;2.0;;;0099
2024-12-16 00:00:00;Segunda;1.0;2;;0129
2024-12-17 00:00:00;Terça;2.0;02/15;;0010
2024-12-17 00:00:00;Terça;2.0;;;0073
2024-12-17 00:00:00;Terça;1.0;2026-10-01 00:00:00;;0005
2024-12-17 00:00:00;Terça;3.0;;;0050
2024-12-18 00:00:00;Quarta;1.0;;;0044
2024-12-18 00:00:00;Quarta;1.0;;;0053
2024-12-18 00:00:00;Quarta;2.0;;;0014
2024-12-19 00:00:00;Quinta;2.0;;;0078
2024-12-19 00:00:00;Quinta;1.0;;;0089
2024-12-19 00:00:00;Quinta;1.0;;;0061
2024-12-19 00:00:00;Quinta;1.0;;;0062
2024-12-19 00:00:00;Quinta;2.0;;;0097
2024-12-20 00:00:00;Sexta;1.0;;;0132
2024-12-20 00:00:00;Sexta;1.0;;;0044
2024-12-20 00:00:00;Sexta;1.0;;;0127
2024-12-20 00:00:00;Sexta;1.0;1;;0129
2024-12-20 00:00:00;Sexta;1.0;2026-10-02 00:00:00;;0005
2024-12-23 00:00:00;Segunda;1.0;;;0089
2024-12-23 00:00:00;Segunda;1.0;;;0044
2024-12-23 00:00:00;Segunda;2.0;;;0056
2024-12-23 00:00:00;Segunda;1.0;;;0069
2024-12-23 00:00:00;Segunda;1.0;;;0023
2024-12-23 00:00:00;Segunda;1.0;2;;0129
2024-12-24 00:00:00;Terça;1.0;;;0024
2024-12-24 00:00:00;Terça;1.0;;;0053
2024-12-24 00:00:00;Terça;1.0;;;0072
2024-12-24 00:00:00;Terça;1.0;2026-10-03 00:00:00;;0005
2024-12-26 00:00:00;Quinta;1.0;1;;0129
2024-12-26 00:00:00;Quinta;1.0;2026-10-09 00:00:00;;0004
2024-12-27 00:00:00;Sexta;1.0;;;0044
2024-12-27 00:00:00;Sexta;1.0;;;0095
2024-12-27 00:00:00;Sexta;3.0;;;0050
2024-12-27 00:00:00;Sexta;2.0;10/15;;0010
2024-12-27 00:00:00;Sexta;1.0;;;0007
2024-12-27 00:00:00;Sexta;2.0;;;0030
2024-12-27 00:00:00;Sexta;1.0;;;0025
2024-12-27 00:00:00;Sexta;1.0;;;0045
2024-12-28 00:00:00;Sábado;1.0;;;0099
2024-12-28 00:00:00;Sábado;1.0;;;0081
2024-12-28 00:00:00;Sábado;1.0;;;0089
2024-12-28 00:00:00;Sábado;2.0;;;0078
2024-12-28 00:00:00;Sábado;2.0;;;0120
2024-12-28 00:00:00;Sábado;1.0;;;0038
2024-12-30 00:00:00;Segunda;1.0;2026-10-04 00:00:00;;0005
2024-12-30 00:00:00;Segunda;2.0;;;0010
2024-12-30 00:00:00;Segunda;1.0;;;0127
2024-12-30 00:00:00;Segunda;2.0;;;0061
2024-12-30 00:00:00;Segunda;1.0;;;0044
2024-12-30 00:00:00;Segunda;1.0;;;0021
2024-12-31 00:00:00;Terça;1.0;;;0118
2024-12-31 00:00:00;Terça;1.0;;;0072
2024-12-31 00:00:00;Terça;1.0;2;;0129
2025-01-02 00:00:00;Quinta;1.0;1;;0132
2025-01-02 00:00:00;Quinta;1.0;;;0069
2025-01-03 00:00:00;Sexta;1.0;;;0063
2025-01-04 00:00:00;Sexta;1.0;2026-10-05 00:00:00;;0005
2025-01-04 00:00:00;Sábado;2.0;;;0133
2025-01-04 00:00:00;Sábado;1.0;;;0025
2025-01-04 00:00:00;Sábado;1.0;;;0089
2025-01-04 00:00:00;Sábado;1.0;;;0099
2025-01-04 00:00:00;Sábado;1.0;;;0127
2025-01-04 00:00:00;Sábado;1.0;;;0050
2025-01-04 00:00:00;Sábado;1.0;;;0072
2025-01-04 00:00:00;Sábado;1.0;1;;0129
2025-01-06 00:00:00;Segunda;1.0;;;0024
2025-01-06 00:00:00;Segunda;1.0;;;0072
2025-01-06 00:00:00;Segunda;1.0;;;0095
2025-01-06 00:00:00;Segunda;1.0;15;;0010
2025-01-06 00:00:00;Segunda;1.0;2;;0129
2025-01-06 00:00:00;Segunda;1.0;;;0053
2025-01-07 00:00:00;Terça;1.0;;;0089
2025-01-07 00:00:00;Terça;1.0;2026-10-06 00:00:00;;0005
2025-01-08 00:00:00;Quarta;1.0;;;0072
2025-01-09 00:00:00;Quinta;1.0;;;0118
2025-01-09 00:00:00;Quinta;2.0;;;0075
2025-01-09 00:00:00;Quinta;1.0;;;0007
2025-01-10 00:00:00;Sexta;1.0;;;0129
2025-01-10 00:00:00;Sexta;1.0;;;0038
2025-01-10 00:00:00;Sexta;1.0;;;0099
2025-01-10 00:00:00;Sexta;1.0;;;0053
2025-01-11 00:00:00;Sábado;1.0;;;0127
2025-01-11 00:00:00;Sábado;1.0;;;0015
2025-01-11 00:00:00;Sábado;2.0;;;0050
2025-01-11 00:00:00;Sábado;1.0;;;0081
2025-01-11 00:00:00;Sábado;2.0;;;0120
2025-01-11 00:00:00;Sábado;2.0;;;0030
2025-01-11 00:00:00;Sábado;1.0;2026-10-07 00:00:00;;0005
2025-01-11 00:00:00;Sábado;1.0;;;0021
2025-01-13 00:00:00;Segunda;2.0;;;0073
2025-01-13 00:00:00;Segunda;1.0;;;0011
2025-01-13 00:00:00;Segunda;1.0;2;;0129
2025-01-13 00:00:00;Segunda;2.0;;;0056
2025-01-13 00:00:00;Segunda;1.0;;;0021
2025-01-14 00:00:00;Terça;1.0;;;0025
2025-01-14 00:00:00;Terça;1.0;;;0038
2025-01-15 00:00:00;Quarta;1.0;2;;0132
2025-01-15 00:00:00;Quarta;1.0;;;0089
2025-01-15 00:00:00;Quarta;2.0;;;0099
2025-01-15 00:00:00;Quarta;1.0;2026-10-08 00:00:00;;0005
2025-01-15 00:00:00;Quarta;1.0;;;0033
2025-01-16 00:00:00;Quinta;4.0;04/15;;0010
2025-01-16 00:00:00;Quinta;1.0;;;0044
2025-01-16 00:00:00;Quinta;2.0;;;0030
2025-01-16 00:00:00;Quinta;2.0;;;0078
2025-01-16 00:00:00;Quinta;1.0;;;0063
2025-01-17 00:00:00;Sexta;1.0;;;0095
2025-01-17 00:00:00;Sexta;2.0;;;0124
2025-01-17 00:00:00;Sexta;1.0;;;0118
2025-01-17 00:00:00;Sexta;1.0;1;;0129
2025-01-17 00:00:00;Sexta;1.0;;;0007
2025-01-20 00:00:00;Segunda;1.0;;;0127
2025-01-20 00:00:00;Segunda;1.0;2026-10-09 00:00:00;;0005
2025-01-20 00:00:00;Segunda;1.0;2;;0129
2025-01-20 00:00:00;Segunda;2.0;;;0050
2025-01-20 00:00:00;Segunda;1.0;;;0089
2025-01-20 00:00:00;Segunda;1.0;;;0021
2025-01-20 00:00:00;Segunda;1.0;;;0044
2025-01-21 00:00:00;Terça;1.0;;;0049
2025-01-21 00:00:00;Terça;1.0;;;0025
2025-01-21 00:00:00;Terça;1.0;10;;0004
2025-01-21 00:00:00;Terça;2.0;08/15;;0010
2025-01-21 00:00:00;Terça;1.0;10;;0005
2025-01-23 00:00:00;Quinta;2.0;;;0120
2025-01-23 00:00:00;Quinta;1.0;;;0024
2025-01-23 00:00:00;Quinta;1.0;1;;0129
2025-01-23 00:00:00;Quinta;1.0;;;0072
2025-01-23 00:00:00;Quinta;2.0;;;0061
2025-01-24 00:00:00;Sexta;2.0;;;0099
2025-01-24 00:00:00;Sexta;2.0;;;0050
2025-01-24 00:00:00;Sexta;1.0;;;0044
2025-01-24 00:00:00;Sexta;2.0;;;0078
2025-01-25 00:00:00;Sábado;1.0;;;0007
2025-01-25 00:00:00;Sábado;1.0;;;0118
2025-01-25 00:00:00;Sábado;1.0;2026-10-01 00:00:00;;0005
2025-01-25 00:00:00;Sábado;2.0;;;0030
2025-01-27 00:00:00;Segunda;1.0;2;;0129
2025-01-27 00:00:00;Segunda;1.0;1;;0132
2025-01-27 00:00:00;Segunda;1.0;;;0086
2025-01-27 00:00:00;Segunda;1.0;;;0069
2025-01-27 00:00:00;Segunda;2.0;10/15;;0010
2025-01-27 00:00:00;Segunda;1.0;;;0081
2025-01-27 00:00:00;Segunda;1.0;;;0025
2025-01-27 00:00:00;Segunda;1.0;2026-10-01 00:00:00;;0004
2025-01-27 00:00:00;Segunda;1.0;;;0021
2025-01-27 00:00:00;Segunda;1.0;;;0044
2025-01-28 00:00:00;Terça;1.0;;;0127
2025-01-28 00:00:00;Terça;1.0;;;0015
2025-01-28 00:00:00;Terça;2.0;10/15;;0010
2025-01-28 00:00:00;Terça;1.0;;;0024
2025-01-28 00:00:00;Terça;1.0;2026-10-02 00:00:00;;0005
2025-01-28 00:00:00;Terça;1.0;;;0072
2025-01-29 00:00:00;Quarta;1.0;;;0095
2025-01-29 00:00:00;Quarta;1.0;;;0033
2025-01-30 00:00:00;Quinta;1.0;1;;0129
2025-01-30 00:00:00;Quinta;1.0;;;0089
2025-01-31 00:00:00;Sexta;2.0;;;0050
2025-01-31 00:00:00;Sexta;1.0;;;0099
2025-01-31 00:00:00;Sexta;1.0;;;0044
2025-01-31 00:00:00;Sexta;1.0;;;0061
2025-01-31 00:00:00;Sexta;1.0;2026-10-03 00:00:00;;0005
2025-02-03 00:00:00;Segunda;1.0;;;0007
2025-02-03 00:00:00;Segunda;1.0;;;0021
2025-02-03 00:00:00;Segunda;1.0;;;0075
2025-02-03 00:00:00;Segunda;1.0;;;0044
2025-02-04 00:00:00;Terça;1.0;;;0089
2025-02-04 00:00:00;Terça;1.0;;;0127
2025-02-04 00:00:00;Terça;1.0;;;0015
2025-02-05 00:00:00;Quarta;1.0;;;0072
2025-02-05 00:00:00;Quarta;2.0;;;0075
2025-02-05 00:00:00;Quarta;1.0;2026-10-04 00:00:00;;0005
2025-02-05 00:00:00;Quarta;2.0;;;0120
2025-02-06 00:00:00;Quinta;1.0;;;0044
2025-02-06 00:00:00;Quinta;1.0;;;0024
2025-02-06 00:00:00;Quinta;1.0;;;0049
2025-02-06 00:00:00;Quinta;2.0;12/15;;0010
2025-02-06 00:00:00;Quinta;1.0;2;;0132
2025-02-06 00:00:00;Quinta;1.0;1;;0129
2025-02-07 00:00:00;Sexta;1.0;2026-10-05 00:00:00;;0005
2025-02-07 00:00:00;Sexta;1.0;;;0095
2025-02-08 00:00:00;Sábado;2.0;;;0050
2025-02-08 00:00:00;Sábado;2.0;;;0030
2025-02-08 00:00:00;Sábado;2.0;;;0044
2025-02-08 00:00:00;Sábado;1.0;;;0023
2025-02-10 00:00:00;Segunda;1.0;;;0024
2025-02-10 00:00:00;Segunda;1.0;;;0015
2025-02-10 00:00:00;Segunda;1.0;;;0033
2025-02-10 00:00:00;Segunda;1.0;;;0119
2025-02-10 00:00:00;Segunda;1.0;;;0089
2025-02-11 00:00:00;Terça;2.0;;;0061
2025-02-11 00:00:00;Terça;1.0;;;0126
2025-02-11 00:00:00;Terça;2.0;;;0099
2025-02-11 00:00:00;Terça;1.0;;;0118
2025-02-11 00:00:00;Terça;1.0;2026-10-06 00:00:00;;0005
2025-02-11 00:00:00;Terça;1.0;;;0007
2025-02-11 00:00:00;Terça;1.0;;;0044
2025-02-12 00:00:00;Quarta;1.0;;;0081
2025-02-12 00:00:00;Quarta;1.0;2026-10-02 00:00:00;;0004
2025-02-13 00:00:00;Quinta;2.0;15;;0010
2025-02-13 00:00:00;Quinta;1.0;;;0021
2025-02-14 00:00:00;Sexta;1.0;;;0119
2025-02-14 00:00:00;Sexta;1.0;;;0129
2025-02-14 00:00:00;Sexta;1.0;;;0025
2025-02-14 00:00:00;Sexta;1.0;;;0045
2025-02-14 00:00:00;Sexta;1.0;2026-10-07 00:00:00;;0005
2025-02-15 00:00:00;Sábado;2.0;;;0050
2025-02-15 00:00:00;Sábado;2.0;;;0075
2025-02-15 00:00:00;Sábado;1.0;;;0015
2025-02-15 00:00:00;Sábado;1.0;;;0044
2025-02-17 00:00:00;Segunda;1.0;2;;0129
2025-02-17 00:00:00;Segunda;1.0;;;0119
2025-02-17 00:00:00;Segunda;1.0;;;0089
2025-02-17 00:00:00;Segunda;1.0;;;0095
2025-02-17 00:00:00;Segunda;1.0;;;0044
2025-02-18 00:00:00;Terça;1.0;;;0075
2025-02-18 00:00:00;Terça;1.0;01/15;;0010
2025-02-19 00:00:00;Quarta;1.0;2026-10-08 00:00:00;;0005
2025-02-19 00:00:00;Quarta;1.0;1;;0132
2025-02-19 00:00:00;Quarta;1.0;;;0023
2025-02-19 00:00:00;Quarta;1.0;;;0007
2025-02-19 00:00:00;Quarta;1.0;;;0024
2025-02-20 00:00:00;Quinta;1.0;;;0127
2025-02-20 00:00:00;Quinta;2.0;;;0061
2025-02-20 00:00:00;Quinta;2.0;;;0120
2025-02-20 00:00:00;Quinta;1.0;;;0118
2025-02-21 00:00:00;Sexta;2.0;;;0099
2025-02-21 00:00:00;Sexta;1.0;;;0119
2025-02-21 00:00:00;Sexta;1.0;;;0033
2025-02-21 00:00:00;Sexta;1.0;;;0015
2025-02-22 00:00:00;Sábado;2.0;;;0078
2025-02-22 00:00:00;Sábado;1.0;;;0025
2025-02-22 00:00:00;Sábado;1.0;2026-10-09 00:00:00;;0005
2025-02-22 00:00:00;Sábado;1.0;;;0129
2025-02-24 00:00:00;Segunda;1.0;;;0024
2025-02-24 00:00:00;Segunda;1.0;;;0044
2025-02-24 00:00:00;Segunda;2.0;;;0050
2025-02-24 00:00:00;Segunda;2.0;;;0075
2025-02-25 00:00:00;Terça;1.0;;;0033
2025-02-25 00:00:00;Terça;1.0;2026-10-03 00:00:00;;0004
2025-02-26 00:00:00;Quarta;1.0;2026-10-01 00:00:00;;0005
2025-02-27 00:00:00;Quinta;1.0;;;0120
2025-02-27 00:00:00;Quinta;1.0;;;0089
2025-02-27 00:00:00;Quinta;1.0;;;0118
2025-02-28 00:00:00;Sexta;1.0;;;0015
2025-02-28 00:00:00;Sexta;1.0;;;0081
2025-02-28 00:00:00;Sexta;1.0;;;0095
2025-02-28 00:00:00;Sexta;2.0;13/15;;0010
2025-02-28 00:00:00;Sexta;1.0;1;;0129
2025-02-28 00:00:00;Sexta;1.0;2;;0132
2025-02-28 00:00:00;Sexta;1.0;;;0052
2025-02-28 00:00:00;Sexta;1.0;;;0072
2025-02-28 00:00:00;Sexta;1.0;;;0044
2025-02-28 00:00:00;Sexta;2.0;;;0080
2025-03-03 00:00:00;Segunda;1.0;;;0118
2025-03-03 00:00:00;Segunda;1.0;2;;0129
2025-03-05 00:00:00;Quarta;1.0;;;0129
2025-03-05 00:00:00;Quarta;2.0;;;0072
2025-03-05 00:00:00;Quarta;2.0;;;0050
2025-03-05 00:00:00;Quarta;1.0;;;0015
2025-03-05 00:00:00;Quarta;2.0;;;0075
2025-03-05 00:00:00;Quarta;1.0;2026-10-02 00:00:00;;0005
2025-03-05 00:00:00;Quarta;1.0;;;0007
2025-03-06 00:00:00;Quinta;1.0;;;0025
2025-03-06 00:00:00;Quinta;2.0;05/15;;0010
2025-03-06 00:00:00;Quinta;1.0;;;0024
2025-03-06 00:00:00;Quinta;1.0;;;0033
2025-03-07 00:00:00;Sexta;1.0;;;0095
2025-03-08 00:00:00;Sábado;1.0;2026-10-03 00:00:00;;0005
2025-03-08 00:00:00;Sábado;1.0;;;0099
2025-03-08 00:00:00;Sábado;1.0;2;;0129
2025-03-08 00:00:00;Sábado;1.0;;;0044
2025-03-10 00:00:00;Segunda;1.0;;;0127
2025-03-10 00:00:00;Segunda;1.0;;;0015
2025-03-11 00:00:00;Terça;1.0;1;;0129
2025-03-11 00:00:00;Terça;1.0;;;0060
2025-03-11 00:00:00;Terça;1.0;;;0044
2025-03-11 00:00:00;Terça;1.0;;;0089
2025-03-11 00:00:00;Terça;1.0;;;0021
2025-03-12 00:00:00;Quarta;1.0;;;0023
2025-03-12 00:00:00;Quarta;2.0;;;0078
2025-03-12 00:00:00;Quarta;1.0;2026-10-04 00:00:00;;0005
2025-03-12 00:00:00;Quarta;1.0;;;0044
2025-03-13 00:00:00;Quinta;2.0;;;0061
2025-03-13 00:00:00;Quinta;2.0;;;0030
2025-03-13 00:00:00;Quinta;1.0;;;0118
2025-03-13 00:00:00;Quinta;1.0;;;0049
2025-03-14 00:00:00;Sexta;1.0;;;0045
2025-03-14 00:00:00;Sexta;1.0;;;0025
2025-03-14 00:00:00;Sexta;1.0;2;;0129
2025-03-14 00:00:00;Sexta;2.0;;;0050
2025-03-14 00:00:00;Sexta;1.0;1;;0132
2025-03-14 00:00:00;Sexta;1.0;15;;0010
2025-03-14 00:00:00;Sexta;1.0;;;0134
2025-03-14 00:00:00;Sexta;;;;0072
2025-03-15 00:00:00;Sábado;1.0;;;0089
2025-03-15 00:00:00;Sábado;1.0;;;0099
2025-03-15 00:00:00;Sábado;1.0;;;0075
2025-03-15 00:00:00;Sábado;1.0;;;0024
2025-03-15 00:00:00;Sábado;1.0;;;0007
2025-03-18 00:00:00;Terça;2.0;;;0030
2025-03-18 00:00:00;Terça;2.0;;;0050
2025-03-18 00:00:00;Terça;1.0;;;0081
2025-03-18 00:00:00;Terça;2.0;;;0010
2025-03-18 00:00:00;Terça;2.0;;;0124
2025-03-18 00:00:00;Terça;1.0;2026-10-05 00:00:00;;0005
2025-03-18 00:00:00;Terça;1.0;2;;0129
2025-03-19 00:00:00;Quarta;1.0;;;0069
2025-03-19 00:00:00;Quarta;1.0;;;0071
2025-03-19 00:00:00;Quarta;1.0;;;0095
2025-03-20 00:00:00;Quinta;1.0;;;0024
2025-03-20 00:00:00;Quinta;1.0;;;0075
2025-03-20 00:00:00;Quinta;2.0;15;;0010
2025-03-20 00:00:00;Quinta;1.0;1;;0129
2025-03-20 00:00:00;Quinta;1.0;;;0118
2025-03-20 00:00:00;Quinta;1.0;2026-10-04 00:00:00;;0004
2025-03-20 00:00:00;Quinta;1.0;;;0044
2025-03-20 00:00:00;Quinta;1.0;;;0089
2025-03-21 00:00:00;Sexta;1.0;2026-10-06 00:00:00;;0005
2025-03-21 00:00:00;Sexta;2.0;;;0099
2025-03-24 00:00:00;Segunda;1.0;2;;0132
2025-03-24 00:00:00;Segunda;1.0;2026-04-02 00:00:00;;0129
2025-03-24 00:00:00;Segunda;1.0;;;0127
2025-03-25 00:00:00;Terça;1.0;;;0007
2025-03-25 00:00:00;Terça;1.0;;;0076
2025-03-25 00:00:00;Terça;1.0;;;0086
2025-03-25 00:00:00;Terça;1.0;;;0033
2025-03-26 00:00:00;Quarta;1.0;2026-10-07 00:00:00;;0005
2025-03-26 00:00:00;Quarta;1.0;;;0083
2025-03-27 00:00:00;Quinta;1.0;;;0075
2025-03-27 00:00:00;Quinta;2.0;;;0097
2025-03-27 00:00:00;Quinta;1.0;;;0038
2025-03-27 00:00:00;Quinta;1.0;;;0095
2025-03-28 00:00:00;Sexta;1.0;;;0118
2025-03-28 00:00:00;Sexta;1.0;;;0044
2025-03-28 00:00:00;Sexta;2.0;;;0072
2025-03-28 00:00:00;Sexta;1.0;;;0089
2025-03-28 00:00:00;Sexta;2.0;2026-05-02 00:00:00;;0120
2025-03-28 00:00:00;Sexta;1.0;2026-10-08 00:00:00;;0005
2025-03-29 00:00:00;Sábado;1.0;;;0069
2025-03-29 00:00:00;Sábado;1.0;;;0075
2025-03-29 00:00:00;Sábado;2.0;;;0099
2025-03-29 00:00:00;Sábado;2.0;;;0078
2025-03-29 00:00:00;Sábado;1.0;2026-02-02 00:00:00;;0129
2025-03-29 00:00:00;Sábado;2.0;;;0030
2025-03-31 00:00:00;Segunda;2.0;;;0061
2025-03-31 00:00:00;Segunda;1.0;;;0069
2025-03-31 00:00:00;Segunda;1.0;;;0024
2025-04-01 00:00:00;Terça;1.0;2026-03-01 00:00:00;;0007
2025-04-01 00:00:00;Terça;1.0;;;0081
2025-04-01 00:00:00;Terça;1.0;2026-02-01 00:00:00;;0129
2025-04-01 00:00:00;Terça;1.0;;;0069
2025-04-01 00:00:00;Terça;1.0;11;;0005
2025-04-02 00:00:00;Quarta;1.0;;;0044
2025-04-02 00:00:00;Quarta;2.0;15;;0010
2025-04-02 00:00:00;Quarta;1.0;;;0069
2025-04-02 00:00:00;Quarta;1.0;1;;0132
2025-04-02 00:00:00;Quarta;1.0;;;0089
2025-04-02 00:00:00;Quarta;1.0;;;0086
2025-04-03 00:00:00;Quinta;1.0;;;0127
2025-04-03 00:00:00;Quinta;2.0;;;0068
2025-04-03 00:00:00;Quinta;1.0;;;0015
2025-04-04 00:00:00;Sexta;1.0;;;0118
2025-04-04 00:00:00;Sexta;1.0;2;;0129
2025-04-04 00:00:00;Sexta;1.0;;;0044
2025-04-04 00:00:00;Sexta;1.0;10;;0005
2025-04-05 00:00:00;Sábado;2.0;;;0078
2025-04-05 00:00:00;Sábado;1.0;;;0075
2025-04-05 00:00:00;Sábado;1.0;1;;0132
2025-04-07 00:00:00;Segunda;1.0;;;0069
2025-04-07 00:00:00;Segunda;1.0;2026-03-02 00:00:00;;0007
2025-04-07 00:00:00;Segunda;1.0;1;;0129
2025-04-07 00:00:00;Segunda;1.0;;;0025
2025-04-07 00:00:00;Segunda;1.0;;;0095
2025-04-07 00:00:00;Segunda;2.0;;;0030
2025-04-08 00:00:00;Terça;1.0;;;0075
2025-04-08 00:00:00;Terça;2.0;;;0024
2025-04-08 00:00:00;Terça;1.0;;;0015
2025-04-08 00:00:00;Terça;2.0;;;0050
2025-04-08 00:00:00;Terça;2.0;;;0027
2025-04-08 00:00:00;Terça;1.0;2026-10-01 00:00:00;;0005
2025-04-08 00:00:00;Terça;1.0;;;0061
2025-04-08 00:00:00;Terça;1.0;;;0089
2025-04-09 00:00:00;Quarta;2.0;;;0072
2025-04-09 00:00:00;Quarta;1.0;;;0021
2025-04-09 00:00:00;Quarta;2.0;2026-10-05 00:00:00;;0010
2025-04-10 00:00:00;Quinta;1.0;;;0017
2025-04-10 00:00:00;Quinta;1.0;;;0044
2025-04-10 00:00:00;Quinta;1.0;;;0052
2025-04-10 00:00:00;Quinta;1.0;2;;0129
2025-04-10 00:00:00;Quinta;2.0;;;0120
2025-04-11 00:00:00;Sexta;1.0;;;0075
2025-04-11 00:00:00;Sexta;1.0;;;0119
2025-04-11 00:00:00;Sexta;2.0;;;0030
2025-04-11 00:00:00;Sexta;2.0;;;0014
2025-04-14 00:00:00;Segunda;2.0;07/15;;0010
2025-04-14 00:00:00;Segunda;1.0;;;0075
2025-04-14 00:00:00;Segunda;2.0;;;0132
2025-04-14 00:00:00;Segunda;1.0;1;;0129
2025-04-14 00:00:00;Segunda;2.0;;;0050
2025-04-14 00:00:00;Segunda;1.0;;;0033
2025-04-15 00:00:00;Terça;1.0;2026-10-05 00:00:00;;0004
2025-04-15 00:00:00;Terça;1.0;;;0023
2025-04-15 00:00:00;Terça;1.0;2026-10-03 00:00:00;;0005
2025-04-16 00:00:00;Quarta;1.0;;;0069
2025-04-16 00:00:00;Quarta;2.0;10/15;;0010
2025-04-16 00:00:00;Quarta;1.0;;;0081
2025-04-17 00:00:00;Quinta;2.0;;;0024
2025-04-17 00:00:00;Quinta;2.0;;;0075
2025-04-17 00:00:00;Quinta;1.0;;;0095
2025-04-17 00:00:00;Quinta;2.0;;;0099
2025-04-17 00:00:00;Quinta;1.0;;;0025
2025-04-17 00:00:00;Quinta;2.0;;;0078
2025-04-17 00:00:00;Quinta;1.0;;;0129
2025-04-17 00:00:00;Quinta;1.0;;;0069
2025-04-17 00:00:00;Quinta;1.0;;;0021
2025-04-17 00:00:00;Quinta;2.0;;;0061
2025-04-22 00:00:00;Terça;1.0;;;0134
2025-04-22 00:00:00;Terça;1.0;1;;0129
2025-04-22 00:00:00;Terça;2.0;;;0072
2025-04-22 00:00:00;Terça;1.0;;;0049
2025-04-22 00:00:00;Terça;1.0;;;0127
2025-04-22 00:00:00;Terça;1.0;;;0038
2025-04-22 00:00:00;Terça;1.0;;;0005
2025-04-23 00:00:00;Quarta;1.0;;;0052
2025-04-23 00:00:00;Quarta;2.0;;;0017
2025-04-23 00:00:00;Quarta;1.0;;;0069
2025-04-23 00:00:00;Quarta;1.0;;;0075
2025-04-24 00:00:00;Quinta;1.0;2026-10-05 00:00:00;;0005
2025-04-25 00:00:00;Sexta;1.0;;;0023
2025-04-25 00:00:00;Sexta;1.0;;;0033
2025-04-25 00:00:00;Sexta;1.0;;;0052
2025-04-25 00:00:00;Sexta;2.0;;;0050
2025-04-25 00:00:00;Sexta;2.0;15;;0010
2025-04-25 00:00:00;Sexta;2.0;;;0007
2025-04-25 00:00:00;Sexta;1.0;;;0025
2025-04-26 00:00:00;Sábado;1.0;;;0082
2025-04-26 00:00:00;Sábado;1.0;;;0075
2025-04-26 00:00:00;Sábado;1.0;;;0097
2025-04-26 00:00:00;Sábado;1.0;2;;0129
2025-04-26 00:00:00;Sábado;1.0;;;0038
2025-04-26 00:00:00;Sábado;2.0;;;0021
2025-04-28 00:00:00;Segunda;1.0;2;;0132
2025-04-28 00:00:00;Segunda;1.0;;;0095
2025-04-28 00:00:00;Segunda;1.0;;;0015
2025-04-28 00:00:00;Segunda;1.0;2026-10-06 00:00:00;;0005
2025-04-29 00:00:00;Terça;1.0;1;;0129
2025-04-29 00:00:00;Terça;1.0;;;0044
2025-04-30 00:00:00;Quarta;2.0;;;0061
2025-04-30 00:00:00;Quarta;2.0;;;0050
2025-04-30 00:00:00;Quarta;1.0;;;0118
2025-04-30 00:00:00;Quarta;1.0;;;0075
2025-04-30 00:00:00;Quarta;1.0;;;0024
2025-05-01 00:00:00;Quinta;2.0;;;0078
2025-05-01 00:00:00;Quinta;1.0;;;0017
2025-05-01 00:00:00;Quinta;1.0;;;0134
2025-05-02 00:00:00;Sexta;1.0;;;0007
2025-05-02 00:00:00;Sexta;1.0;;;0044
2025-05-02 00:00:00;Sexta;1.0;2026-10-07 00:00:00;;0005
2025-05-02 00:00:00;Sexta;1.0;;;0045
2025-05-02 00:00:00;Sexta;2.0;;;0030
2025-05-02 00:00:00;Sexta;1.0;;;0081
2025-05-02 00:00:00;Sexta;2.0;;;0099
2025-05-02 00:00:00;Sexta;1.0;2;;0129
2025-05-05 00:00:00;Segunda;1.0;;;0044
2025-05-06 00:00:00;Terça;1.0;;;0038
2025-05-06 00:00:00;Terça;1.0;;;0033
2025-05-06 00:00:00;Terça;1.0;;;0034
2025-05-06 00:00:00;Terça;2.0;;;0078
2025-05-06 00:00:00;Terça;1.0;2026-10-08 00:00:00;;0005
2025-05-06 00:00:00;Terça;1.0;;;0076
2025-05-06 00:00:00;Terça;1.0;;;0023
2025-05-06 00:00:00;Terça;1.0;1;;0129
2025-05-07 00:00:00;Quarta;2.0;04/15;;0010
2025-05-07 00:00:00;Quarta;1.0;;;0015
2025-05-07 00:00:00;Quarta;2.0;;;0120
2025-05-08 00:00:00;Quinta;1.0;;;0007
2025-05-08 00:00:00;Quinta;2.0;;;0124
2025-05-08 00:00:00;Quinta;1.0;;;0044
2025-05-08 00:00:00;Quinta;1.0;2026-10-06 00:00:00;;0004
2025-05-09 00:00:00;Sexta;1.0;10;;0005
2025-05-09 00:00:00;Sexta;1.0;;;0010
2025-05-09 00:00:00;Sexta;1.0;;;0118
2025-05-09 00:00:00;Sexta;2.0;;;0072
2025-05-10 00:00:00;Sábado;2.0;;;0030
2025-05-10 00:00:00;Sábado;1.0;;;0027
2025-05-10 00:00:00;Sábado;2.0;;;0021
2025-05-12 00:00:00;Segunda;2.0;;;0061
2025-05-12 00:00:00;Segunda;1.0;;;0134
2025-05-12 00:00:00;Segunda;2.0;;;0050
2025-05-12 00:00:00;Segunda;1.0;;;0044
2025-05-13 00:00:00;Terça;1.0;1;;0132
2025-05-13 00:00:00;Terça;1.0;;;0007
2025-05-13 00:00:00;Terça;1.0;2026-10-01 00:00:00;;0005
2025-05-14 00:00:00;Quarta;2.0;;;0024
2025-05-15 00:00:00;Quinta;1.0;1;;0129
2025-05-15 00:00:00;Quinta;1.0;;;0015
2025-05-16 00:00:00;Sexta;1.0;;;0023
2025-05-16 00:00:00;Sexta;1.0;;;0134
2025-05-16 00:00:00;Sexta;1.0;;;0023
2025-05-16 00:00:00;Sexta;1.0;;1 vaso;0036
2025-05-16 00:00:00;Sexta;1.0;;;0075
2025-05-17 00:00:00;Sábado;1.0;;;0075
2025-05-17 00:00:00;Sábado;1.0;;;0044
2025-05-19 00:00:00;Segunda;2.0;;;0050
2025-05-19 00:00:00;Segunda;1.0;;;0081
2025-05-19 00:00:00;Segunda;1.0;;;0118
2025-05-19 00:00:00;Segunda;1.0;;;0038
2025-05-19 00:00:00;Segunda;1.0;2;;0129
2025-05-19 00:00:00;Segunda;1.0;;;0010
2025-05-20 00:00:00;Terça;1.0;;;0007
2025-05-21 00:00:00;Quarta;1.0;;;0134
2025-05-21 00:00:00;Quarta;1.0;;;0075
2025-05-22 00:00:00;Quinta;1.0;1;;0129
2025-05-22 00:00:00;Quinta;1.0;;;0101
2025-05-26 00:00:00;Segunda;1.0;;;0025
2025-05-26 00:00:00;Segunda;2.0;;;0050
2025-05-26 00:00:00;Segunda;3.0;;;0030
2025-05-26 00:00:00;Segunda;1.0;;;0127
2025-05-26 00:00:00;Segunda;1.0;;;0007
2025-05-26 00:00:00;Segunda;1.0;2026-10-04 00:00:00;;0005
2025-05-26 00:00:00;Segunda;1.0;;;0044
2025-05-27 00:00:00;Terça;2.0;10/15;;0010
2025-05-27 00:00:00;Terça;1.0;;;0036
2025-05-27 00:00:00;Terça;1.0;;;0014
2025-05-27 00:00:00;Terça;1.0;2;;0129
2025-05-28 00:00:00;Quarta;1.0;2;;0132
2025-05-28 00:00:00;Quarta;1.0;;;0118
2025-05-28 00:00:00;Quarta;2.0;;;0072
2025-05-28 00:00:00;Quarta;2.0;;;0078
2025-05-28 00:00:00;Quarta;1.0;2026-10-05 00:00:00;;0005
2025-05-29 00:00:00;Quinta;2.0;15;;0010
2025-05-30 00:00:00;Sexta;1.0;;;0033
2025-05-30 00:00:00;Sexta;1.0;;;0044
2025-05-30 00:00:00;Sexta;2.0;;;0050
2025-05-30 00:00:00;Sexta;1.0;;;0038
2025-05-30 00:00:00;Sexta;1.0;;;0075
2025-06-02 00:00:00;Segunda;1.0;;;0134
2025-06-02 00:00:00;Segunda;1.0;;;0081
2025-06-02 00:00:00;Segunda;1.0;2026-10-06 00:00:00;;0005
2025-06-02 00:00:00;Segunda;1.0;;;0075
2025-06-04 00:00:00;Terça;1.0;;;0007
2025-06-04 00:00:00;Terça;1.0;2026-10-07 00:00:00;;0004
2025-06-04 00:00:00;Terça;1.0;;;0044
2025-06-04 00:00:00;Quarta;1.0;;;0036
2025-06-04 00:00:00;Quarta;2.0;;;0061
2025-06-05 00:00:00;Quinta;1.0;2026-10-07 00:00:00;;0005
2025-06-06 00:00:00;Sexta;2.0;;;0061
2025-06-07 00:00:00;Sábado;2.0;;;0050
2025-06-07 00:00:00;Sábado;2.0;;;0030
2025-06-07 00:00:00;Sábado;1.0;;;0099
2025-06-07 00:00:00;Sábado;1.0;;;0015
2025-06-07 00:00:00;Sábado;1.0;;;0025
2025-06-09 00:00:00;Segunda;1.0;;;0069
2025-06-09 00:00:00;Segunda;2.0;;;0120
2025-06-09 00:00:00;Segunda;1.0;;;0024
2025-06-09 00:00:00;Segunda;1.0;;;0044
2025-06-09 00:00:00;Segunda;2.0;02/15;;0010
2025-06-09 00:00:00;Segunda;1.0;2026-10-08 00:00:00;;0005
2025-06-09 00:00:00;Segunda;1.0;;;0075
2025-06-10 00:00:00;Terça;2.0;;;0061
2025-06-10 00:00:00;Terça;1.0;;;0014
2025-06-10 00:00:00;Terça;1.0;;;0095
2025-06-11 00:00:00;Quarta;1.0;2;;0129
2025-06-11 00:00:00;Quarta;1.0;;;0033
2025-06-11 00:00:00;Quarta;1.0;;;0118
2025-06-11 00:00:00;Quarta;1.0;;;0007
2025-06-11 00:00:00;Quarta;1.0;;;0067
2025-06-11 00:00:00;Quarta;1.0;;;0044
2025-06-12 00:00:00;Quinta;1.0;2;;0132
2025-06-12 00:00:00;Quinta;1.0;11;;0005
2025-06-12 00:00:00;Quinta;1.0;;;0134
2025-06-12 00:00:00;Quinta;2.0;;;0050
2025-06-13 00:00:00;Sexta;1.0;;;0036
2025-06-16 00:00:00;Segunda;1.0;1;;0129
2025-06-16 00:00:00;Segunda;2.0;;;0117
2025-06-16 00:00:00;Segunda;1.0;;;0103
2025-06-16 00:00:00;Segunda;1.0;;;0015
2025-06-17 00:00:00;Terça;1.0;10;;0005
2025-06-17 00:00:00;Terça;1.0;;;0044
2025-06-17 00:00:00;Terça;2.0;;;0060
2025-06-17 00:00:00;Terça;2.0;;;0099
2025-06-18 00:00:00;Quarta;1.0;;;0134
2025-06-18 00:00:00;Quarta;2.0;;;0072
2025-06-18 00:00:00;Quarta;1.0;;;0044
2025-06-18 00:00:00;Quarta;2.0;;;0099
2025-06-18 00:00:00;Quarta;2.0;2;;0129
2025-06-18 00:00:00;Quarta;1.0;;;0095
2025-06-18 00:00:00;Quarta;1.0;;;0097
2025-06-20 00:00:00;Sexta;1.0;;;0025
2025-06-20 00:00:00;Sexta;1.0;;;0075
2025-06-20 00:00:00;Sexta;1.0;2026-10-01 00:00:00;;0005
2025-06-21 00:00:00;Sábado;1.0;;;0025
2025-06-21 00:00:00;Sábado;1.0;;;0021
2025-06-21 00:00:00;Sábado;2.0;;;0030
2025-06-23 00:00:00;Segunda;2.0;;;0120
2025-06-23 00:00:00;Segunda;1.0;;;0134
2025-06-23 00:00:00;Segunda;2.0;;;0050
2025-06-23 00:00:00;Segunda;1.0;1;;0129
2025-06-23 00:00:00;Segunda;1.0;;;0061
2025-06-25 00:00:00;Quarta;1.0;01/15;;0010
2025-06-25 00:00:00;Quarta;1.0;;;0075
2025-06-25 00:00:00;Quarta;1.0;2026-10-02 00:00:00;;0005
2025-06-27 00:00:00;Sexta;1.0;;;0015
2025-06-27 00:00:00;Sexta;1.0;2;;0129
2025-06-27 00:00:00;Sexta;1.0;2026-10-08 00:00:00;;0004
2025-07-01 00:00:00;Terça;1.0;;;0117
2025-07-01 00:00:00;Terça;1.0;;;0127
2025-07-01 00:00:00;Terça;2.0;;;0050
2025-07-01 00:00:00;Terça;2.0;;;0038
2025-07-01 00:00:00;Terça;1.0;;;0095
2025-07-01 00:00:00;Terça;2.0;;;0061
2025-07-01 00:00:00;Terça;1.0;2026-10-03 00:00:00;;0005
2025-07-01 00:00:00;Terça;1.0;;;0134
2025-07-01 00:00:00;Terça;1.0;1;;0129
2025-07-01 00:00:00;Terça;1.0;;;0025
2025-07-02 00:00:00;Quarta;2.0;;;0124
2025-07-02 00:00:00;Quarta;1.0;;;0132
2025-07-02 00:00:00;Quarta;1.0;;;0099
2025-07-03 00:00:00;Quinta;2.0;;;0072
2025-07-03 00:00:00;Quinta;1.0;09/15;;0010
2025-07-04 00:00:00;Sexta;1.0;2026-10-04 00:00:00;;0005
2025-07-04 00:00:00;Sexta;2.0;;;0075
2025-07-04 00:00:00;Sexta;1.0;;;0044
2025-07-04 00:00:00;Sexta;2.0;;;0021
2025-07-04 00:00:00;Sexta;1.0;;;0069
2025-07-04 00:00:00;Sexta;1.0;;;0045
2025-07-09 00:00:00;Quarta;1.0;;;0007
2025-07-09 00:00:00;Quarta;1.0;;;0099
2025-07-09 00:00:00;Quarta;1.0;;;0037
2025-07-09 00:00:00;Quarta;1.0;1;;0129
2025-07-09 00:00:00;Quarta;1.0;;;0023
2025-07-09 00:00:00;Quarta;1.0;;;0118
2025-07-09 00:00:00;Quarta;1.0;2026-10-05 00:00:00;;0005
2025-07-14 00:00:00;Segunda;1.0;;;0069
2025-07-14 00:00:00;Segunda;2.0;;;0050
2025-07-14 00:00:00;Segunda;1.0;;;0127
2025-07-14 00:00:00;Segunda;2.0;;;0120
2025-07-14 00:00:00;Segunda;1.0;;;0044
2025-07-16 00:00:00;Terça;2.0;;;0061
2025-07-16 00:00:00;Terça;1.0;;;0099
2025-07-17 00:00:00;Quarta;1.0;;;0007
2025-07-17 00:00:00;Quarta;1.0;;;0044
2025-07-17 00:00:00;Quarta;2.0;;;0038
2025-07-17 00:00:00;Quarta;1.0;;;0095
2025-07-17 00:00:00;Quarta;1.0;;;0015
2025-07-17 00:00:00;Quarta;1.0;;;0036
2025-07-17 00:00:00;Quarta;1.0;;;0033
2025-07-17 00:00:00;Quarta;1.0;;;0010
2025-07-18 00:00:00;Quinta;1.0;;;0134
2025-07-18 00:00:00;Quinta;1.0;2026-10-07 00:00:00;;0005
2025-07-19 00:00:00;Sexta;1.0;1;;0129
2025-07-20 00:00:00;Sábado;2.0;;;0072
2025-07-20 00:00:00;Sábado;2.0;;;0050
2025-07-20 00:00:00;Sábado;2.0;;;0078
2025-07-20 00:00:00;Sábado;2.0;;;0030
2025-07-20 00:00:00;Sábado;1.0;;;0044
2025-07-21 00:00:00;Segunda;1.0;2;;0129
2025-07-21 00:00:00;Segunda;1.0;;;0038
2025-07-21 00:00:00;Segunda;1.0;;;0099
2025-07-22 00:00:00;Terça;2.0;15;;0010
2025-07-22 00:00:00;Terça;1.0;;;0134
2025-07-22 00:00:00;Terça;1.0;;;0025
2025-07-22 00:00:00;Terça;1.0;2026-10-08 00:00:00;;0005
2025-07-22 00:00:00;Terça;1.0;2026-10-08 00:00:00;;0004
2025-07-23 00:00:00;Quarta;1.0;;;0007
2025-07-23 00:00:00;Quarta;1.0;;;0015
2025-07-23 00:00:00;Quarta;1.0;;;0118
2025-07-23 00:00:00;Quarta;1.0;;;0021
2025-07-24 00:00:00;Quinta;1.0;1;;0132
2025-07-24 00:00:00;Quinta;1.0;;;0075
2025-07-24 00:00:00;Quinta;1.0;1;;0129
2025-07-28 00:00:00;Segunda;1.0;;;0127
2025-07-28 00:00:00;Segunda;1.0;;;0081
2025-07-29 00:00:00;Terça;2.0;;;0120
2025-07-29 00:00:00;Terça;1.0;;;0134
2025-07-29 00:00:00;Terça;2.0;;;0061
2025-07-29 00:00:00;Terça;1.0;;;0075
2025-07-29 00:00:00;Terça;1.0;2026-10-01 00:00:00;;0005
2025-07-30 00:00:00;Quarta;1.0;;;0044
2025-07-31 00:00:00;Quinta;2.0;;;0050
2025-07-31 00:00:00;Quinta;1.0;;;0015
2025-07-31 00:00:00;Quinta;1.0;;;0045
2025-08-01 00:00:00;Sexta;1.0;2026-10-02 00:00:00;;0005
2025-08-04 00:00:00;Segunda;1.0;;;0036
2025-08-04 00:00:00;Segunda;1.0;1;;0129
2025-08-04 00:00:00;Segunda;1.0;;;0044
2025-08-05 00:00:00;Terça;1.0;;;0075
2025-08-05 00:00:00;Terça;1.0;;;0118
2025-08-05 00:00:00;Terça;2.0;;;0021
2025-08-06 00:00:00;Quarta;1.0;2026-10-03 00:00:00;;0005
2025-08-08 00:00:00;Sexta;1.0;;;0015
2025-08-08 00:00:00;Sexta;1.0;;;0099
2025-08-08 00:00:00;Sexta;1.0;2;;0129
2025-08-08 00:00:00;Sexta;2.0;15;;0010
2025-08-11 00:00:00;Segunda;2.0;;;0050
2025-08-11 00:00:00;Segunda;1.0;;;0127
2025-08-11 00:00:00;Segunda;2.0;;;0061
2025-08-13 00:00:00;Quarta;1.0;1;;0129
2025-08-13 00:00:00;Quarta;1.0;;;0036
2025-08-13 00:00:00;Quarta;1.0;;;0075
2025-08-13 00:00:00;Quarta;2.0;;;0078
2025-08-13 00:00:00;Quarta;1.0;2026-10-05 00:00:00;;0005
2025-08-13 00:00:00;Quarta;1.0;2026-10-10 00:00:00;;0004
2025-08-13 00:00:00;Quarta;1.0;2;;0132
2025-08-13 00:00:00;Quarta;1.0;;;0038
2025-08-13 00:00:00;Quarta;1.0;;;0044
2025-08-14 00:00:00;Quinta;2.0;;;0035
2025-08-14 00:00:00;Quinta;2.0;;;0078
2025-08-14 00:00:00;Quinta;1.0;;;0081
2025-08-14 00:00:00;Quinta;2.0;02/15;;0010
2025-08-14 00:00:00;Quinta;2.0;;;0050
2025-08-16 00:00:00;Sábado;1.0;;;0007
2025-08-16 00:00:00;Sábado;2.0;;;0120
2025-08-16 00:00:00;Sábado;1.0;;;0025
2025-08-16 00:00:00;Sábado;1.0;;;0023
2025-08-16 00:00:00;Sábado;1.0;2;;0129
2025-08-18 00:00:00;Segunda;1.0;;;0037
2025-08-18 00:00:00;Segunda;1.0;;;0015
2025-08-18 00:00:00;Segunda;1.0;;;0039
2025-08-18 00:00:00;Segunda;1.0;2026-10-06 00:00:00;;0005
2025-08-19 00:00:00;Terça;2.0;;;0050
2025-08-20 00:00:00;Quarta;1.0;;;0024
2025-08-20 00:00:00;Quarta;2.0;;;0072
2025-08-20 00:00:00;Quarta;1.0;;;0134
2025-08-21 00:00:00;Quinta;1.0;;;0118
2025-08-21 00:00:00;Quinta;1.0;;;0099
